  0
SECTION
  2
HEADER
  9
$ACADVER
  1
AC1015
  9
$ACADMAINTVER
 70
6
  9
$DWGCODEPAGE
  3
ANSI_1254
  9
$INSBASE
 10
0.0
 20
0.0
 30
0.0
  9
$EXTMIN
 10
1e+20
 20
1e+20
 30
1e+20
  9
$EXTMAX
 10
-1e+20
 20
-1e+20
 30
-1e+20
  9
$LIMMIN
 10
0.0
 20
0.0
  9
$LIMMAX
 10
420.0
 20
297.0
  9
$ORTHOMODE
 70
0
  9
$REGENMODE
 70
1
  9
$FILLMODE
 70
1
  9
$QTEXTMODE
 70
0
  9
$MIRRTEXT
 70
1
  9
$LTSCALE
 40
6.0
  9
$ATTMODE
 70
1
  9
$TEXTSIZE
 40
2.5
  9
$TRACEWID
 40
1.0
  9
$TEXTSTYLE
  7
OpenSans
  9
$CLAYER
  8
0
  9
$CELTYPE
  6
ByLayer
  9
$CECOLOR
 62
256
  9
$CELTSCALE
 40
1.0
  9
$DISPSILH
 70
0
  9
$DIMSCALE
 40
1.0
  9
$DIMASZ
 40
0.175
  9
$DIMEXO
 40
0.125
  9
$DIMDLI
 40
3.75
  9
$DIMRND
 40
0.0
  9
$DIMDLE
 40
0.0
  9
$DIMEXE
 40
0.375
  9
$DIMTP
 40
0.0
  9
$DIMTM
 40
0.0
  9
$DIMTXT
 40
0.25
  9
$DIMCEN
 40
2.5
  9
$DIMTSZ
 40
0.0
  9
$DIMTOL
 70
0
  9
$DIMLIM
 70
0
  9
$DIMTIH
 70
0
  9
$DIMTOH
 70
0
  9
$DIMSE1
 70
0
  9
$DIMSE2
 70
0
  9
$DIMTAD
 70
1
  9
$DIMZIN
 70
12
  9
$DIMBLK
  1
ARCHTICK
  9
$DIMASO
 70
1
  9
$DIMSHO
 70
1
  9
$DIMPOST
  1

  9
$DIMAPOST
  1

  9
$DIMALT
 70
0
  9
$DIMALTD
 70
3
  9
$DIMALTF
 40
0.03937007874
  9
$DIMLFAC
 40
100.0
  9
$DIMTOFL
 70
1
  9
$DIMTVP
 40
0.0
  9
$DIMTIX
 70
0
  9
$DIMSOXD
 70
0
  9
$DIMSAH
 70
0
  9
$DIMBLK1
  1

  9
$DIMBLK2
  1

  9
$DIMSTYLE
  2
EZDXF
  9
$DIMCLRD
 70
0
  9
$DIMCLRE
 70
0
  9
$DIMCLRT
 70
0
  9
$DIMTFAC
 40
0.5
  9
$DIMGAP
 40
0.1
  9
$DIMJUST
 70
0
  9
$DIMSD1
 70
0
  9
$DIMSD2
 70
0
  9
$DIMTOLJ
 70
0
  9
$DIMTZIN
 70
8
  9
$DIMALTZ
 70
0
  9
$DIMALTTZ
 70
0
  9
$DIMUPT
 70
1
  9
$DIMDEC
 70
2
  9
$DIMTDEC
 70
2
  9
$DIMALTU
 70
2
  9
$DIMALTTD
 70
3
  9
$DIMTXSTY
  7
OpenSansCondensed-Light
  9
$DIMAUNIT
 70
0
  9
$DIMADEC
 70
2
  9
$DIMALTRND
 40
0.0
  9
$DIMAZIN
 70
3
  9
$DIMDSEP
 70
46
  9
$DIMATFIT
 70
3
  9
$DIMFRAC
 70
0
  9
$DIMLDRBLK
  1

  9
$DIMLUNIT
 70
2
  9
$DIMLWD
 70
-2
  9
$DIMLWE
 70
-2
  9
$DIMTMOVE
 70
2
  9
$LUNITS
 70
2
  9
$LUPREC
 70
4
  9
$SKETCHINC
 40
1.0
  9
$FILLETRAD
 40
10.0
  9
$AUNITS
 70
0
  9
$AUPREC
 70
2
  9
$MENU
  1
.
  9
$ELEVATION
 40
0.0
  9
$PELEVATION
 40
0.0
  9
$THICKNESS
 40
0.0
  9
$LIMCHECK
 70
0
  9
$CHAMFERA
 40
0.0
  9
$CHAMFERB
 40
0.0
  9
$CHAMFERC
 40
0.0
  9
$CHAMFERD
 40
0.0
  9
$SKPOLY
 70
0
  9
$TDCREATE
 40
2461323.929085648
  9
$TDUCREATE
 40
2458532.153996898
  9
$TDUPDATE
 40
2461323.929085648
  9
$TDUUPDATE
 40
2458532.1544311
  9
$TDINDWG
 40
0.0
  9
$TDUSRTIMER
 40
0.0
  9
$USRTIMER
 70
1
  9
$ANGBASE
 50
0.0
  9
$ANGDIR
 70
0
  9
$PDMODE
 70
0
  9
$PDSIZE
 40
0.0
  9
$PLINEWID
 40
0.0
  9
$SPLFRAME
 70
0
  9
$SPLINETYPE
 70
6
  9
$SPLINESEGS
 70
8
  9
$HANDSEED
  5
1251
  9
$SURFTAB1
 70
6
  9
$SURFTAB2
 70
6
  9
$SURFTYPE
 70
6
  9
$SURFU
 70
6
  9
$SURFV
 70
6
  9
$UCSBASE
  2

  9
$UCSNAME
  2

  9
$UCSORG
 10
0.0
 20
0.0
 30
0.0
  9
$UCSXDIR
 10
1.0
 20
0.0
 30
0.0
  9
$UCSYDIR
 10
0.0
 20
1.0
 30
0.0
  9
$UCSORTHOREF
  2

  9
$UCSORTHOVIEW
 70
0
  9
$UCSORGTOP
 10
0.0
 20
0.0
 30
0.0
  9
$UCSORGBOTTOM
 10
0.0
 20
0.0
 30
0.0
  9
$UCSORGLEFT
 10
0.0
 20
0.0
 30
0.0
  9
$UCSORGRIGHT
 10
0.0
 20
0.0
 30
0.0
  9
$UCSORGFRONT
 10
0.0
 20
0.0
 30
0.0
  9
$UCSORGBACK
 10
0.0
 20
0.0
 30
0.0
  9
$PUCSBASE
  2

  9
$PUCSNAME
  2

  9
$PUCSORG
 10
0.0
 20
0.0
 30
0.0
  9
$PUCSXDIR
 10
1.0
 20
0.0
 30
0.0
  9
$PUCSYDIR
 10
0.0
 20
1.0
 30
0.0
  9
$PUCSORTHOREF
  2

  9
$PUCSORTHOVIEW
 70
0
  9
$PUCSORGTOP
 10
0.0
 20
0.0
 30
0.0
  9
$PUCSORGBOTTOM
 10
0.0
 20
0.0
 30
0.0
  9
$PUCSORGLEFT
 10
0.0
 20
0.0
 30
0.0
  9
$PUCSORGRIGHT
 10
0.0
 20
0.0
 30
0.0
  9
$PUCSORGFRONT
 10
0.0
 20
0.0
 30
0.0
  9
$PUCSORGBACK
 10
0.0
 20
0.0
 30
0.0
  9
$USERI1
 70
0
  9
$USERI2
 70
0
  9
$USERI3
 70
0
  9
$USERI4
 70
0
  9
$USERI5
 70
0
  9
$USERR1
 40
0.0
  9
$USERR2
 40
0.0
  9
$USERR3
 40
0.0
  9
$USERR4
 40
0.0
  9
$USERR5
 40
0.0
  9
$WORLDVIEW
 70
1
  9
$SHADEDGE
 70
3
  9
$SHADEDIF
 70
70
  9
$TILEMODE
 70
1
  9
$MAXACTVP
 70
64
  9
$PINSBASE
 10
0.0
 20
0.0
 30
0.0
  9
$PLIMCHECK
 70
0
  9
$PEXTMIN
 10
1e+20
 20
1e+20
 30
1e+20
  9
$PEXTMAX
 10
-1e+20
 20
-1e+20
 30
-1e+20
  9
$PLIMMIN
 10
0.0
 20
0.0
  9
$PLIMMAX
 10
420.0
 20
297.0
  9
$UNITMODE
 70
0
  9
$VISRETAIN
 70
1
  9
$PLINEGEN
 70
0
  9
$PSLTSCALE
 70
0
  9
$TREEDEPTH
 70
3020
  9
$CMLSTYLE
  2
Standard
  9
$CMLJUST
 70
0
  9
$CMLSCALE
 40
20.0
  9
$PROXYGRAPHICS
 70
1
  9
$MEASUREMENT
 70
1
  9
$CELWEIGHT
370
-1
  9
$ENDCAPS
280
0
  9
$JOINSTYLE
280
0
  9
$LWDISPLAY
290
1
  9
$INSUNITS
 70
4
  9
$HYPERLINKBASE
  1

  9
$STYLESHEET
  1

  9
$XEDIT
290
1
  9
$CEPSNTYPE
380
0
  9
$PSTYLEMODE
290
1
  9
$FINGERPRINTGUID
  2
{3E804B18-72C8-4093-8F34-D573E04368FC}
  9
$VERSIONGUID
  2
{4EFF4FF8-CBC6-4718-9D0B-62552F6E3C73}
  9
$EXTNAMES
290
1
  9
$PSVPSCALE
 40
0.0
  9
$OLESTARTUP
290
0
  0
ENDSEC
  0
SECTION
  2
CLASSES
  0
CLASS
  1
ACDBDICTIONARYWDFLT
  2
AcDbDictionaryWithDefault
  3
ObjectDBX Classes
 90
0
280
0
281
0
  0
CLASS
  1
SUN
  2
AcDbSun
  3
SCENEOE
 90
1153
280
0
281
0
  0
CLASS
  1
VISUALSTYLE
  2
AcDbVisualStyle
  3
ObjectDBX Classes
 90
4095
280
0
281
0
  0
CLASS
  1
MATERIAL
  2
AcDbMaterial
  3
ObjectDBX Classes
 90
1153
280
0
281
0
  0
CLASS
  1
SCALE
  2
AcDbScale
  3
ObjectDBX Classes
 90
1153
280
0
281
0
  0
CLASS
  1
TABLESTYLE
  2
AcDbTableStyle
  3
ObjectDBX Classes
 90
4095
280
0
281
0
  0
CLASS
  1
MLEADERSTYLE
  2
AcDbMLeaderStyle
  3
ACDB_MLEADERSTYLE_CLASS
 90
4095
280
0
281
0
  0
CLASS
  1
DICTIONARYVAR
  2
AcDbDictionaryVar
  3
ObjectDBX Classes
 90
0
280
0
281
0
  0
CLASS
  1
CELLSTYLEMAP
  2
AcDbCellStyleMap
  3
ObjectDBX Classes
 90
1152
280
0
281
0
  0
CLASS
  1
MENTALRAYRENDERSETTINGS
  2
AcDbMentalRayRenderSettings
  3
SCENEOE
 90
1024
280
0
281
0
  0
CLASS
  1
ACDBDETAILVIEWSTYLE
  2
AcDbDetailViewStyle
  3
ObjectDBX Classes
 90
1025
280
0
281
0
  0
CLASS
  1
ACDBSECTIONVIEWSTYLE
  2
AcDbSectionViewStyle
  3
ObjectDBX Classes
 90
1025
280
0
281
0
  0
CLASS
  1
RASTERVARIABLES
  2
AcDbRasterVariables
  3
ISM
 90
0
280
0
281
0
  0
CLASS
  1
ACDBPLACEHOLDER
  2
AcDbPlaceHolder
  3
ObjectDBX Classes
 90
0
280
0
281
0
  0
CLASS
  1
LAYOUT
  2
AcDbLayout
  3
ObjectDBX Classes
 90
0
280
0
281
0
  0
ENDSEC
  0
SECTION
  2
TABLES
  0
TABLE
  2
VPORT
  5
8
330
0
100
AcDbSymbolTable
 70
1
  0
VPORT
  5
23
330
8
100
AcDbSymbolTableRecord
100
AcDbViewportTableRecord
  2
*Active
 70
0
 10
0.0
 20
0.0
 11
1.0
 21
1.0
 12
0.0
 22
0.0
 13
0.0
 23
0.0
 14
0.5
 24
0.5
 15
0.5
 25
0.5
 16
0.0
 26
0.0
 36
1.0
 17
0.0
 27
0.0
 37
0.0
 40
1000.0
 41
1.34
 42
50.0
 43
0.0
 44
0.0
 50
0.0
 51
0.0
 71
0
 72
1000
 73
1
 74
3
 75
0
 76
0
 77
0
 78
0
281
0
 65
0
146
0.0
  0
ENDTAB
  0
TABLE
  2
LTYPE
  5
2
330
0
100
AcDbSymbolTable
 70
21
  0
LTYPE
  5
24
330
2
100
AcDbSymbolTableRecord
100
AcDbLinetypeTableRecord
  2
ByBlock
 70
0
  3

 72
65
 73
0
 40
0.0
  0
LTYPE
  5
25
330
2
100
AcDbSymbolTableRecord
100
AcDbLinetypeTableRecord
  2
ByLayer
 70
0
  3

 72
65
 73
0
 40
0.0
  0
LTYPE
  5
26
330
2
100
AcDbSymbolTableRecord
100
AcDbLinetypeTableRecord
  2
Continuous
 70
0
  3

 72
65
 73
0
 40
0.0
  0
LTYPE
  5
2F
330
2
100
AcDbSymbolTableRecord
100
AcDbLinetypeTableRecord
  2
CENTER
 70
0
  3
Center ____ _ ____ _ ____ _ ____ _ ____ _ ____
 72
65
 73
4
 40
5.08
 49
3.175
 74
0
 49
-0.635
 74
0
 49
0.635
 74
0
 49
-0.635
 74
0
  0
LTYPE
  5
30
330
2
100
AcDbSymbolTableRecord
100
AcDbLinetypeTableRecord
  2
CENTERX2
 70
0
  3
Center (2x) ________  __  ________  __  ________
 72
65
 73
4
 40
8.89
 49
6.35
 74
0
 49
-0.635
 74
0
 49
1.27
 74
0
 49
-0.635
 74
0
  0
LTYPE
  5
31
330
2
100
AcDbSymbolTableRecord
100
AcDbLinetypeTableRecord
  2
CENTER2
 70
0
  3
Center (.5x) ____ _ ____ _ ____ _ ____ _ ____
 72
65
 73
4
 40
2.54
 49
1.587
 74
0
 49
-0.318
 74
0
 49
0.318
 74
0
 49
-0.318
 74
0
  0
LTYPE
  5
32
330
2
100
AcDbSymbolTableRecord
100
AcDbLinetypeTableRecord
  2
DASHED
 70
0
  3
Dashed __ __ __ __ __ __ __ __ __ __ __ __ __ _
 72
65
 73
2
 40
1.524
 49
1.27
 74
0
 49
-0.254
 74
0
  0
LTYPE
  5
33
330
2
100
AcDbSymbolTableRecord
100
AcDbLinetypeTableRecord
  2
DASHEDX2
 70
0
  3
Dashed (2x) ____  ____  ____  ____  ____  ____
 72
65
 73
2
 40
3.048
 49
2.54
 74
0
 49
-0.508
 74
0
  0
LTYPE
  5
34
330
2
100
AcDbSymbolTableRecord
100
AcDbLinetypeTableRecord
  2
DASHED2
 70
0
  3
Dashed (.5x) _ _ _ _ _ _ _ _ _ _ _ _ _ _
 72
65
 73
2
 40
0.762
 49
0.635
 74
0
 49
-0.127
 74
0
  0
LTYPE
  5
35
330
2
100
AcDbSymbolTableRecord
100
AcDbLinetypeTableRecord
  2
PHANTOM
 70
0
  3
Phantom ______  __  __  ______  __  __  ______
 72
65
 73
6
 40
6.35
 49
3.175
 74
0
 49
-0.635
 74
0
 49
0.635
 74
0
 49
-0.635
 74
0
 49
0.635
 74
0
 49
-0.635
 74
0
  0
LTYPE
  5
36
330
2
100
AcDbSymbolTableRecord
100
AcDbLinetypeTableRecord
  2
PHANTOMX2
 70
0
  3
Phantom (2x)____________    ____    ____    ____________
 72
65
 73
6
 40
10.795
 49
6.35
 74
0
 49
-0.635
 74
0
 49
1.27
 74
0
 49
-0.635
 74
0
 49
1.27
 74
0
 49
-0.635
 74
0
  0
LTYPE
  5
37
330
2
100
AcDbSymbolTableRecord
100
AcDbLinetypeTableRecord
  2
PHANTOM2
 70
0
  3
Phantom (.5x) ___ _ _ ___ _ _ ___ _ _ ___ _ _ ___
 72
65
 73
6
 40
3.175
 49
1.587
 74
0
 49
-0.318
 74
0
 49
0.318
 74
0
 49
-0.318
 74
0
 49
0.318
 74
0
 49
-0.318
 74
0
  0
LTYPE
  5
38
330
2
100
AcDbSymbolTableRecord
100
AcDbLinetypeTableRecord
  2
DASHDOT
 70
0
  3
Dash dot __ . __ . __ . __ . __ . __ . __ . __
 72
65
 73
4
 40
3.556
 49
2.54
 74
0
 49
-0.508
 74
0
 49
0.0
 74
0
 49
-0.508
 74
0
  0
LTYPE
  5
39
330
2
100
AcDbSymbolTableRecord
100
AcDbLinetypeTableRecord
  2
DASHDOTX2
 70
0
  3
Dash dot (2x) ____  .  ____  .  ____  .  ____
 72
65
 73
4
 40
6.096
 49
5.08
 74
0
 49
-0.508
 74
0
 49
0.0
 74
0
 49
-0.508
 74
0
  0
LTYPE
  5
3A
330
2
100
AcDbSymbolTableRecord
100
AcDbLinetypeTableRecord
  2
DASHDOT2
 70
0
  3
Dash dot (.5x) _ . _ . _ . _ . _ . _ . _ . _
 72
65
 73
4
 40
1.778
 49
1.27
 74
0
 49
-0.254
 74
0
 49
0.0
 74
0
 49
-0.254
 74
0
  0
LTYPE
  5
3B
330
2
100
AcDbSymbolTableRecord
100
AcDbLinetypeTableRecord
  2
DOT
 70
0
  3
Dot .  .  .  .  .  .  .  .  .  .  .  .  .  .  .  .
 72
65
 73
2
 40
0.508
 49
0.0
 74
0
 49
-0.508
 74
0
  0
LTYPE
  5
3C
330
2
100
AcDbSymbolTableRecord
100
AcDbLinetypeTableRecord
  2
DOTX2
 70
0
  3
Dot (2x) .    .    .    .    .    .    .    . 
 72
65
 73
2
 40
1.016
 49
0.0
 74
0
 49
-1.016
 74
0
  0
LTYPE
  5
3D
330
2
100
AcDbSymbolTableRecord
100
AcDbLinetypeTableRecord
  2
DOT2
 70
0
  3
Dot (.5) . . . . . . . . . . . . . . . . . . . 
 72
65
 73
2
 40
0.254
 49
0.0
 74
0
 49
-0.254
 74
0
  0
LTYPE
  5
3E
330
2
100
AcDbSymbolTableRecord
100
AcDbLinetypeTableRecord
  2
DIVIDE
 70
0
  3
Divide __ . . __ . . __ . . __ . . __ . . __
 72
65
 73
6
 40
4.064
 49
2.54
 74
0
 49
-0.508
 74
0
 49
0.0
 74
0
 49
-0.508
 74
0
 49
0.0
 74
0
 49
-0.508
 74
0
  0
LTYPE
  5
3F
330
2
100
AcDbSymbolTableRecord
100
AcDbLinetypeTableRecord
  2
DIVIDEX2
 70
0
  3
Divide (2x) ____  . .  ____  . .  ____  . .  ____
 72
65
 73
6
 40
6.604
 49
5.08
 74
0
 49
-0.508
 74
0
 49
0.0
 74
0
 49
-0.508
 74
0
 49
0.0
 74
0
 49
-0.508
 74
0
  0
LTYPE
  5
40
330
2
100
AcDbSymbolTableRecord
100
AcDbLinetypeTableRecord
  2
DIVIDE2
 70
0
  3
Divide(.5x) _ . _ . _ . _ . _ . _ . _ . _
 72
65
 73
6
 40
2.032
 49
1.27
 74
0
 49
-0.254
 74
0
 49
0.0
 74
0
 49
-0.254
 74
0
 49
0.0
 74
0
 49
-0.254
 74
0
  0
ENDTAB
  0
TABLE
  2
LAYER
  5
1
330
0
100
AcDbSymbolTable
 70
32
  0
LAYER
  5
27
330
1
100
AcDbSymbolTableRecord
100
AcDbLayerTableRecord
  2
0
 70
0
 62
7
  6
Continuous
370
-3
390
13
  0
LAYER
  5
28
330
1
100
AcDbSymbolTableRecord
100
AcDbLayerTableRecord
  2
Defpoints
 70
0
 62
7
  6
Continuous
290
0
370
-3
390
13
  0
LAYER
  5
8C
330
1
100
AcDbSymbolTableRecord
100
AcDbLayerTableRecord
  2
00-CERCEVE
 70
0
 62
7
  6
Continuous
370
70
390
13
  0
LAYER
  5
8D
330
1
100
AcDbSymbolTableRecord
100
AcDbLayerTableRecord
  2
01-ANTET
 70
0
 62
7
  6
Continuous
370
35
390
13
  0
LAYER
  5
8E
330
1
100
AcDbSymbolTableRecord
100
AcDbLayerTableRecord
  2
02-BASLIK
 70
0
 62
7
  6
Continuous
370
50
390
13
  0
LAYER
  5
8F
330
1
100
AcDbSymbolTableRecord
100
AcDbLayerTableRecord
  2
10-PLAN-GUZERGAH
 70
0
 62
1
  6
Continuous
370
50
390
13
  0
LAYER
  5
90
330
1
100
AcDbSymbolTableRecord
100
AcDbLayerTableRecord
  2
11-PLAN-AG
 70
0
 62
5
  6
Continuous
370
35
390
13
  0
LAYER
  5
91
330
1
100
AcDbSymbolTableRecord
100
AcDbLayerTableRecord
  2
12-PLAN-MEVCUT
 70
0
 62
6
  6
DASHDOT
370
35
390
13
  0
LAYER
  5
92
330
1
100
AcDbSymbolTableRecord
100
AcDbLayerTableRecord
  2
13-PLAN-DIREK
 70
0
 62
7
  6
Continuous
370
50
390
13
  0
LAYER
  5
93
330
1
100
AcDbSymbolTableRecord
100
AcDbLayerTableRecord
  2
14-PLAN-YAZI
 70
0
 62
7
  6
Continuous
370
25
390
13
  0
LAYER
  5
94
330
1
100
AcDbSymbolTableRecord
100
AcDbLayerTableRecord
  2
15-PLAN-ACI
 70
0
 62
3
  6
Continuous
370
18
390
13
  0
LAYER
  5
95
330
1
100
AcDbSymbolTableRecord
100
AcDbLayerTableRecord
  2
20-PROFIL-ARAZI
 70
0
 62
32
  6
Continuous
370
50
390
13
  0
LAYER
  5
96
330
1
100
AcDbSymbolTableRecord
100
AcDbLayerTableRecord
  2
21-PROFIL-OG
 70
0
 62
1
  6
Continuous
370
50
390
13
  0
LAYER
  5
97
330
1
100
AcDbSymbolTableRecord
100
AcDbLayerTableRecord
  2
22-PROFIL-AG
 70
0
 62
5
  6
Continuous
370
35
390
13
  0
LAYER
  5
98
330
1
100
AcDbSymbolTableRecord
100
AcDbLayerTableRecord
  2
23-PROFIL-EMNIYET
 70
0
 62
6
  6
DASHED
370
18
390
13
  0
LAYER
  5
99
330
1
100
AcDbSymbolTableRecord
100
AcDbLayerTableRecord
  2
24-PROFIL-DIREK
 70
0
 62
7
  6
Continuous
370
50
390
13
  0
LAYER
  5
9A
330
1
100
AcDbSymbolTableRecord
100
AcDbLayerTableRecord
  2
25-PROFIL-BANT
 70
0
 62
7
  6
Continuous
370
25
390
13
  0
LAYER
  5
9B
330
1
100
AcDbSymbolTableRecord
100
AcDbLayerTableRecord
  2
26-PROFIL-OG-BUZ
 70
0
 62
1
  6
DASHED
370
18
390
13
  0
LAYER
  5
9C
330
1
100
AcDbSymbolTableRecord
100
AcDbLayerTableRecord
  2
30-DETAY-DIREK
 70
0
 62
7
  6
Continuous
370
50
390
13
  0
LAYER
  5
9D
330
1
100
AcDbSymbolTableRecord
100
AcDbLayerTableRecord
  2
31-DETAY-KAFES
 70
0
 62
8
  6
Continuous
370
18
390
13
  0
LAYER
  5
9E
330
1
100
AcDbSymbolTableRecord
100
AcDbLayerTableRecord
  2
32-DETAY-TEMEL
 70
0
 62
7
  6
Continuous
370
35
390
13
  0
LAYER
  5
9F
330
1
100
AcDbSymbolTableRecord
100
AcDbLayerTableRecord
  2
33-DETAY-IZOLATOR
 70
0
 62
4
  6
Continuous
370
35
390
13
  0
LAYER
  5
A0
330
1
100
AcDbSymbolTableRecord
100
AcDbLayerTableRecord
  2
34-DETAY-ILETKEN
 70
0
 62
1
  6
Continuous
370
35
390
13
  0
LAYER
  5
A1
330
1
100
AcDbSymbolTableRecord
100
AcDbLayerTableRecord
  2
35-DETAY-AG
 70
0
 62
5
  6
Continuous
370
35
390
13
  0
LAYER
  5
A2
330
1
100
AcDbSymbolTableRecord
100
AcDbLayerTableRecord
  2
36-DETAY-TOPRAKLAMA
 70
0
 62
3
  6
Continuous
370
25
390
13
  0
LAYER
  5
A3
330
1
100
AcDbSymbolTableRecord
100
AcDbLayerTableRecord
  2
37-TARAMA
 70
0
 62
8
  6
Continuous
370
13
390
13
  0
LAYER
  5
A4
330
1
100
AcDbSymbolTableRecord
100
AcDbLayerTableRecord
  2
38-SEKSIYONER
 70
0
 62
30
  6
Continuous
370
35
390
13
  0
LAYER
  5
A5
330
1
100
AcDbSymbolTableRecord
100
AcDbLayerTableRecord
  2
40-OLCU
 70
0
 62
2
  6
Continuous
370
18
390
13
  0
LAYER
  5
A6
330
1
100
AcDbSymbolTableRecord
100
AcDbLayerTableRecord
  2
41-YAZI
 70
0
 62
7
  6
Continuous
370
25
390
13
  0
LAYER
  5
A7
330
1
100
AcDbSymbolTableRecord
100
AcDbLayerTableRecord
  2
42-TABLO
 70
0
 62
7
  6
Continuous
370
25
390
13
  0
LAYER
  5
A8
330
1
100
AcDbSymbolTableRecord
100
AcDbLayerTableRecord
  2
43-TABLO-CERCEVE
 70
0
 62
7
  6
Continuous
370
50
390
13
  0
LAYER
  5
A9
330
1
100
AcDbSymbolTableRecord
100
AcDbLayerTableRecord
  2
44-NOTLAR
 70
0
 62
7
  6
Continuous
370
25
390
13
  0
ENDTAB
  0
TABLE
  2
STYLE
  5
5
330
0
100
AcDbSymbolTable
 70
28
  0
STYLE
  5
29
330
5
100
AcDbSymbolTableRecord
100
AcDbTextStyleTableRecord
  2
Standard
 70
0
 40
0.0
 41
1.0
 50
0.0
 71
0
 42
2.5
  3
txt
  4

  0
STYLE
  5
41
330
5
100
AcDbSymbolTableRecord
100
AcDbTextStyleTableRecord
  2
OpenSans-Light
 70
0
 40
0.0
 41
1.0
 50
0.0
 71
0
 42
2.5
  3
OpenSans-Light.ttf
  4

  0
STYLE
  5
42
330
5
100
AcDbSymbolTableRecord
100
AcDbTextStyleTableRecord
  2
OpenSans-Light-Italic
 70
0
 40
0.0
 41
1.0
 50
0.0
 71
0
 42
2.5
  3
OpenSans-LightItalic.ttf
  4

  0
STYLE
  5
43
330
5
100
AcDbSymbolTableRecord
100
AcDbTextStyleTableRecord
  2
OpenSans
 70
0
 40
0.0
 41
1.0
 50
0.0
 71
0
 42
2.5
  3
OpenSans-Regular.ttf
  4

  0
STYLE
  5
44
330
5
100
AcDbSymbolTableRecord
100
AcDbTextStyleTableRecord
  2
OpenSans-Italic
 70
0
 40
0.0
 41
1.0
 50
0.0
 71
0
 42
2.5
  3
OpenSans-Italic.ttf
  4

  0
STYLE
  5
45
330
5
100
AcDbSymbolTableRecord
100
AcDbTextStyleTableRecord
  2
OpenSans-SemiBold
 70
0
 40
0.0
 41
1.0
 50
0.0
 71
0
 42
2.5
  3
OpenSans-SemiBold.ttf
  4

  0
STYLE
  5
46
330
5
100
AcDbSymbolTableRecord
100
AcDbTextStyleTableRecord
  2
OpenSans-SemiBoldItalic
 70
0
 40
0.0
 41
1.0
 50
0.0
 71
0
 42
2.5
  3
OpenSans-SemiBoldItalic.ttf
  4

  0
STYLE
  5
47
330
5
100
AcDbSymbolTableRecord
100
AcDbTextStyleTableRecord
  2
OpenSans-Bold
 70
0
 40
0.0
 41
1.0
 50
0.0
 71
0
 42
2.5
  3
OpenSans-Bold.ttf
  4

  0
STYLE
  5
48
330
5
100
AcDbSymbolTableRecord
100
AcDbTextStyleTableRecord
  2
OpenSans-BoldItalic
 70
0
 40
0.0
 41
1.0
 50
0.0
 71
0
 42
2.5
  3
OpenSans-BoldItalic.ttf
  4

  0
STYLE
  5
49
330
5
100
AcDbSymbolTableRecord
100
AcDbTextStyleTableRecord
  2
OpenSans-ExtraBold
 70
0
 40
0.0
 41
1.0
 50
0.0
 71
0
 42
2.5
  3
OpenSans-ExtraBold.ttf
  4

  0
STYLE
  5
4A
330
5
100
AcDbSymbolTableRecord
100
AcDbTextStyleTableRecord
  2
OpenSans-ExtraBoldItalic
 70
0
 40
0.0
 41
1.0
 50
0.0
 71
0
 42
2.5
  3
OpenSans-ExtraBoldItalic.ttf
  4

  0
STYLE
  5
4B
330
5
100
AcDbSymbolTableRecord
100
AcDbTextStyleTableRecord
  2
OpenSansCondensed-Bold
 70
0
 40
0.0
 41
1.0
 50
0.0
 71
0
 42
2.5
  3
OpenSansCondensed-Bold.ttf
  4

  0
STYLE
  5
4C
330
5
100
AcDbSymbolTableRecord
100
AcDbTextStyleTableRecord
  2
OpenSansCondensed-Light
 70
0
 40
0.0
 41
1.0
 50
0.0
 71
0
 42
2.5
  3
OpenSansCondensed-Light.ttf
  4

  0
STYLE
  5
4D
330
5
100
AcDbSymbolTableRecord
100
AcDbTextStyleTableRecord
  2
OpenSansCondensed-Italic
 70
0
 40
0.0
 41
1.0
 50
0.0
 71
0
 42
2.5
  3
OpenSansCondensed-LightItalic.ttf
  4

  0
STYLE
  5
4E
330
5
100
AcDbSymbolTableRecord
100
AcDbTextStyleTableRecord
  2
LiberationSans
 70
0
 40
0.0
 41
1.0
 50
0.0
 71
0
 42
2.5
  3
LiberationSans-Regular.ttf
  4

  0
STYLE
  5
4F
330
5
100
AcDbSymbolTableRecord
100
AcDbTextStyleTableRecord
  2
LiberationSans-Bold
 70
0
 40
0.0
 41
1.0
 50
0.0
 71
0
 42
2.5
  3
LiberationSans-Bold.ttf
  4

  0
STYLE
  5
50
330
5
100
AcDbSymbolTableRecord
100
AcDbTextStyleTableRecord
  2
LiberationSans-BoldItalic
 70
0
 40
0.0
 41
1.0
 50
0.0
 71
0
 42
2.5
  3
LiberationSans-BoldItalic.ttf
  4

  0
STYLE
  5
51
330
5
100
AcDbSymbolTableRecord
100
AcDbTextStyleTableRecord
  2
LiberationSans-Italic
 70
0
 40
0.0
 41
1.0
 50
0.0
 71
0
 42
2.5
  3
LiberationSans-Italic.ttf
  4

  0
STYLE
  5
52
330
5
100
AcDbSymbolTableRecord
100
AcDbTextStyleTableRecord
  2
LiberationSerif
 70
0
 40
0.0
 41
1.0
 50
0.0
 71
0
 42
2.5
  3
LiberationSerif-Regular.ttf
  4

  0
STYLE
  5
53
330
5
100
AcDbSymbolTableRecord
100
AcDbTextStyleTableRecord
  2
LiberationSerif-Bold
 70
0
 40
0.0
 41
1.0
 50
0.0
 71
0
 42
2.5
  3
LiberationSerif-Bold.ttf
  4

  0
STYLE
  5
54
330
5
100
AcDbSymbolTableRecord
100
AcDbTextStyleTableRecord
  2
LiberationSerif-BoldItalic
 70
0
 40
0.0
 41
1.0
 50
0.0
 71
0
 42
2.5
  3
LiberationSerif-BoldItalic.ttf
  4

  0
STYLE
  5
55
330
5
100
AcDbSymbolTableRecord
100
AcDbTextStyleTableRecord
  2
LiberationSerif-Italic
 70
0
 40
0.0
 41
1.0
 50
0.0
 71
0
 42
2.5
  3
LiberationSerif-Italic.ttf
  4

  0
STYLE
  5
56
330
5
100
AcDbSymbolTableRecord
100
AcDbTextStyleTableRecord
  2
LiberationMono
 70
0
 40
0.0
 41
1.0
 50
0.0
 71
0
 42
2.5
  3
LiberationMono-Regular.ttf
  4

  0
STYLE
  5
57
330
5
100
AcDbSymbolTableRecord
100
AcDbTextStyleTableRecord
  2
LiberationMono-Bold
 70
0
 40
0.0
 41
1.0
 50
0.0
 71
0
 42
2.5
  3
LiberationMono-Bold.ttf
  4

  0
STYLE
  5
58
330
5
100
AcDbSymbolTableRecord
100
AcDbTextStyleTableRecord
  2
LiberationMono-BoldItalic
 70
0
 40
0.0
 41
1.0
 50
0.0
 71
0
 42
2.5
  3
LiberationMono-BoldItalic.ttf
  4

  0
STYLE
  5
59
330
5
100
AcDbSymbolTableRecord
100
AcDbTextStyleTableRecord
  2
LiberationMono-Italic
 70
0
 40
0.0
 41
1.0
 50
0.0
 71
0
 42
2.5
  3
LiberationMono-Italic.ttf
  4

  0
STYLE
  5
8A
330
5
100
AcDbSymbolTableRecord
100
AcDbTextStyleTableRecord
  2
TRK
 70
0
 40
0.0
 41
0.9
 50
0.0
 71
0
 42
2.5
  3
arial.ttf
  4

  0
STYLE
  5
8B
330
5
100
AcDbSymbolTableRecord
100
AcDbTextStyleTableRecord
  2
TRKB
 70
0
 40
0.0
 41
0.9
 50
0.0
 71
0
 42
2.5
  3
arialbd.ttf
  4

  0
ENDTAB
  0
TABLE
  2
VIEW
  5
7
330
0
100
AcDbSymbolTable
 70
0
  0
ENDTAB
  0
TABLE
  2
UCS
  5
6
330
0
100
AcDbSymbolTable
 70
0
  0
ENDTAB
  0
TABLE
  2
APPID
  5
3
330
0
100
AcDbSymbolTable
 70
3
  0
APPID
  5
2A
330
3
100
AcDbSymbolTableRecord
100
AcDbRegAppTableRecord
  2
ACAD
 70
0
  0
APPID
  5
124E
330
3
100
AcDbSymbolTableRecord
100
AcDbRegAppTableRecord
  2
HATCHBACKGROUNDCOLOR
 70
0
  0
APPID
  5
124F
330
3
100
AcDbSymbolTableRecord
100
AcDbRegAppTableRecord
  2
EZDXF
 70
0
  0
ENDTAB
  0
TABLE
  2
DIMSTYLE
  5
4
330
0
100
AcDbSymbolTable
 70
12
100
AcDbDimStyleTable
  0
DIMSTYLE
105
2B
330
4
100
AcDbSymbolTableRecord
100
AcDbDimStyleTableRecord
  2
Standard
 70
0
  3

  4

 40
1.0
 41
2.5
 42
0.625
 43
3.75
 44
1.25
 45
0.0
 46
0.0
 47
0.0
 48
0.0
140
2.5
141
2.5
142
0.0
143
0.03937007874
144
1.0
145
0.0
146
1.0
147
0.625
148
0.0
 71
0
 72
0
 73
0
 74
0
 75
0
 76
0
 77
1
 78
8
 79
3
170
0
171
3
172
1
173
0
174
0
175
0
176
0
177
0
178
0
179
2
271
2
272
2
273
2
274
3
275
0
276
0
277
2
278
44
279
0
280
0
281
0
282
0
283
0
284
8
285
0
286
0
288
0
289
3
371
-2
372
-2
  0
DIMSTYLE
105
73
330
4
100
AcDbSymbolTableRecord
100
AcDbDimStyleTableRecord
  2
EZDXF
 70
0
  3

  4

 40
1.0
 41
0.175
 42
0.125
 43
3.75
 44
0.375
 45
0.0
 46
0.0
 47
0.0
 48
0.0
140
0.25
141
2.5
142
0.0
143
0.03937007874
144
100.0
145
0.0
146
0.5
147
0.1
148
0.0
 71
0
 72
0
 73
0
 74
0
 75
0
 76
0
 77
1
 78
12
 79
3
170
0
171
3
172
1
173
0
174
0
175
0
176
0
177
0
178
0
179
2
271
2
272
2
273
2
274
3
275
0
276
0
277
2
278
46
279
2
280
0
281
0
282
0
283
0
284
8
285
0
286
0
288
1
289
3
340
4C
342
74
371
-2
372
-2
  0
DIMSTYLE
105
7C
330
4
100
AcDbSymbolTableRecord
100
AcDbDimStyleTableRecord
  2
EZ_M_100_H25_CM
 70
0
  3

  4

 40
1.0
 41
0.25
 42
0.125
 43
3.75
 44
0.375
 45
0.0
 46
0.0
 47
0.0
 48
0.0
140
0.25
141
2.5
142
0.125
143
0.03937007874
144
100.0
145
0.0
146
0.5
147
0.1
148
0.0
 71
0
 72
0
 73
0
 74
0
 75
0
 76
0
 77
1
 78
12
 79
3
170
0
171
3
172
1
173
0
174
0
175
0
176
0
177
0
178
0
179
2
271
2
272
2
273
2
274
3
275
0
276
0
277
2
278
46
279
2
280
0
281
0
282
0
283
0
284
8
285
0
286
0
288
1
289
3
340
4C
371
-2
372
-2
  0
DIMSTYLE
105
7D
330
4
100
AcDbSymbolTableRecord
100
AcDbDimStyleTableRecord
  2
EZ_M_50_H25_CM
 70
0
  3

  4

 40
1.0
 41
0.125
 42
0.0625
 43
3.75
 44
0.1875
 45
0.0
 46
0.0
 47
0.0
 48
0.0
140
0.125
141
2.5
142
0.0625
143
0.03937007874
144
100.0
145
0.0
146
0.5
147
0.05
148
0.0
 71
0
 72
0
 73
0
 74
0
 75
0
 76
0
 77
1
 78
12
 79
3
170
0
171
3
172
1
173
0
174
0
175
0
176
0
177
0
178
0
179
2
271
2
272
2
273
2
274
3
275
0
276
0
277
2
278
46
279
2
280
0
281
0
282
0
283
0
284
8
285
0
286
0
288
1
289
3
340
4C
371
-2
372
-2
  0
DIMSTYLE
105
7E
330
4
100
AcDbSymbolTableRecord
100
AcDbDimStyleTableRecord
  2
EZ_M_25_H25_CM
 70
0
  3

  4

 40
1.0
 41
0.0625
 42
0.03125
 43
3.75
 44
0.09375
 45
0.0
 46
0.0
 47
0.0
 48
0.0
140
0.0625
141
2.5
142
0.03125
143
0.03937007874
144
100.0
145
0.0
146
0.5
147
0.025
148
0.0
 71
0
 72
0
 73
0
 74
0
 75
0
 76
0
 77
1
 78
12
 79
3
170
0
171
3
172
1
173
0
174
0
175
0
176
0
177
0
178
0
179
2
271
2
272
2
273
2
274
3
275
0
276
0
277
2
278
46
279
2
280
0
281
0
282
0
283
0
284
8
285
0
286
0
288
1
289
3
340
4C
371
-2
372
-2
  0
DIMSTYLE
105
7F
330
4
100
AcDbSymbolTableRecord
100
AcDbDimStyleTableRecord
  2
EZ_M_20_H25_CM
 70
0
  3

  4

 40
1.0
 41
0.05
 42
0.025
 43
3.75
 44
0.07500000000000001
 45
0.0
 46
0.0
 47
0.0
 48
0.0
140
0.05
141
2.5
142
0.025
143
0.03937007874
144
100.0
145
0.0
146
0.5
147
0.020000000000000004
148
0.0
 71
0
 72
0
 73
0
 74
0
 75
0
 76
0
 77
1
 78
12
 79
3
170
0
171
3
172
1
173
0
174
0
175
0
176
0
177
0
178
0
179
2
271
2
272
2
273
2
274
3
275
0
276
0
277
2
278
46
279
2
280
0
281
0
282
0
283
0
284
8
285
0
286
0
288
1
289
3
340
4C
371
-2
372
-2
  0
DIMSTYLE
105
80
330
4
100
AcDbSymbolTableRecord
100
AcDbDimStyleTableRecord
  2
EZ_M_10_H25_CM
 70
0
  3

  4

 40
1.0
 41
0.025
 42
0.0125
 43
3.75
 44
0.037500000000000006
 45
0.0
 46
0.0
 47
0.0
 48
0.0
140
0.025
141
2.5
142
0.0125
143
0.03937007874
144
100.0
145
0.0
146
0.5
147
0.010000000000000002
148
0.0
 71
0
 72
0
 73
0
 74
0
 75
0
 76
0
 77
1
 78
12
 79
3
170
0
171
3
172
1
173
0
174
0
175
0
176
0
177
0
178
0
179
2
271
2
272
2
273
2
274
3
275
0
276
0
277
2
278
46
279
2
280
0
281
0
282
0
283
0
284
8
285
0
286
0
288
1
289
3
340
4C
371
-2
372
-2
  0
DIMSTYLE
105
81
330
4
100
AcDbSymbolTableRecord
100
AcDbDimStyleTableRecord
  2
EZ_M_5_H25_CM
 70
0
  3

  4

 40
1.0
 41
0.0125
 42
0.00625
 43
3.75
 44
0.018750000000000003
 45
0.0
 46
0.0
 47
0.0
 48
0.0
140
0.0125
141
2.5
142
0.00625
143
0.03937007874
144
100.0
145
0.0
146
0.5
147
0.005000000000000001
148
0.0
 71
0
 72
0
 73
0
 74
0
 75
0
 76
0
 77
1
 78
12
 79
3
170
0
171
3
172
1
173
0
174
0
175
0
176
0
177
0
178
0
179
2
271
2
272
2
273
2
274
3
275
0
276
0
277
2
278
46
279
2
280
0
281
0
282
0
283
0
284
8
285
0
286
0
288
1
289
3
340
4C
371
-2
372
-2
  0
DIMSTYLE
105
82
330
4
100
AcDbSymbolTableRecord
100
AcDbDimStyleTableRecord
  2
EZ_M_1_H25_CM
 70
0
  3

  4

 40
1.0
 41
0.0025
 42
0.00125
 43
3.75
 44
0.00375
 45
0.0
 46
0.0
 47
0.0
 48
0.0
140
0.0025
141
2.5
142
0.00125
143
0.03937007874
144
100.0
145
0.0
146
0.5
147
0.001
148
0.0
 71
0
 72
0
 73
0
 74
0
 75
0
 76
0
 77
1
 78
12
 79
3
170
0
171
3
172
1
173
0
174
0
175
0
176
0
177
0
178
0
179
2
271
2
272
2
273
2
274
3
275
0
276
0
277
2
278
46
279
2
280
0
281
0
282
0
283
0
284
8
285
0
286
0
288
1
289
3
340
4C
371
-2
372
-2
  0
DIMSTYLE
105
83
330
4
100
AcDbSymbolTableRecord
100
AcDbDimStyleTableRecord
  2
EZ_RADIUS
 70
0
  3

  4

 40
1.0
 41
0.25
 42
0.125
 43
3.75
 44
0.375
 45
0.0
 46
0.0
 47
0.0
 48
0.0
140
0.25
141
0.0
142
0.0
143
0.03937007874
144
100.0
145
0.0
146
0.5
147
0.1
148
0.0
 71
0
 72
0
 73
0
 74
0
 75
0
 76
0
 77
1
 78
12
 79
3
170
0
171
3
172
0
173
0
174
0
175
0
176
0
177
0
178
0
179
2
271
2
272
2
273
2
274
3
275
0
276
0
277
2
278
46
279
1
280
0
281
0
282
0
283
0
284
8
285
0
286
0
288
1
289
3
340
4C
342
84
371
-2
372
-2
  0
DIMSTYLE
105
88
330
4
100
AcDbSymbolTableRecord
100
AcDbDimStyleTableRecord
  2
EZ_RADIUS_INSIDE
 70
0
  3

  4

 40
1.0
 41
0.25
 42
0.125
 43
3.75
 44
0.375
 45
0.0
 46
0.0
 47
0.0
 48
0.0
140
0.25
141
0.0
142
0.0
143
0.03937007874
144
100.0
145
0.0
146
0.5
147
0.1
148
0.0
 71
0
 72
0
 73
0
 74
0
 75
0
 76
0
 77
0
 78
12
 79
3
170
0
171
3
172
0
173
0
174
1
175
0
176
0
177
0
178
0
179
2
271
2
272
2
273
2
274
3
275
0
276
0
277
2
278
46
279
0
280
0
281
0
282
0
283
0
284
8
285
0
286
0
288
1
289
0
340
4C
342
84
371
-2
372
-2
  0
DIMSTYLE
105
89
330
4
100
AcDbSymbolTableRecord
100
AcDbDimStyleTableRecord
  2
EZ_CURVED
 70
0
  3

  4

 40
1.0
 41
0.25
 42
0.125
 43
3.75
 44
0.375
 45
0.0
 46
0.0
 47
0.0
 48
0.0
140
0.25
141
2.5
142
0.0
143
0.03937007874
144
100.0
145
0.0
146
0.5
147
0.1
148
0.0
 71
0
 72
0
 73
0
 74
0
 75
0
 76
0
 77
1
 78
12
 79
2
 90
2
170
0
171
3
172
1
173
0
174
0
175
0
176
0
177
0
178
0
179
2
271
2
272
2
273
2
274
3
275
0
276
0
277
2
278
46
279
2
280
0
281
0
282
0
283
0
284
8
285
0
286
0
288
1
289
3
340
4C
371
-2
372
-2
  0
ENDTAB
  0
TABLE
  2
BLOCK_RECORD
  5
9
330
0
100
AcDbSymbolTable
 70
5
  0
BLOCK_RECORD
  5
17
330
9
100
AcDbSymbolTableRecord
100
AcDbBlockTableRecord
  2
*Model_Space
340
1A
  0
BLOCK_RECORD
  5
1B
330
9
100
AcDbSymbolTableRecord
100
AcDbBlockTableRecord
  2
*Paper_Space
340
1E
  0
BLOCK_RECORD
  5
74
330
9
100
AcDbSymbolTableRecord
100
AcDbBlockTableRecord
  2
_ARCHTICK
340
0
  0
BLOCK_RECORD
  5
78
330
9
100
AcDbSymbolTableRecord
100
AcDbBlockTableRecord
  2
_CLOSEDFILLED
340
0
  0
BLOCK_RECORD
  5
84
330
9
100
AcDbSymbolTableRecord
100
AcDbBlockTableRecord
  2
_CLOSEDBLANK
340
0
  0
ENDTAB
  0
ENDSEC
  0
SECTION
  2
BLOCKS
  0
BLOCK
  5
18
330
17
100
AcDbEntity
  8
0
100
AcDbBlockBegin
  2
*Model_Space
 70
0
 10
0.0
 20
0.0
 30
0.0
  3
*Model_Space
  1

  0
ENDBLK
  5
19
330
17
100
AcDbEntity
  8
0
100
AcDbBlockEnd
  0
BLOCK
  5
1C
330
1B
100
AcDbEntity
  8
0
100
AcDbBlockBegin
  2
*Paper_Space
 70
0
 10
0.0
 20
0.0
 30
0.0
  3
*Paper_Space
  1

  0
ENDBLK
  5
1D
330
1B
100
AcDbEntity
  8
0
100
AcDbBlockEnd
  0
BLOCK
  5
75
330
74
100
AcDbEntity
  8
0
100
AcDbBlockBegin
  2
_ARCHTICK
 70
0
 10
0.0
 20
0.0
 30
0.0
  3
_ARCHTICK
  1

  0
LWPOLYLINE
  5
77
330
74
100
AcDbEntity
  8
0
  6
BYBLOCK
 62
0
100
AcDbPolyline
 90
2
 70
0
 43
0.15
 10
-0.5
 20
-0.5
 10
0.5
 20
0.5
  0
ENDBLK
  5
76
330
74
100
AcDbEntity
  8
0
100
AcDbBlockEnd
  0
BLOCK
  5
79
330
78
100
AcDbEntity
  8
0
100
AcDbBlockBegin
  2
_CLOSEDFILLED
 70
0
 10
0.0
 20
0.0
 30
0.0
  3
_CLOSEDFILLED
  1

  0
SOLID
  5
7B
330
78
100
AcDbEntity
  8
0
  6
BYBLOCK
 62
0
100
AcDbTrace
 10
-1.0
 20
0.16439898372402537
 30
0.0
 11
0.0
 21
0.0
 31
0.0
 12
-1.0
 22
-0.16439898372402537
 32
0.0
 13
-1.0
 23
-0.16439898372402537
 33
0.0
  0
ENDBLK
  5
7A
330
78
100
AcDbEntity
  8
0
100
AcDbBlockEnd
  0
BLOCK
  5
85
330
84
100
AcDbEntity
  8
0
100
AcDbBlockBegin
  2
_CLOSEDBLANK
 70
0
 10
0.0
 20
0.0
 30
0.0
  3
_CLOSEDBLANK
  1

  0
LWPOLYLINE
  5
87
330
84
100
AcDbEntity
  8
0
  6
BYBLOCK
 62
0
100
AcDbPolyline
 90
3
 70
1
 10
-1.0
 20
0.16439898372402537
 10
0.0
 20
0.0
 10
-1.0
 20
-0.16439898372402537
  0
ENDBLK
  5
86
330
84
100
AcDbEntity
  8
0
100
AcDbBlockEnd
  0
ENDSEC
  0
SECTION
  2
ENTITIES
  0
LWPOLYLINE
  5
AA
330
17
100
AcDbEntity
  8
00-CERCEVE
370
18
100
AcDbPolyline
 90
4
 70
1
 10
0.0
 20
0.0
 10
1189.0
 20
0.0
 10
1189.0
 20
841.0
 10
0.0
 20
841.0
  0
LWPOLYLINE
  5
AB
330
17
100
AcDbEntity
  8
00-CERCEVE
100
AcDbPolyline
 90
4
 70
1
 10
20.0
 20
10.0
 10
1179.0
 20
10.0
 10
1179.0
 20
831.0
 10
20.0
 20
831.0
  0
LWPOLYLINE
  5
AC
330
17
100
AcDbEntity
  8
01-ANTET
370
50
100
AcDbPolyline
 90
4
 70
1
 10
959.0
 20
10.0
 10
1179.0
 20
10.0
 10
1179.0
 20
128.0
 10
959.0
 20
128.0
  0
TEXT
  5
AD
330
17
100
AcDbEntity
  8
01-ANTET
100
AcDbText
 10
961.0
 20
124.0
 30
0.0
 40
2.2
  1
PROJE:
  7
TRKB
 11
961.0
 21
124.0
 31
0.0
100
AcDbText
 73
3
  0
TEXT
  5
AE
330
17
100
AcDbEntity
  8
01-ANTET
100
AcDbText
 10
981.0
 20
124.0
 30
0.0
 40
2.4
  1
34,5 kV 3x3/0 AWG (PIGEON) OG +
  7
TRKB
 11
981.0
 21
124.0
 31
0.0
100
AcDbText
 73
3
  0
TEXT
  5
AF
330
17
100
AcDbEntity
  8
01-ANTET
100
AcDbText
 10
981.0
 20
120.0
 30
0.0
 40
2.4
  1
0,4 kV AER 3x95+70 mm² AG MÜÞTEREK
  7
TRKB
 11
981.0
 21
120.0
 31
0.0
100
AcDbText
 73
3
  0
TEXT
  5
B0
330
17
100
AcDbEntity
  8
01-ANTET
100
AcDbText
 10
981.0
 20
116.0
 30
0.0
 40
2.4
  1
DEMÝR DÝREKLÝ HAVA HATTI (6 DÝREK, III. BUZ BÖLGESÝ)
  7
TRKB
 11
981.0
 21
116.0
 31
0.0
100
AcDbText
 73
3
  0
LINE
  5
B1
330
17
100
AcDbEntity
  8
01-ANTET
100
AcDbLine
 10
959.0
 20
112.0
 30
0.0
 11
1179.0
 21
112.0
 31
0.0
  0
TEXT
  5
B2
330
17
100
AcDbEntity
  8
01-ANTET
100
AcDbText
 10
961.0
 20
109.0
 30
0.0
 40
2.2
  1
PAFTA ADI:
  7
TRKB
 11
961.0
 21
109.0
 31
0.0
100
AcDbText
 73
3
  0
TEXT
  5
B3
330
17
100
AcDbEntity
  8
01-ANTET
100
AcDbText
 10
981.0
 20
109.0
 30
0.0
 40
2.2
  1
GÜZERGÂH PLANI, BOY KESÝT (PROFÝL),
  7
TRK
 11
981.0
 21
109.0
 31
0.0
100
AcDbText
 73
3
  0
TEXT
  5
B4
330
17
100
AcDbEntity
  8
01-ANTET
100
AcDbText
 10
981.0
 20
105.4
 30
0.0
 40
2.2
  1
DÝREK GÖRÜNÜÞLERÝ VE DETAYLAR
  7
TRK
 11
981.0
 21
105.4
 31
0.0
100
AcDbText
 73
3
  0
LINE
  5
B5
330
17
100
AcDbEntity
  8
01-ANTET
100
AcDbLine
 10
959.0
 20
97.0
 30
0.0
 11
1179.0
 21
97.0
 31
0.0
  0
TEXT
  5
B6
330
17
100
AcDbEntity
  8
01-ANTET
100
AcDbText
 10
961.0
 20
94.0
 30
0.0
 40
2.0
  1
ÝDARE / EDAÞ
  7
TRKB
 11
961.0
 21
94.0
 31
0.0
100
AcDbText
 73
3
  0
TEXT
  5
B7
330
17
100
AcDbEntity
  8
01-ANTET
100
AcDbText
 10
999.0
 20
94.0
 30
0.0
 40
2.0
  1
……………………………… EDAÞ
  7
TRK
 11
999.0
 21
94.0
 31
0.0
100
AcDbText
 73
3
  0
TEXT
  5
B8
330
17
100
AcDbEntity
  8
01-ANTET
100
AcDbText
 10
961.0
 20
89.8
 30
0.0
 40
2.0
  1
YER (ÝL/ÝLÇE/KÖY)
  7
TRKB
 11
961.0
 21
89.8
 31
0.0
100
AcDbText
 73
3
  0
TEXT
  5
B9
330
17
100
AcDbEntity
  8
01-ANTET
100
AcDbText
 10
999.0
 20
89.8
 30
0.0
 40
2.0
  1
……………………………………………
  7
TRK
 11
999.0
 21
89.8
 31
0.0
100
AcDbText
 73
3
  0
TEXT
  5
BA
330
17
100
AcDbEntity
  8
01-ANTET
100
AcDbText
 10
961.0
 20
85.6
 30
0.0
 40
2.0
  1
ÝÞ / ÞEBEKE NO
  7
TRKB
 11
961.0
 21
85.6
 31
0.0
100
AcDbText
 73
3
  0
TEXT
  5
BB
330
17
100
AcDbEntity
  8
01-ANTET
100
AcDbText
 10
999.0
 20
85.6
 30
0.0
 40
2.0
  1
……………………
  7
TRK
 11
999.0
 21
85.6
 31
0.0
100
AcDbText
 73
3
  0
TEXT
  5
BC
330
17
100
AcDbEntity
  8
01-ANTET
100
AcDbText
 10
961.0
 20
81.39999999999999
 30
0.0
 40
2.0
  1
DAYANAK
  7
TRKB
 11
961.0
 21
81.39999999999999
 31
0.0
100
AcDbText
 73
3
  0
TEXT
  5
BD
330
17
100
AcDbEntity
  8
01-ANTET
100
AcDbText
 10
999.0
 20
81.39999999999999
 30
0.0
 40
2.0
  1
EKATY (R.G. 30.11.2000/24246), TEDAÞ þartnameleri
  7
TRK
 11
999.0
 21
81.39999999999999
 31
0.0
100
AcDbText
 73
3
  0
TEXT
  5
BE
330
17
100
AcDbEntity
  8
01-ANTET
100
AcDbText
 10
961.0
 20
77.19999999999999
 30
0.0
 40
2.0
  1

  7
TRKB
 11
961.0
 21
77.19999999999999
 31
0.0
100
AcDbText
 73
3
  0
TEXT
  5
BF
330
17
100
AcDbEntity
  8
01-ANTET
100
AcDbText
 10
999.0
 20
77.19999999999999
 30
0.0
 40
2.0
  1
Elektrik Tesisleri Proje Yönetmeliði, EMO esaslarý
  7
TRK
 11
999.0
 21
77.19999999999999
 31
0.0
100
AcDbText
 73
3
  0
LINE
  5
C0
330
17
100
AcDbEntity
  8
01-ANTET
100
AcDbLine
 10
959.0
 20
73.59999999999998
 30
0.0
 11
1179.0
 21
73.59999999999998
 31
0.0
  0
LWPOLYLINE
  5
C1
330
17
100
AcDbEntity
  8
01-ANTET
100
AcDbPolyline
 90
4
 70
1
 10
959.0
 20
43.59999999999998
 10
1032.3333333333333
 20
43.59999999999998
 10
1032.3333333333333
 20
73.59999999999998
 10
959.0
 20
73.59999999999998
  0
TEXT
  5
C2
330
17
100
AcDbEntity
  8
01-ANTET
100
AcDbText
 10
995.6666666666666
 20
71.09999999999998
 30
0.0
 40
2.0
  1
PROJEYÝ HAZIRLAYAN
  7
TRKB
 72
1
 11
995.6666666666666
 21
71.09999999999998
 31
0.0
100
AcDbText
 73
3
  0
TEXT
  5
C3
330
17
100
AcDbEntity
  8
01-ANTET
100
AcDbText
 10
961.0
 20
64.59999999999998
 30
0.0
 40
1.9
  1
Adý Soyadý: ……………
  7
TRK
 11
961.0
 21
64.59999999999998
 31
0.0
100
AcDbText
 73
3
  0
TEXT
  5
C4
330
17
100
AcDbEntity
  8
01-ANTET
100
AcDbText
 10
961.0
 20
59.59999999999998
 30
0.0
 40
1.9
  1
Elk. Müh. / EMO Sicil: ……
  7
TRK
 11
961.0
 21
59.59999999999998
 31
0.0
100
AcDbText
 73
3
  0
TEXT
  5
C5
330
17
100
AcDbEntity
  8
01-ANTET
100
AcDbText
 10
961.0
 20
54.59999999999998
 30
0.0
 40
1.9
  1
Tarih: …/…/20…
  7
TRK
 11
961.0
 21
54.59999999999998
 31
0.0
100
AcDbText
 73
3
  0
TEXT
  5
C6
330
17
100
AcDbEntity
  8
01-ANTET
100
AcDbText
 10
961.0
 20
49.59999999999998
 30
0.0
 40
1.9
  1
Ýmza:
  7
TRK
 11
961.0
 21
49.59999999999998
 31
0.0
100
AcDbText
 73
3
  0
LWPOLYLINE
  5
C7
330
17
100
AcDbEntity
  8
01-ANTET
100
AcDbPolyline
 90
4
 70
1
 10
1032.3333333333333
 20
43.59999999999998
 10
1105.6666666666667
 20
43.59999999999998
 10
1105.6666666666667
 20
73.59999999999998
 10
1032.3333333333333
 20
73.59999999999998
  0
TEXT
  5
C8
330
17
100
AcDbEntity
  8
01-ANTET
100
AcDbText
 10
1069.0
 20
71.09999999999998
 30
0.0
 40
2.0
  1
KONTROL EDEN
  7
TRKB
 72
1
 11
1069.0
 21
71.09999999999998
 31
0.0
100
AcDbText
 73
3
  0
TEXT
  5
C9
330
17
100
AcDbEntity
  8
01-ANTET
100
AcDbText
 10
1034.3333333333333
 20
64.59999999999998
 30
0.0
 40
1.9
  1
Adý Soyadý: ……………
  7
TRK
 11
1034.3333333333333
 21
64.59999999999998
 31
0.0
100
AcDbText
 73
3
  0
TEXT
  5
CA
330
17
100
AcDbEntity
  8
01-ANTET
100
AcDbText
 10
1034.3333333333333
 20
59.59999999999998
 30
0.0
 40
1.9
  1
Elk. Müh. / EMO Sicil: ……
  7
TRK
 11
1034.3333333333333
 21
59.59999999999998
 31
0.0
100
AcDbText
 73
3
  0
TEXT
  5
CB
330
17
100
AcDbEntity
  8
01-ANTET
100
AcDbText
 10
1034.3333333333333
 20
54.59999999999998
 30
0.0
 40
1.9
  1
Tarih: …/…/20…
  7
TRK
 11
1034.3333333333333
 21
54.59999999999998
 31
0.0
100
AcDbText
 73
3
  0
TEXT
  5
CC
330
17
100
AcDbEntity
  8
01-ANTET
100
AcDbText
 10
1034.3333333333333
 20
49.59999999999998
 30
0.0
 40
1.9
  1
Ýmza:
  7
TRK
 11
1034.3333333333333
 21
49.59999999999998
 31
0.0
100
AcDbText
 73
3
  0
LWPOLYLINE
  5
CD
330
17
100
AcDbEntity
  8
01-ANTET
100
AcDbPolyline
 90
4
 70
1
 10
1105.6666666666667
 20
43.59999999999998
 10
1179.0
 20
43.59999999999998
 10
1179.0
 20
73.59999999999998
 10
1105.6666666666667
 20
73.59999999999998
  0
TEXT
  5
CE
330
17
100
AcDbEntity
  8
01-ANTET
100
AcDbText
 10
1142.3333333333335
 20
71.09999999999998
 30
0.0
 40
2.0
  1
ONAYLAYAN
  7
TRKB
 72
1
 11
1142.3333333333335
 21
71.09999999999998
 31
0.0
100
AcDbText
 73
3
  0
TEXT
  5
CF
330
17
100
AcDbEntity
  8
01-ANTET
100
AcDbText
 10
1107.6666666666667
 20
64.59999999999998
 30
0.0
 40
1.9
  1
Adý Soyadý: ……………
  7
TRK
 11
1107.6666666666667
 21
64.59999999999998
 31
0.0
100
AcDbText
 73
3
  0
TEXT
  5
D0
330
17
100
AcDbEntity
  8
01-ANTET
100
AcDbText
 10
1107.6666666666667
 20
59.59999999999998
 30
0.0
 40
1.9
  1
Elk. Müh. / EMO Sicil: ……
  7
TRK
 11
1107.6666666666667
 21
59.59999999999998
 31
0.0
100
AcDbText
 73
3
  0
TEXT
  5
D1
330
17
100
AcDbEntity
  8
01-ANTET
100
AcDbText
 10
1107.6666666666667
 20
54.59999999999998
 30
0.0
 40
1.9
  1
Tarih: …/…/20…
  7
TRK
 11
1107.6666666666667
 21
54.59999999999998
 31
0.0
100
AcDbText
 73
3
  0
TEXT
  5
D2
330
17
100
AcDbEntity
  8
01-ANTET
100
AcDbText
 10
1107.6666666666667
 20
49.59999999999998
 30
0.0
 40
1.9
  1
Ýmza:
  7
TRK
 11
1107.6666666666667
 21
49.59999999999998
 31
0.0
100
AcDbText
 73
3
  0
LINE
  5
D3
330
17
100
AcDbEntity
  8
01-ANTET
100
AcDbLine
 10
959.0
 20
43.59999999999998
 30
0.0
 11
1179.0
 21
43.59999999999998
 31
0.0
  0
TEXT
  5
D4
330
17
100
AcDbEntity
  8
01-ANTET
100
AcDbText
 10
961.0
 20
40.59999999999998
 30
0.0
 40
2.2
  1
ÖLÇEK: PLAN 1/500 - PROFÝL 1/500 & 1/100 - DÝREK 1/50
  7
TRKB
 11
961.0
 21
40.59999999999998
 31
0.0
100
AcDbText
 73
3
  0
TEXT
  5
D5
330
17
100
AcDbEntity
  8
01-ANTET
100
AcDbText
 10
961.0
 20
35.59999999999998
 30
0.0
 40
2.2
  1
TARÝH: 10/2026
  7
TRK
 11
961.0
 21
35.59999999999998
 31
0.0
100
AcDbText
 73
3
  0
TEXT
  5
D6
330
17
100
AcDbEntity
  8
01-ANTET
100
AcDbText
 10
961.0
 20
30.59999999999998
 30
0.0
 40
2.2
  1
REV: 0
  7
TRK
 11
961.0
 21
30.59999999999998
 31
0.0
100
AcDbText
 73
3
  0
TEXT
  5
D7
330
17
100
AcDbEntity
  8
01-ANTET
100
AcDbText
 10
1177.0
 20
40.59999999999998
 30
0.0
 40
3.2
  1
PAFTA NO: 1 / 2
  7
TRKB
 72
2
 11
1177.0
 21
40.59999999999998
 31
0.0
100
AcDbText
 73
3
  0
TEXT
  5
D8
330
17
100
AcDbEntity
  8
01-ANTET
100
AcDbText
 10
1177.0
 20
34.59999999999998
 30
0.0
 40
2.0
  1
A0 (1189x841)
  7
TRK
 72
2
 11
1177.0
 21
34.59999999999998
 31
0.0
100
AcDbText
 73
3
  0
TEXT
  5
D9
330
17
100
AcDbEntity
  8
02-BASLIK
100
AcDbText
 10
30.0
 20
818.0
 30
0.0
 40
5.0
  1
34,5 kV 3x3/0 AWG (PIGEON) OG + 0,4 kV AER 3x95+70 mm² AG MÜÞTEREK DEMÝR DÝREKLÝ HAVA HATTI
  7
TRKB
 11
30.0
 21
818.0
 31
0.0
100
AcDbText
  0
TEXT
  5
DA
330
17
100
AcDbEntity
  8
02-BASLIK
100
AcDbText
 10
30.0
 20
811.0
 30
0.0
 40
3.2
  1
6 DÝREK - III. BUZ YÜKÜ BÖLGESÝ - SÝLÝKON ÝZOLATÖRLÜ - BAÞLANGIÇTA SEKSÝYONER DÝREÐÝ
  7
TRK
 11
30.0
 21
811.0
 31
0.0
100
AcDbText
  0
TEXT
  5
DB
330
17
100
AcDbEntity
  8
02-BASLIK
100
AcDbText
 10
40.0
 20
796.0
 30
0.0
 40
4.5
  1
GÜZERGÂH PLANI
  7
TRKB
 11
40.0
 21
796.0
 31
0.0
100
AcDbText
  0
TEXT
  5
DC
330
17
100
AcDbEntity
  8
02-BASLIK
100
AcDbText
 10
118.0
 20
796.0
 30
0.0
 40
3.0
  1
Ö: 1/500
  7
TRK
 11
118.0
 21
796.0
 31
0.0
100
AcDbText
  0
LINE
  5
DD
330
17
100
AcDbEntity
  8
12-PLAN-MEVCUT
100
AcDbLine
 10
71.06345728914543
 20
582.1553724366852
 30
0.0
 11
71.06345728914543
 21
716.1553724366852
 31
0.0
  0
TEXT
  5
DE
330
17
100
AcDbEntity
  8
12-PLAN-MEVCUT
100
AcDbText
 10
68.06345728914543
 20
692.1553724366852
 30
0.0
 40
2.5
  1
MEVCUT 34,5 kV ENH
 50
90.0
  7
TRK
 72
1
 11
68.06345728914543
 21
692.1553724366852
 31
0.0
100
AcDbText
 73
1
  0
CIRCLE
  5
DF
330
17
100
AcDbEntity
  8
12-PLAN-MEVCUT
100
AcDbCircle
 10
71.06345728914543
 20
652.1553724366852
 30
0.0
 40
1.8
  0
LINE
  5
E0
330
17
100
AcDbEntity
  8
12-PLAN-MEVCUT
100
AcDbLine
 10
69.76345728914544
 20
650.8553724366852
 30
0.0
 11
72.36345728914543
 21
653.4553724366851
 31
0.0
  0
LINE
  5
E1
330
17
100
AcDbEntity
  8
12-PLAN-MEVCUT
100
AcDbLine
 10
69.76345728914544
 20
653.4553724366851
 30
0.0
 11
72.36345728914543
 21
650.8553724366852
 31
0.0
  0
TEXT
  5
E2
330
17
100
AcDbEntity
  8
14-PLAN-YAZI
100
AcDbText
 10
68.06345728914543
 20
647.1553724366852
 30
0.0
 40
2.2
  1
M (mevcut direk)
  7
TRK
 72
2
 11
68.06345728914543
 21
647.1553724366852
 31
0.0
100
AcDbText
 73
3
  0
TEXT
  5
E3
330
17
100
AcDbEntity
  8
14-PLAN-YAZI
100
AcDbText
 10
68.06345728914543
 20
643.1553724366852
 30
0.0
 40
1.9
  1
Branþman: 3 adet silikon gergi
  7
TRK
 72
2
 11
68.06345728914543
 21
643.1553724366852
 31
0.0
100
AcDbText
 73
3
  0
LWPOLYLINE
  5
E4
330
17
100
AcDbEntity
  8
10-PLAN-GUZERGAH
370
50
100
AcDbPolyline
 90
7
 70
0
 10
71.06345728914543
 20
652.1553724366852
 10
140.0
 20
640.0
 10
124.37166400997627
 20
728.6326977710987
 10
224.37166400997626
 20
728.6326977710987
 10
324.37166400997626
 20
728.6326977710987
 10
424.37166400997626
 20
728.6326977710987
 10
355.42766412926824
 20
786.4835826428873
  0
LWPOLYLINE
  5
E5
330
17
100
AcDbEntity
  8
11-PLAN-AG
  6
DASHED
 48
0.4
100
AcDbPolyline
 90
6
 70
0
 10
141.37873085421708
 20
640.2431074487337
 10
126.04011903960817
 20
727.2326977710987
 10
224.37166400997626
 20
727.2326977710987
 10
324.37166400997626
 20
727.2326977710987
 10
428.21813239721274
 20
727.2326977710987
 10
356.32756678282936
 20
787.5560448632539
  0
TEXT
  5
E6
330
17
100
AcDbEntity
  8
14-PLAN-YAZI
100
AcDbText
 10
106.0874028131069
 20
649.2290710279816
 30
0.0
 40
2.2
  1
a=35,00 m
 50
-10.000000000000048
  7
TRK
 72
1
 11
106.0874028131069
 21
649.2290710279816
 31
0.0
100
AcDbText
 73
2
  0
TEXT
  5
E7
330
17
100
AcDbEntity
  8
14-PLAN-YAZI
100
AcDbText
 10
129.03444719534906
 20
683.7606747170151
 30
0.0
 40
2.2
  1
a=45,00 m
 50
-80.0
  7
TRK
 72
1
 11
129.03444719534906
 21
683.7606747170151
 31
0.0
100
AcDbText
 73
2
  0
TEXT
  5
E8
330
17
100
AcDbEntity
  8
14-PLAN-YAZI
100
AcDbText
 10
174.37166400997626
 20
731.8326977710988
 30
0.0
 40
2.2
  1
a=50,00 m
  7
TRK
 72
1
 11
174.37166400997626
 21
731.8326977710988
 31
0.0
100
AcDbText
 73
2
  0
TEXT
  5
E9
330
17
100
AcDbEntity
  8
14-PLAN-YAZI
100
AcDbText
 10
274.37166400997626
 20
731.8326977710988
 30
0.0
 40
2.2
  1
a=50,00 m
  7
TRK
 72
1
 11
274.37166400997626
 21
731.8326977710988
 31
0.0
100
AcDbText
 73
2
  0
TEXT
  5
EA
330
17
100
AcDbEntity
  8
14-PLAN-YAZI
100
AcDbText
 10
374.37166400997626
 20
731.8326977710988
 30
0.0
 40
2.2
  1
a=50,00 m
  7
TRK
 72
1
 11
374.37166400997626
 21
731.8326977710988
 31
0.0
100
AcDbText
 73
2
  0
TEXT
  5
EB
330
17
100
AcDbEntity
  8
14-PLAN-YAZI
100
AcDbText
 10
391.95658442061915
 20
760.0094824249737
 30
0.0
 40
2.2
  1
a=45,00 m
 50
-40.00000000000003
  7
TRK
 72
1
 11
391.95658442061915
 21
760.0094824249737
 31
0.0
100
AcDbText
 73
2
  0
LWPOLYLINE
  5
EC
330
17
100
AcDbEntity
  8
13-PLAN-DIREK
370
50
100
AcDbPolyline
 90
4
 70
1
 10
142.54558441227158
 20
640.0
 10
140.0
 20
642.5455844122716
 10
137.45441558772842
 20
640.0
 10
140.0
 20
637.4544155877284
  0
LINE
  5
ED
330
17
100
AcDbEntity
  8
13-PLAN-DIREK
100
AcDbLine
 10
142.54558441227158
 20
640.0
 30
0.0
 11
137.45441558772842
 21
640.0
 31
0.0
  0
LINE
  5
EE
330
17
100
AcDbEntity
  8
13-PLAN-DIREK
100
AcDbLine
 10
140.0
 20
642.5455844122716
 30
0.0
 11
140.0
 21
637.4544155877284
 31
0.0
  0
CIRCLE
  5
EF
330
17
100
AcDbEntity
  8
38-SEKSIYONER
100
AcDbCircle
 10
140.0
 20
640.0
 30
0.0
 40
3.6
  0
TEXT
  5
F0
330
17
100
AcDbEntity
  8
14-PLAN-YAZI
100
AcDbText
 10
149.1923881554251
 20
634.3076118445749
 30
0.0
 40
3.5
  1
D1
  7
TRKB
 72
1
 11
149.1923881554251
 21
634.3076118445749
 31
0.0
100
AcDbText
 73
2
  0
TEXT
  5
F1
330
17
100
AcDbEntity
  8
14-PLAN-YAZI
100
AcDbText
 10
149.1923881554251
 20
630.8076118445749
 30
0.0
 40
2.4
  1
K5''
  7
TRK
 72
1
 11
149.1923881554251
 21
630.8076118445749
 31
0.0
100
AcDbText
 73
2
  0
TEXT
  5
F2
330
17
100
AcDbEntity
  8
14-PLAN-YAZI
100
AcDbText
 10
149.1923881554251
 20
627.407611844575
 30
0.0
 40
1.9
  1
SEKSÝYONER + KÖÞE DURD.
  7
TRK
 72
1
 11
149.1923881554251
 21
627.407611844575
 31
0.0
100
AcDbText
 73
2
  0
ARC
  5
F3
330
17
100
AcDbEntity
  8
15-PLAN-ACI
100
AcDbCircle
 10
140.0
 20
640.0
 30
0.0
 40
7.0
100
AcDbArc
 50
100.0
 51
170.0
  0
TEXT
  5
F4
330
17
100
AcDbEntity
  8
15-PLAN-ACI
100
AcDbText
 10
132.57537879754125
 20
647.4246212024588
 30
0.0
 40
2.6
  1
70°
  7
TRKB
 72
1
 11
132.57537879754125
 21
647.4246212024588
 31
0.0
100
AcDbText
 73
2
  0
LWPOLYLINE
  5
F5
330
17
100
AcDbEntity
  8
13-PLAN-DIREK
370
50
100
AcDbPolyline
 90
4
 70
1
 10
121.83576631492633
 20
728.4108354709203
 10
124.59352631015466
 20
726.0968000760488
 10
126.90756170502621
 20
728.8545600712771
 10
124.14980170979788
 20
731.1685954661486
  0
LINE
  5
F6
330
17
100
AcDbEntity
  8
13-PLAN-DIREK
100
AcDbLine
 10
121.83576631492633
 20
728.4108354709203
 30
0.0
 11
126.90756170502621
 21
728.8545600712771
 31
0.0
  0
LINE
  5
F7
330
17
100
AcDbEntity
  8
13-PLAN-DIREK
100
AcDbLine
 10
124.59352631015466
 20
726.0968000760488
 30
0.0
 11
124.14980170979788
 21
731.1685954661486
 31
0.0
  0
TEXT
  5
F8
330
17
100
AcDbEntity
  8
14-PLAN-YAZI
100
AcDbText
 10
114.41308624942955
 20
740.4889366970237
 30
0.0
 40
3.5
  1
D2
  7
TRKB
 72
1
 11
114.41308624942955
 21
740.4889366970237
 31
0.0
100
AcDbText
 73
2
  0
TEXT
  5
F9
330
17
100
AcDbEntity
  8
14-PLAN-YAZI
100
AcDbText
 10
114.41308624942955
 20
736.9889366970237
 30
0.0
 40
2.4
  1
K5''
  7
TRK
 72
1
 11
114.41308624942955
 21
736.9889366970237
 31
0.0
100
AcDbText
 73
2
  0
TEXT
  5
FA
330
17
100
AcDbEntity
  8
14-PLAN-YAZI
100
AcDbText
 10
114.41308624942955
 20
733.5889366970238
 30
0.0
 40
1.9
  1
KÖÞE DURDURUCU
  7
TRK
 72
1
 11
114.41308624942955
 21
733.5889366970238
 31
0.0
100
AcDbText
 73
2
  0
ARC
  5
FB
330
17
100
AcDbEntity
  8
15-PLAN-ACI
100
AcDbCircle
 10
124.37166400997627
 20
728.6326977710987
 30
0.0
 40
7.0
100
AcDbArc
 50
280.0
 51
0.0
  0
TEXT
  5
FC
330
17
100
AcDbEntity
  8
15-PLAN-ACI
100
AcDbText
 10
132.41513066272555
 20
721.8834278693901
 30
0.0
 40
2.6
  1
80°
  7
TRKB
 72
1
 11
132.41513066272555
 21
721.8834278693901
 31
0.0
100
AcDbText
 73
2
  0
LWPOLYLINE
  5
FD
330
17
100
AcDbEntity
  8
13-PLAN-DIREK
370
50
100
AcDbPolyline
 90
4
 70
1
 10
221.97166400997625
 20
729.8326977710988
 10
221.97166400997625
 20
727.4326977710987
 10
226.77166400997626
 20
727.4326977710987
 10
226.77166400997626
 20
729.8326977710988
  0
LINE
  5
FE
330
17
100
AcDbEntity
  8
13-PLAN-DIREK
100
AcDbLine
 10
221.97166400997625
 20
729.8326977710988
 30
0.0
 11
226.77166400997626
 21
727.4326977710987
 31
0.0
  0
LINE
  5
FF
330
17
100
AcDbEntity
  8
13-PLAN-DIREK
100
AcDbLine
 10
221.97166400997625
 20
727.4326977710987
 30
0.0
 11
226.77166400997626
 21
729.8326977710988
 31
0.0
  0
TEXT
  5
100
330
17
100
AcDbEntity
  8
14-PLAN-YAZI
100
AcDbText
 10
224.37166400997626
 20
719.1326977710987
 30
0.0
 40
3.5
  1
D3
  7
TRKB
 72
1
 11
224.37166400997626
 21
719.1326977710987
 31
0.0
100
AcDbText
 73
2
  0
TEXT
  5
101
330
17
100
AcDbEntity
  8
14-PLAN-YAZI
100
AcDbText
 10
224.37166400997626
 20
715.6326977710987
 30
0.0
 40
2.4
  1
12U''
  7
TRK
 72
1
 11
224.37166400997626
 21
715.6326977710987
 31
0.0
100
AcDbText
 73
2
  0
TEXT
  5
102
330
17
100
AcDbEntity
  8
14-PLAN-YAZI
100
AcDbText
 10
224.37166400997626
 20
712.2326977710987
 30
0.0
 40
1.9
  1
TAÞIYICI
  7
TRK
 72
1
 11
224.37166400997626
 21
712.2326977710987
 31
0.0
100
AcDbText
 73
2
  0
LWPOLYLINE
  5
103
330
17
100
AcDbEntity
  8
13-PLAN-DIREK
370
50
100
AcDbPolyline
 90
4
 70
1
 10
321.9716640099763
 20
729.8326977710988
 10
321.9716640099763
 20
727.4326977710987
 10
326.77166400997623
 20
727.4326977710987
 10
326.77166400997623
 20
729.8326977710988
  0
LINE
  5
104
330
17
100
AcDbEntity
  8
13-PLAN-DIREK
100
AcDbLine
 10
321.9716640099763
 20
729.8326977710988
 30
0.0
 11
326.77166400997623
 21
727.4326977710987
 31
0.0
  0
LINE
  5
105
330
17
100
AcDbEntity
  8
13-PLAN-DIREK
100
AcDbLine
 10
321.9716640099763
 20
727.4326977710987
 30
0.0
 11
326.77166400997623
 21
729.8326977710988
 31
0.0
  0
TEXT
  5
106
330
17
100
AcDbEntity
  8
14-PLAN-YAZI
100
AcDbText
 10
324.37166400997626
 20
719.1326977710987
 30
0.0
 40
3.5
  1
D4
  7
TRKB
 72
1
 11
324.37166400997626
 21
719.1326977710987
 31
0.0
100
AcDbText
 73
2
  0
TEXT
  5
107
330
17
100
AcDbEntity
  8
14-PLAN-YAZI
100
AcDbText
 10
324.37166400997626
 20
715.6326977710987
 30
0.0
 40
2.4
  1
12U''
  7
TRK
 72
1
 11
324.37166400997626
 21
715.6326977710987
 31
0.0
100
AcDbText
 73
2
  0
TEXT
  5
108
330
17
100
AcDbEntity
  8
14-PLAN-YAZI
100
AcDbText
 10
324.37166400997626
 20
712.2326977710987
 30
0.0
 40
1.9
  1
TAÞIYICI
  7
TRK
 72
1
 11
324.37166400997626
 21
712.2326977710987
 31
0.0
100
AcDbText
 73
2
  0
LWPOLYLINE
  5
109
330
17
100
AcDbEntity
  8
13-PLAN-DIREK
370
50
100
AcDbPolyline
 90
4
 70
1
 10
426.6787469853771
 20
729.7085082305271
 10
423.2958535505478
 20
730.9397807464995
 10
422.06458103457544
 20
727.5568873116704
 10
425.4474744694047
 20
726.3256147956979
  0
LINE
  5
10A
330
17
100
AcDbEntity
  8
13-PLAN-DIREK
100
AcDbLine
 10
426.6787469853771
 20
729.7085082305271
 30
0.0
 11
422.06458103457544
 21
727.5568873116704
 31
0.0
  0
LINE
  5
10B
330
17
100
AcDbEntity
  8
13-PLAN-DIREK
100
AcDbLine
 10
423.2958535505478
 20
730.9397807464995
 30
0.0
 11
425.4474744694047
 21
726.3256147956979
 31
0.0
  0
TEXT
  5
10C
330
17
100
AcDbEntity
  8
14-PLAN-YAZI
100
AcDbText
 10
436.58766808019305
 20
727.6864359078651
 30
0.0
 40
3.5
  1
D5
  7
TRKB
 72
1
 11
436.58766808019305
 21
727.6864359078651
 31
0.0
100
AcDbText
 73
2
  0
TEXT
  5
10D
330
17
100
AcDbEntity
  8
14-PLAN-YAZI
100
AcDbText
 10
436.58766808019305
 20
724.1864359078651
 30
0.0
 40
2.4
  1
K5''
  7
TRK
 72
1
 11
436.58766808019305
 21
724.1864359078651
 31
0.0
100
AcDbText
 73
2
  0
TEXT
  5
10E
330
17
100
AcDbEntity
  8
14-PLAN-YAZI
100
AcDbText
 10
436.58766808019305
 20
720.7864359078651
 30
0.0
 40
1.9
  1
KÖÞE DURDURUCU
  7
TRK
 72
1
 11
436.58766808019305
 21
720.7864359078651
 31
0.0
100
AcDbText
 73
2
  0
ARC
  5
10F
330
17
100
AcDbEntity
  8
15-PLAN-ACI
100
AcDbCircle
 10
424.37166400997626
 20
728.6326977710987
 30
0.0
 40
7.0
100
AcDbArc
 50
140.0
 51
180.0
  0
TEXT
  5
110
330
17
100
AcDbEntity
  8
15-PLAN-ACI
100
AcDbText
 10
414.5048914917242
 20
732.2239092760183
 30
0.0
 40
2.6
  1
40°
  7
TRKB
 72
1
 11
414.5048914917242
 21
732.2239092760183
 31
0.0
100
AcDbText
 73
2
  0
LWPOLYLINE
  5
111
330
17
100
AcDbEntity
  8
13-PLAN-DIREK
370
50
100
AcDbPolyline
 90
4
 70
1
 10
352.8917664342183
 20
786.2617203427089
 10
355.6495264294466
 20
783.9476849478374
 10
357.96356182431816
 20
786.7054449430657
 10
355.20580182908986
 20
789.0194803379372
  0
LINE
  5
112
330
17
100
AcDbEntity
  8
13-PLAN-DIREK
100
AcDbLine
 10
352.8917664342183
 20
786.2617203427089
 30
0.0
 11
357.96356182431816
 21
786.7054449430657
 31
0.0
  0
LINE
  5
113
330
17
100
AcDbEntity
  8
13-PLAN-DIREK
100
AcDbLine
 10
355.6495264294466
 20
783.9476849478374
 30
0.0
 11
355.20580182908986
 21
789.0194803379372
 31
0.0
  0
LINE
  5
114
330
17
100
AcDbEntity
  8
13-PLAN-DIREK
370
70
100
AcDbLine
 10
354.7364998241277
 20
790.3270565797444
 30
0.0
 11
351.52256177569495
 21
786.4968343641495
 31
0.0
  0
TEXT
  5
115
330
17
100
AcDbEntity
  8
14-PLAN-YAZI
100
AcDbText
 10
359.42766412926824
 20
803.9835826428873
 30
0.0
 40
3.5
  1
D6
  7
TRKB
 72
1
 11
359.42766412926824
 21
803.9835826428873
 31
0.0
100
AcDbText
 73
2
  0
TEXT
  5
116
330
17
100
AcDbEntity
  8
14-PLAN-YAZI
100
AcDbText
 10
359.42766412926824
 20
800.4835826428873
 30
0.0
 40
2.4
  1
K4''
  7
TRK
 72
1
 11
359.42766412926824
 21
800.4835826428873
 31
0.0
100
AcDbText
 73
2
  0
TEXT
  5
117
330
17
100
AcDbEntity
  8
14-PLAN-YAZI
100
AcDbText
 10
359.42766412926824
 20
797.0835826428873
 30
0.0
 40
1.9
  1
NÝHAYET
  7
TRK
 72
1
 11
359.42766412926824
 21
797.0835826428873
 31
0.0
100
AcDbText
 73
2
  0
LWPOLYLINE
  5
118
330
17
100
AcDbEntity
  8
14-PLAN-YAZI
100
AcDbPolyline
 90
4
 70
1
 10
440.0
 20
758.0
 10
444.0
 20
756.0
 10
440.0
 20
782.0
 10
436.0
 20
756.0
  0
HATCH
  5
119
330
17
100
AcDbEntity
  8
14-PLAN-YAZI
 62
7
100
AcDbHatch
 10
0.0
 20
0.0
 30
0.0
210
0.0
220
0.0
230
1.0
  2
SOLID
 70
1
 71
0
 91
1
 92
3
 72
0
 73
1
 93
3
 10
440.0
 20
758.0
 10
440.0
 20
782.0
 10
444.0
 20
756.0
 97
0
 75
1
 76
1
 98
0
  0
TEXT
  5
11A
330
17
100
AcDbEntity
  8
14-PLAN-YAZI
100
AcDbText
 10
440.0
 20
785.0
 30
0.0
 40
4.0
  1
K
  7
TRKB
 72
1
 11
440.0
 21
785.0
 31
0.0
100
AcDbText
 73
1
  0
TEXT
  5
11B
330
17
100
AcDbEntity
  8
14-PLAN-YAZI
100
AcDbText
 10
440.0
 20
752.0
 30
0.0
 40
1.8
  1
(kuzey aplikasyonda teyit edilecek)
  7
TRK
 72
1
 11
440.0
 21
752.0
 31
0.0
100
AcDbText
 73
3
  0
TEXT
  5
11C
330
17
100
AcDbEntity
  8
14-PLAN-YAZI
100
AcDbText
 10
40.0
 20
578.0
 30
0.0
 40
2.3
  1
Hat iç açýlarý: D1=70°, D2=80°, D3=D4=180° (düz), D5=40°; D6 nihayet.
  7
TRK
 11
40.0
 21
578.0
 31
0.0
100
AcDbText
  0
TEXT
  5
11D
330
17
100
AcDbEntity
  8
14-PLAN-YAZI
100
AcDbText
 10
40.0
 20
573.0
 30
0.0
 40
2.3
  1
OG ve AG ayný direkleri kullanýr (müþterek hat). Toplam OG güzergâhý 275,00 m (M-D1 baðlantýsý dahil), AG güzergâhý 240,00 m.
  7
TRK
 11
40.0
 21
573.0
 31
0.0
100
AcDbText
  0
TEXT
  5
11E
330
17
100
AcDbEntity
  8
02-BASLIK
100
AcDbText
 10
40.0
 20
532.0
 30
0.0
 40
4.5
  1
BOY KESÝT (PROFÝL)
  7
TRKB
 11
40.0
 21
532.0
 31
0.0
100
AcDbText
  0
TEXT
  5
11F
330
17
100
AcDbEntity
  8
02-BASLIK
100
AcDbText
 10
130.0
 20
532.0
 30
0.0
 40
3.0
  1
Yatay Ö: 1/500 - Düþey Ö: 1/100
  7
TRK
 11
130.0
 21
532.0
 31
0.0
100
AcDbText
  0
TEXT
  5
120
330
17
100
AcDbEntity
  8
25-PROFIL-BANT
100
AcDbText
 10
45.0
 20
331.5
 30
0.0
 40
2.2
  1
Kýyas kotu: 998,00 m
  7
TRK
 11
45.0
 21
331.5
 31
0.0
100
AcDbText
 73
1
  0
LINE
  5
121
330
17
100
AcDbEntity
  8
25-PROFIL-BANT
100
AcDbLine
 10
121.0
 20
330.0
 30
0.0
 11
123.0
 21
330.0
 31
0.0
  0
TEXT
  5
122
330
17
100
AcDbEntity
  8
25-PROFIL-BANT
100
AcDbText
 10
120.0
 20
330.0
 30
0.0
 40
1.8
  1
998
  7
TRK
 72
2
 11
120.0
 21
330.0
 31
0.0
100
AcDbText
 73
2
  0
LINE
  5
123
330
17
100
AcDbEntity
  8
25-PROFIL-BANT
100
AcDbLine
 10
121.0
 20
340.0
 30
0.0
 11
123.0
 21
340.0
 31
0.0
  0
LINE
  5
124
330
17
100
AcDbEntity
  8
25-PROFIL-BANT
100
AcDbLine
 10
121.0
 20
350.0
 30
0.0
 11
123.0
 21
350.0
 31
0.0
  0
TEXT
  5
125
330
17
100
AcDbEntity
  8
25-PROFIL-BANT
100
AcDbText
 10
120.0
 20
350.0
 30
0.0
 40
1.8
  1
1000
  7
TRK
 72
2
 11
120.0
 21
350.0
 31
0.0
100
AcDbText
 73
2
  0
LINE
  5
126
330
17
100
AcDbEntity
  8
25-PROFIL-BANT
100
AcDbLine
 10
121.0
 20
360.0
 30
0.0
 11
123.0
 21
360.0
 31
0.0
  0
LINE
  5
127
330
17
100
AcDbEntity
  8
25-PROFIL-BANT
100
AcDbLine
 10
121.0
 20
370.0
 30
0.0
 11
123.0
 21
370.0
 31
0.0
  0
TEXT
  5
128
330
17
100
AcDbEntity
  8
25-PROFIL-BANT
100
AcDbText
 10
120.0
 20
370.0
 30
0.0
 40
1.8
  1
1002
  7
TRK
 72
2
 11
120.0
 21
370.0
 31
0.0
100
AcDbText
 73
2
  0
LINE
  5
129
330
17
100
AcDbEntity
  8
25-PROFIL-BANT
100
AcDbLine
 10
121.0
 20
380.0
 30
0.0
 11
123.0
 21
380.0
 31
0.0
  0
LINE
  5
12A
330
17
100
AcDbEntity
  8
25-PROFIL-BANT
100
AcDbLine
 10
121.0
 20
390.0
 30
0.0
 11
123.0
 21
390.0
 31
0.0
  0
TEXT
  5
12B
330
17
100
AcDbEntity
  8
25-PROFIL-BANT
100
AcDbText
 10
120.0
 20
390.0
 30
0.0
 40
1.8
  1
1004
  7
TRK
 72
2
 11
120.0
 21
390.0
 31
0.0
100
AcDbText
 73
2
  0
LINE
  5
12C
330
17
100
AcDbEntity
  8
25-PROFIL-BANT
100
AcDbLine
 10
121.0
 20
400.0
 30
0.0
 11
123.0
 21
400.0
 31
0.0
  0
LINE
  5
12D
330
17
100
AcDbEntity
  8
25-PROFIL-BANT
100
AcDbLine
 10
121.0
 20
410.0
 30
0.0
 11
123.0
 21
410.0
 31
0.0
  0
TEXT
  5
12E
330
17
100
AcDbEntity
  8
25-PROFIL-BANT
100
AcDbText
 10
120.0
 20
410.0
 30
0.0
 40
1.8
  1
1006
  7
TRK
 72
2
 11
120.0
 21
410.0
 31
0.0
100
AcDbText
 73
2
  0
LINE
  5
12F
330
17
100
AcDbEntity
  8
25-PROFIL-BANT
100
AcDbLine
 10
121.0
 20
420.0
 30
0.0
 11
123.0
 21
420.0
 31
0.0
  0
LINE
  5
130
330
17
100
AcDbEntity
  8
25-PROFIL-BANT
100
AcDbLine
 10
121.0
 20
430.0
 30
0.0
 11
123.0
 21
430.0
 31
0.0
  0
TEXT
  5
131
330
17
100
AcDbEntity
  8
25-PROFIL-BANT
100
AcDbText
 10
120.0
 20
430.0
 30
0.0
 40
1.8
  1
1008
  7
TRK
 72
2
 11
120.0
 21
430.0
 31
0.0
100
AcDbText
 73
2
  0
LINE
  5
132
330
17
100
AcDbEntity
  8
25-PROFIL-BANT
100
AcDbLine
 10
121.0
 20
440.0
 30
0.0
 11
123.0
 21
440.0
 31
0.0
  0
LINE
  5
133
330
17
100
AcDbEntity
  8
25-PROFIL-BANT
100
AcDbLine
 10
121.0
 20
450.0
 30
0.0
 11
123.0
 21
450.0
 31
0.0
  0
TEXT
  5
134
330
17
100
AcDbEntity
  8
25-PROFIL-BANT
100
AcDbText
 10
120.0
 20
450.0
 30
0.0
 40
1.8
  1
1010
  7
TRK
 72
2
 11
120.0
 21
450.0
 31
0.0
100
AcDbText
 73
2
  0
LINE
  5
135
330
17
100
AcDbEntity
  8
25-PROFIL-BANT
100
AcDbLine
 10
121.0
 20
460.0
 30
0.0
 11
123.0
 21
460.0
 31
0.0
  0
LINE
  5
136
330
17
100
AcDbEntity
  8
25-PROFIL-BANT
100
AcDbLine
 10
121.0
 20
470.0
 30
0.0
 11
123.0
 21
470.0
 31
0.0
  0
TEXT
  5
137
330
17
100
AcDbEntity
  8
25-PROFIL-BANT
100
AcDbText
 10
120.0
 20
470.0
 30
0.0
 40
1.8
  1
1012
  7
TRK
 72
2
 11
120.0
 21
470.0
 31
0.0
100
AcDbText
 73
2
  0
LINE
  5
138
330
17
100
AcDbEntity
  8
25-PROFIL-BANT
100
AcDbLine
 10
123.0
 20
330.0
 30
0.0
 11
123.0
 21
470.0
 31
0.0
  0
LINE
  5
139
330
17
100
AcDbEntity
  8
25-PROFIL-BANT
370
35
100
AcDbLine
 10
45.0
 20
330.0
 30
0.0
 11
690.0
 21
330.0
 31
0.0
  0
LWPOLYLINE
  5
13A
330
17
100
AcDbEntity
  8
20-PROFIL-ARAZI
370
50
100
AcDbPolyline
 90
9
 70
0
 10
115.0
 20
352.00000000000045
 10
125.0
 20
352.00000000000045
 10
195.0
 20
350.0
 10
285.0
 20
356.0000000000002
 10
385.0
 20
363.9999999999998
 10
485.0
 20
361.0000000000002
 10
585.0
 20
355.0
 10
675.0
 20
350.0
 10
687.0
 20
350.0
  0
HATCH
  5
13B
330
17
100
AcDbEntity
  8
37-TARAMA
 62
7
100
AcDbHatch
 10
0.0
 20
0.0
 30
0.0
210
0.0
220
0.0
230
1.0
  2
EARTH
 70
0
 71
0
 91
1
 92
3
 72
0
 73
1
 93
18
 10
115.0
 20
352.00000000000045
 10
125.0
 20
352.00000000000045
 10
195.0
 20
350.0
 10
285.0
 20
356.0000000000002
 10
385.0
 20
363.9999999999998
 10
485.0
 20
361.0000000000002
 10
585.0
 20
355.0
 10
675.0
 20
350.0
 10
687.0
 20
350.0
 10
687.0
 20
347.5
 10
675.0
 20
347.5
 10
585.0
 20
352.5
 10
485.0
 20
358.5000000000002
 10
385.0
 20
361.4999999999998
 10
285.0
 20
353.5000000000002
 10
195.0
 20
347.5
 10
125.0
 20
349.50000000000045
 10
115.0
 20
349.50000000000045
 97
0
 75
1
 76
1
 52
0.0
 41
0.15
 77
0
 78
6
 53
0.0
 43
0.0
 44
0.0
 45
0.9525
 46
0.9525
 79
2
 49
0.9525
 49
-0.9525
 53
0.0
 43
0.0
 44
0.3571875
 45
0.9525
 46
0.9525
 79
2
 49
0.9525
 49
-0.9525
 53
0.0
 43
0.0
 44
0.714375
 45
0.9525
 46
0.9525
 79
2
 49
0.9525
 49
-0.9525
 53
90.0
 43
0.1190625
 44
0.8334375
 45
-0.9525
 46
0.9525
 79
2
 49
0.9525
 49
-0.9525
 53
90.0
 43
0.47625
 44
0.8334375
 45
-0.9525
 46
0.9525
 79
2
 49
0.9525
 49
-0.9525
 53
90.0
 43
0.8334375
 44
0.8334375
 45
-0.9525
 46
0.9525
 79
2
 49
0.9525
 49
-0.9525
 98
0
  0
LWPOLYLINE
  5
13C
330
17
100
AcDbEntity
  8
21-PROFIL-OG
100
AcDbPolyline
 90
49
 70
0
 10
125.0
 20
442.00000000000045
 10
126.45833333333333
 20
441.590392989001
 10
127.91666666666667
 20
441.20131890045514
 10
129.375
 20
440.83277773436294
 10
130.83333333333334
 20
440.4847694907244
 10
132.29166666666666
 20
440.1572941695406
 10
133.75
 20
439.85035177081045
 10
135.20833333333334
 20
439.5639422945328
 10
136.66666666666666
 20
439.29806574070994
 10
138.125
 20
439.0527221093407
 10
139.58333333333334
 20
438.8279114004263
 10
141.04166666666666
 20
438.62363361396547
 10
142.5
 20
438.4398887499583
 10
143.95833333333334
 20
438.2766768084059
 10
145.41666666666666
 20
438.133997789306
 10
146.875
 20
438.0118516926609
 10
148.33333333333334
 20
437.91023851846944
 10
149.79166666666666
 20
437.82915826673275
 10
151.25
 20
437.7686109374474
 10
152.70833333333334
 20
437.728596530618
 10
154.16666666666666
 20
437.70911504624223
 10
155.625
 20
437.7101664843201
 10
157.08333333333334
 20
437.73175084485274
 10
158.54166666666666
 20
437.7738681278379
 10
160.0
 20
437.8365183332778
 10
161.45833333333334
 20
437.91970146117137
 10
162.91666666666666
 20
438.0234175115197
 10
164.375
 20
438.14766648432055
 10
165.83333333333334
 20
438.2924483795762
 10
167.29166666666666
 20
438.45776319728543
 10
168.75
 20
438.64361093744833
 10
170.20833333333334
 20
438.84999160006487
 10
171.66666666666666
 20
439.07690518513505
 10
173.125
 20
439.32435169266
 10
174.58333333333334
 20
439.5923311226386
 10
176.04166666666666
 20
439.88084347507197
 10
177.5
 20
440.18988874995784
 10
178.95833333333334
 20
440.5194669472985
 10
180.41666666666666
 20
440.8695780670928
 10
181.875
 20
441.2402221093407
 10
183.33333333333334
 20
441.63139907404343
 10
184.79166666666666
 20
442.0431089611998
 10
186.25
 20
442.47535177080863
 10
187.70833333333334
 20
442.92812750287226
 10
189.16666666666669
 20
443.4014361573895
 10
190.625
 20
443.89527773436157
 10
192.08333333333331
 20
444.40965223378726
 10
193.54166666666669
 20
444.9445596556666
 10
195.0
 20
445.49999999999955
  0
LWPOLYLINE
  5
13D
330
17
100
AcDbEntity
  8
23-PROFIL-EMNIYET
 48
0.3
100
AcDbPolyline
 90
49
 70
0
 10
125.0
 20
372.00000000000045
 10
126.45833333333333
 20
371.590392989001
 10
127.91666666666667
 20
371.20131890045514
 10
129.375
 20
370.83277773436294
 10
130.83333333333334
 20
370.4847694907244
 10
132.29166666666666
 20
370.1572941695406
 10
133.75
 20
369.85035177081045
 10
135.20833333333334
 20
369.5639422945328
 10
136.66666666666666
 20
369.29806574070994
 10
138.125
 20
369.0527221093407
 10
139.58333333333334
 20
368.8279114004263
 10
141.04166666666666
 20
368.62363361396547
 10
142.5
 20
368.4398887499583
 10
143.95833333333334
 20
368.2766768084059
 10
145.41666666666666
 20
368.133997789306
 10
146.875
 20
368.0118516926609
 10
148.33333333333334
 20
367.91023851846944
 10
149.79166666666666
 20
367.82915826673275
 10
151.25
 20
367.7686109374474
 10
152.70833333333334
 20
367.728596530618
 10
154.16666666666666
 20
367.70911504624223
 10
155.625
 20
367.7101664843201
 10
157.08333333333334
 20
367.73175084485274
 10
158.54166666666666
 20
367.7738681278379
 10
160.0
 20
367.8365183332778
 10
161.45833333333334
 20
367.91970146117137
 10
162.91666666666666
 20
368.0234175115197
 10
164.375
 20
368.14766648432055
 10
165.83333333333334
 20
368.2924483795762
 10
167.29166666666666
 20
368.45776319728543
 10
168.75
 20
368.64361093744833
 10
170.20833333333334
 20
368.84999160006487
 10
171.66666666666666
 20
369.07690518513505
 10
173.125
 20
369.32435169266
 10
174.58333333333334
 20
369.5923311226386
 10
176.04166666666666
 20
369.88084347507197
 10
177.5
 20
370.18988874995784
 10
178.95833333333334
 20
370.5194669472985
 10
180.41666666666666
 20
370.8695780670928
 10
181.875
 20
371.2402221093407
 10
183.33333333333334
 20
371.63139907404343
 10
184.79166666666666
 20
372.0431089611998
 10
186.25
 20
372.47535177080863
 10
187.70833333333334
 20
372.92812750287226
 10
189.16666666666669
 20
373.4014361573895
 10
190.625
 20
373.89527773436157
 10
192.08333333333331
 20
374.40965223378726
 10
193.54166666666669
 20
374.9445596556666
 10
195.0
 20
375.49999999999955
  0
LWPOLYLINE
  5
13E
330
17
100
AcDbEntity
  8
26-PROFIL-OG-BUZ
 48
0.3
100
AcDbPolyline
 90
49
 70
0
 10
125.0
 20
442.00000000000045
 10
126.45833333333333
 20
441.71679882543344
 10
127.91666666666667
 20
441.44875160155607
 10
129.375
 20
441.1958583283706
 10
130.83333333333334
 20
440.9581190058759
 10
132.29166666666666
 20
440.735533634072
 10
133.75
 20
440.52810221295886
 10
135.20833333333334
 20
440.3358247425342
 10
136.66666666666666
 20
440.1587012228026
 10
138.125
 20
439.9967316537618
 10
139.58333333333334
 20
439.84991603541175
 10
141.04166666666666
 20
439.7182543677525
 10
142.5
 20
439.601746650784
 10
143.95833333333334
 20
439.50039288450625
 10
145.41666666666666
 20
439.41419306892044
 10
146.875
 20
439.34314720402426
 10
148.33333333333334
 20
439.28725528981886
 10
149.79166666666666
 20
439.24651732630423
 10
151.25
 20
439.22093331347924
 10
152.70833333333334
 20
439.2105032513473
 10
154.16666666666666
 20
439.215227139905
 10
155.625
 20
439.23510497915345
 10
157.08333333333334
 20
439.2701367690938
 10
158.54166666666666
 20
439.32032250972384
 10
160.0
 20
439.38566220104576
 10
161.45833333333334
 20
439.4661558430573
 10
162.91666666666666
 20
439.5618034357608
 10
164.375
 20
439.6726049791539
 10
165.83333333333334
 20
439.7985604732389
 10
167.29166666666666
 20
439.9396699180147
 10
168.75
 20
440.09593331348015
 10
170.20833333333334
 20
440.26735065963635
 10
171.66666666666666
 20
440.45392195648446
 10
173.125
 20
440.65564720402335
 10
174.58333333333334
 20
440.872526402253
 10
176.04166666666666
 20
441.1045595511723
 10
177.5
 20
441.3517466507835
 10
178.95833333333334
 20
441.6140877010855
 10
180.41666666666666
 20
441.89158270207827
 10
181.875
 20
442.1842316537618
 10
183.33333333333334
 20
442.4920345561361
 10
184.79166666666666
 20
442.8149914092012
 10
186.25
 20
443.15310221295704
 10
187.70833333333334
 20
443.50636696740366
 10
189.16666666666669
 20
443.87478567254107
 10
190.625
 20
444.25835832836924
 10
192.08333333333331
 20
444.6570849348882
 10
193.54166666666669
 20
445.07096549209905
 10
195.0
 20
445.49999999999955
  0
LWPOLYLINE
  5
13F
330
17
100
AcDbEntity
  8
21-PROFIL-OG
100
AcDbPolyline
 90
49
 70
0
 10
195.0
 20
445.49999999999955
 10
196.875
 20
444.89880102227175
 10
198.75
 20
444.3285041287015
 10
200.625
 20
443.78910931929227
 10
202.5
 20
443.28061659403943
 10
204.375
 20
442.8030259529464
 10
206.25
 20
442.3563373960121
 10
208.125
 20
441.9405509232354
 10
210.0
 20
441.55566653461733
 10
211.875
 20
441.201684230158
 10
213.75
 20
440.87860400985846
 10
215.625
 20
440.58642587371764
 10
217.5
 20
440.32514982173325
 10
219.375
 20
440.0947758539098
 10
221.25
 20
439.89530397024396
 10
223.125
 20
439.7267341707368
 10
225.0
 20
439.58906645538946
 10
226.875
 20
439.48230082419855
 10
228.75
 20
439.40643727716747
 10
230.625
 20
439.3614758142951
 10
232.5
 20
439.3474164355814
 10
234.375
 20
439.3642591410264
 10
236.25
 20
439.412003930629
 10
238.125
 20
439.4906508043914
 10
240.0
 20
439.6001997623114
 10
241.875
 20
439.7406508043912
 10
243.75
 20
439.9120039306297
 10
245.625
 20
440.11425914102574
 10
247.5
 20
440.34741643558164
 10
249.375
 20
440.6114758142962
 10
251.25
 20
440.90643727716724
 10
253.125
 20
441.2323008241992
 10
255.0
 20
441.5890664553888
 10
256.875
 20
441.976734170737
 10
258.75
 20
442.3953039702451
 10
260.625
 20
442.8447758539096
 10
262.5
 20
443.32514982173393
 10
264.375
 20
443.83642587371696
 10
266.25
 20
444.3786040098587
 10
268.125
 20
444.9516842301591
 10
270.0
 20
445.5556665346171
 10
271.875
 20
446.19055092323606
 10
273.75
 20
446.85633739601144
 10
275.625
 20
447.55302595294665
 10
277.5
 20
448.28061659404057
 10
279.375
 20
449.03910931929204
 10
281.25
 20
449.8285041287022
 10
283.125
 20
450.6488010222711
 10
285.0
 20
451.4999999999998
  0
LWPOLYLINE
  5
140
330
17
100
AcDbEntity
  8
23-PROFIL-EMNIYET
 48
0.3
100
AcDbPolyline
 90
49
 70
0
 10
195.0
 20
375.49999999999955
 10
196.875
 20
374.89880102227175
 10
198.75
 20
374.3285041287015
 10
200.625
 20
373.78910931929227
 10
202.5
 20
373.28061659403943
 10
204.375
 20
372.8030259529464
 10
206.25
 20
372.3563373960121
 10
208.125
 20
371.9405509232354
 10
210.0
 20
371.55566653461733
 10
211.875
 20
371.201684230158
 10
213.75
 20
370.87860400985846
 10
215.625
 20
370.58642587371764
 10
217.5
 20
370.32514982173325
 10
219.375
 20
370.0947758539098
 10
221.25
 20
369.89530397024396
 10
223.125
 20
369.7267341707368
 10
225.0
 20
369.58906645538946
 10
226.875
 20
369.48230082419855
 10
228.75
 20
369.40643727716747
 10
230.625
 20
369.3614758142951
 10
232.5
 20
369.3474164355814
 10
234.375
 20
369.3642591410264
 10
236.25
 20
369.412003930629
 10
238.125
 20
369.4906508043914
 10
240.0
 20
369.6001997623114
 10
241.875
 20
369.7406508043912
 10
243.75
 20
369.9120039306297
 10
245.625
 20
370.11425914102574
 10
247.5
 20
370.34741643558164
 10
249.375
 20
370.6114758142962
 10
251.25
 20
370.90643727716724
 10
253.125
 20
371.2323008241992
 10
255.0
 20
371.5890664553888
 10
256.875
 20
371.976734170737
 10
258.75
 20
372.3953039702451
 10
260.625
 20
372.8447758539096
 10
262.5
 20
373.32514982173393
 10
264.375
 20
373.83642587371696
 10
266.25
 20
374.3786040098587
 10
268.125
 20
374.9516842301591
 10
270.0
 20
375.5556665346171
 10
271.875
 20
376.19055092323606
 10
273.75
 20
376.85633739601144
 10
275.625
 20
377.55302595294665
 10
277.5
 20
378.28061659404057
 10
279.375
 20
379.03910931929204
 10
281.25
 20
379.8285041287022
 10
283.125
 20
380.6488010222711
 10
285.0
 20
381.4999999999998
  0
LWPOLYLINE
  5
141
330
17
100
AcDbEntity
  8
26-PROFIL-OG-BUZ
 48
0.3
100
AcDbPolyline
 90
49
 70
0
 10
195.0
 20
445.49999999999955
 10
196.875
 20
445.03631540530705
 10
198.75
 20
444.5976812188974
 10
200.625
 20
444.1840974407751
 10
202.5
 20
443.7955640709356
 10
204.375
 20
443.43208110938235
 10
206.25
 20
443.09364855611307
 10
208.125
 20
442.78026641112774
 10
210.0
 20
442.4919346744298
 10
211.875
 20
442.2286533460135
 10
213.75
 20
441.9904224258846
 10
215.625
 20
441.7772419140397
 10
217.5
 20
441.5891118104787
 10
219.375
 20
441.42603211520395
 10
221.25
 20
441.28800282821317
 10
223.125
 20
441.1750239495075
 10
225.0
 20
441.0870954790869
 10
226.875
 20
441.02421741695025
 10
228.75
 20
440.98638976309985
 10
230.625
 20
440.9736125175323
 10
232.5
 20
440.98588568025093
 10
234.375
 20
441.0232092512547
 10
236.25
 20
441.0855832305424
 10
238.125
 20
441.1730076181152
 10
240.0
 20
441.285482413972
 10
241.875
 20
441.423007618115
 10
243.75
 20
441.5855832305431
 10
245.625
 20
441.773209251254
 10
247.5
 20
441.98588568025116
 10
249.375
 20
442.2236125175334
 10
251.25
 20
442.4863897630996
 10
253.125
 20
442.77421741695093
 10
255.0
 20
443.0870954790862
 10
256.875
 20
443.4250239495077
 10
258.75
 20
443.7880028282143
 10
260.625
 20
444.1760321152037
 10
262.5
 20
444.5891118104794
 10
264.375
 20
445.027241914039
 10
266.25
 20
445.49042242588484
 10
268.125
 20
445.97865334601465
 10
270.0
 20
446.49193467442956
 10
271.875
 20
447.0302664111284
 10
273.75
 20
447.5936485561124
 10
275.625
 20
448.1820811093826
 10
277.5
 20
448.79556407093673
 10
279.375
 20
449.43409744077485
 10
281.25
 20
450.09768121889806
 10
283.125
 20
450.78631540530637
 10
285.0
 20
451.4999999999998
  0
LWPOLYLINE
  5
142
330
17
100
AcDbEntity
  8
22-PROFIL-AG
100
AcDbPolyline
 90
49
 70
0
 10
195.0
 20
420.49999999999955
 10
196.875
 20
419.76709396008914
 10
198.75
 20
419.07955980840256
 10
200.625
 20
418.4373975449387
 10
202.5
 20
417.8406071696975
 10
204.375
 20
417.2891886826801
 10
206.25
 20
416.78314208388656
 10
208.125
 20
416.32246737331457
 10
210.0
 20
415.9071645509664
 10
211.875
 20
415.5372336168409
 10
213.75
 20
415.21267457093927
 10
215.625
 20
414.9334874132603
 10
217.5
 20
414.69967214380404
 10
219.375
 20
414.5112287625727
 10
221.25
 20
414.36815726956297
 10
223.125
 20
414.2704576647759
 10
225.0
 20
414.21812994821266
 10
226.875
 20
414.21117411987325
 10
228.75
 20
414.2495901797565
 10
230.625
 20
414.3333781278625
 10
232.5
 20
414.46253796419114
 10
234.375
 20
414.6370696887436
 10
236.25
 20
414.8569733015188
 10
238.125
 20
415.1222488025178
 10
240.0
 20
415.4328961917395
 10
241.875
 20
415.788915469185
 10
243.75
 20
416.19030663485205
 10
245.625
 20
416.63706968874294
 10
247.5
 20
417.1292046308588
 10
249.375
 20
417.6667114611962
 10
251.25
 20
418.2495901797563
 10
253.125
 20
418.8778407865391
 10
255.0
 20
419.55146328154683
 10
256.875
 20
420.27045766477613
 10
258.75
 20
421.03482393622926
 10
260.625
 20
421.8445620959051
 10
262.5
 20
422.6996721438047
 10
264.375
 20
423.60015407992705
 10
266.25
 20
424.5460079042721
 10
268.125
 20
425.53723361684206
 10
270.0
 20
426.5738312176336
 10
271.875
 20
427.6558007066478
 10
273.75
 20
428.7831420838859
 10
275.625
 20
429.95585534934776
 10
277.5
 20
431.1739405030312
 10
279.375
 20
432.43739754493845
 10
281.25
 20
433.7462264750684
 10
283.125
 20
435.1004272934233
 10
285.0
 20
436.4999999999998
  0
LWPOLYLINE
  5
143
330
17
100
AcDbEntity
  8
23-PROFIL-EMNIYET
 62
4
 48
0.3
100
AcDbPolyline
 90
49
 70
0
 10
195.0
 20
370.49999999999955
 10
196.875
 20
369.76709396008914
 10
198.75
 20
369.07955980840256
 10
200.625
 20
368.4373975449387
 10
202.5
 20
367.8406071696975
 10
204.375
 20
367.2891886826801
 10
206.25
 20
366.78314208388656
 10
208.125
 20
366.32246737331457
 10
210.0
 20
365.9071645509664
 10
211.875
 20
365.5372336168409
 10
213.75
 20
365.21267457093927
 10
215.625
 20
364.9334874132603
 10
217.5
 20
364.69967214380404
 10
219.375
 20
364.5112287625727
 10
221.25
 20
364.36815726956297
 10
223.125
 20
364.2704576647759
 10
225.0
 20
364.21812994821266
 10
226.875
 20
364.21117411987325
 10
228.75
 20
364.2495901797565
 10
230.625
 20
364.3333781278625
 10
232.5
 20
364.46253796419114
 10
234.375
 20
364.6370696887436
 10
236.25
 20
364.8569733015188
 10
238.125
 20
365.1222488025178
 10
240.0
 20
365.4328961917395
 10
241.875
 20
365.788915469185
 10
243.75
 20
366.19030663485205
 10
245.625
 20
366.63706968874294
 10
247.5
 20
367.1292046308588
 10
249.375
 20
367.6667114611962
 10
251.25
 20
368.2495901797563
 10
253.125
 20
368.8778407865391
 10
255.0
 20
369.55146328154683
 10
256.875
 20
370.27045766477613
 10
258.75
 20
371.03482393622926
 10
260.625
 20
371.8445620959051
 10
262.5
 20
372.6996721438047
 10
264.375
 20
373.60015407992705
 10
266.25
 20
374.5460079042721
 10
268.125
 20
375.53723361684206
 10
270.0
 20
376.5738312176336
 10
271.875
 20
377.6558007066478
 10
273.75
 20
378.7831420838859
 10
275.625
 20
379.95585534934776
 10
277.5
 20
381.1739405030312
 10
279.375
 20
382.43739754493845
 10
281.25
 20
383.7462264750684
 10
283.125
 20
385.1004272934233
 10
285.0
 20
386.4999999999998
  0
LWPOLYLINE
  5
144
330
17
100
AcDbEntity
  8
21-PROFIL-OG
100
AcDbPolyline
 90
49
 70
0
 10
285.0
 20
451.4999999999998
 10
287.08333333333337
 20
450.7983776187132
 10
289.16666666666663
 20
450.13370370755183
 10
291.25
 20
449.5059782665169
 10
293.33333333333337
 20
448.9152012956083
 10
295.41666666666663
 20
448.36137279482386
 10
297.5
 20
447.8444927641658
 10
299.58333333333337
 20
447.364561203633
 10
301.66666666666663
 20
446.9215781132266
 10
303.75
 20
446.5155434929454
 10
305.83333333333337
 20
446.1464573427895
 10
307.91666666666663
 20
445.81431966275886
 10
310.0
 20
445.5191304528546
 10
312.08333333333337
 20
445.26088971307786
 10
314.16666666666663
 20
445.0395974434241
 10
316.25
 20
444.85525364389673
 10
318.33333333333337
 20
444.70785831449575
 10
320.41666666666663
 20
444.5974114552189
 10
322.5
 20
444.52391306606955
 10
324.58333333333337
 20
444.48736314704433
 10
326.66666666666663
 20
444.48776169814664
 10
328.75
 20
444.52510871937307
 10
330.83333333333337
 20
444.5994042107259
 10
332.91666666666663
 20
444.71064817220395
 10
335.0
 20
444.85884060380727
 10
337.08333333333337
 20
445.043981505537
 10
339.16666666666663
 20
445.26607087739194
 10
341.25
 20
445.52510871937216
 10
343.33333333333337
 20
445.82109503147876
 10
345.41666666666663
 20
446.15402981371176
 10
347.5
 20
446.52391306607
 10
349.5833333333333
 20
446.9307447885524
 10
351.6666666666667
 20
447.37452498116227
 10
353.75
 20
447.8552536438963
 10
355.8333333333333
 20
448.3729307767567
 10
357.9166666666667
 20
448.92755637974346
 10
360.0
 20
449.5191304528555
 10
362.0833333333333
 20
450.1476529960928
 10
364.1666666666667
 20
450.8131240094565
 10
366.25
 20
451.5155434929454
 10
368.3333333333333
 20
452.2549114465596
 10
370.4166666666667
 20
453.03122787029906
 10
372.5
 20
453.8444927641649
 10
374.5833333333333
 20
454.694706128156
 10
376.6666666666667
 20
455.58186796227346
 10
378.75
 20
456.50597826651733
 10
380.8333333333333
 20
457.4670370408853
 10
382.9166666666667
 20
458.4650442853797
 10
385.0
 20
459.4999999999993
  0
LWPOLYLINE
  5
145
330
17
100
AcDbEntity
  8
23-PROFIL-EMNIYET
 48
0.3
100
AcDbPolyline
 90
49
 70
0
 10
285.0
 20
381.4999999999998
 10
287.08333333333337
 20
380.7983776187132
 10
289.16666666666663
 20
380.13370370755183
 10
291.25
 20
379.5059782665169
 10
293.33333333333337
 20
378.9152012956083
 10
295.41666666666663
 20
378.36137279482386
 10
297.5
 20
377.8444927641658
 10
299.58333333333337
 20
377.364561203633
 10
301.66666666666663
 20
376.9215781132266
 10
303.75
 20
376.5155434929454
 10
305.83333333333337
 20
376.1464573427895
 10
307.91666666666663
 20
375.81431966275886
 10
310.0
 20
375.5191304528546
 10
312.08333333333337
 20
375.26088971307786
 10
314.16666666666663
 20
375.0395974434241
 10
316.25
 20
374.85525364389673
 10
318.33333333333337
 20
374.70785831449575
 10
320.41666666666663
 20
374.5974114552189
 10
322.5
 20
374.52391306606955
 10
324.58333333333337
 20
374.48736314704433
 10
326.66666666666663
 20
374.48776169814664
 10
328.75
 20
374.52510871937307
 10
330.83333333333337
 20
374.5994042107259
 10
332.91666666666663
 20
374.71064817220395
 10
335.0
 20
374.85884060380727
 10
337.08333333333337
 20
375.043981505537
 10
339.16666666666663
 20
375.26607087739194
 10
341.25
 20
375.52510871937216
 10
343.33333333333337
 20
375.82109503147876
 10
345.41666666666663
 20
376.15402981371176
 10
347.5
 20
376.52391306607
 10
349.5833333333333
 20
376.9307447885524
 10
351.6666666666667
 20
377.37452498116227
 10
353.75
 20
377.8552536438963
 10
355.8333333333333
 20
378.3729307767567
 10
357.9166666666667
 20
378.92755637974346
 10
360.0
 20
379.5191304528555
 10
362.0833333333333
 20
380.1476529960928
 10
364.1666666666667
 20
380.8131240094565
 10
366.25
 20
381.5155434929454
 10
368.3333333333333
 20
382.2549114465596
 10
370.4166666666667
 20
383.03122787029906
 10
372.5
 20
383.8444927641649
 10
374.5833333333333
 20
384.694706128156
 10
376.6666666666667
 20
385.58186796227346
 10
378.75
 20
386.50597826651733
 10
380.8333333333333
 20
387.4670370408853
 10
382.9166666666667
 20
388.4650442853797
 10
385.0
 20
389.4999999999993
  0
LWPOLYLINE
  5
146
330
17
100
AcDbEntity
  8
26-PROFIL-OG-BUZ
 48
0.3
100
AcDbPolyline
 90
49
 70
0
 10
285.0
 20
451.4999999999998
 10
287.08333333333337
 20
450.9398955621066
 10
289.16666666666663
 20
450.41071755419466
 10
291.25
 20
449.91246597626514
 10
293.33333333333337
 20
449.4451408283169
 10
295.41666666666663
 20
449.00874211034875
 10
297.5
 20
448.6032698223619
 10
299.58333333333337
 20
448.2287239643563
 10
301.66666666666663
 20
447.88510453633194
 10
303.75
 20
447.57241153829
 10
305.83333333333337
 20
447.2906449702282
 10
307.91666666666663
 20
447.03980483214764
 10
310.0
 20
446.81989112404835
 10
312.08333333333337
 20
446.63090384593147
 10
314.16666666666663
 20
446.4728429977947
 10
316.25
 20
446.3457085796392
 10
318.33333333333337
 20
446.249500591465
 10
320.41666666666663
 20
446.18421903327203
 10
322.5
 20
446.14986390506033
 10
324.58333333333337
 20
446.1464352068299
 10
326.66666666666663
 20
446.17393293858186
 10
328.75
 20
446.23235710031395
 10
330.83333333333337
 20
446.32170769202844
 10
332.91666666666663
 20
446.44198471372306
 10
335.0
 20
446.59318816539894
 10
337.08333333333337
 20
446.7753180470561
 10
339.16666666666663
 20
446.9883743586945
 10
341.25
 20
447.23235710031304
 10
343.33333333333337
 20
447.507266271914
 10
345.41666666666663
 20
447.8131018734973
 10
347.5
 20
448.1498639050608
 10
349.5833333333333
 20
448.5175523666055
 10
351.6666666666667
 20
448.9161672581315
 10
353.75
 20
449.34570857963877
 10
355.8333333333333
 20
449.8061763311273
 10
357.9166666666667
 20
450.2975705125971
 10
360.0
 20
450.81989112404926
 10
362.0833333333333
 20
451.3731381654816
 10
364.1666666666667
 20
451.95731163689516
 10
366.25
 20
452.57241153829
 10
368.3333333333333
 20
453.21843786966497
 10
370.4166666666667
 20
453.89539063102234
 10
372.5
 20
454.60326982236097
 10
374.5833333333333
 20
455.34207544368087
 10
376.6666666666667
 20
456.11180749498203
 10
378.75
 20
456.9124659762656
 10
380.8333333333333
 20
457.74405088752815
 10
382.9166666666667
 20
458.6065622287731
 10
385.0
 20
459.4999999999993
  0
LWPOLYLINE
  5
147
330
17
100
AcDbEntity
  8
22-PROFIL-AG
100
AcDbPolyline
 90
49
 70
0
 10
285.0
 20
436.4999999999998
 10
287.08333333333337
 20
435.3546920042186
 10
289.16666666666663
 20
434.26521271747674
 10
291.25
 20
433.23156213977654
 10
293.33333333333337
 20
432.25374027111684
 10
295.41666666666663
 20
431.33174711149763
 10
297.5
 20
430.4655826609178
 10
299.58333333333337
 20
429.65524691937844
 10
301.66666666666663
 20
428.90073988687845
 10
303.75
 20
428.2020615634201
 10
305.83333333333337
 20
427.55921194900225
 10
307.91666666666663
 20
426.97219104362375
 10
310.0
 20
426.44099884728575
 10
312.08333333333337
 20
425.9656353599894
 10
314.16666666666663
 20
425.5461005817324
 10
316.25
 20
425.1823945125159
 10
318.33333333333337
 20
424.8745171523399
 10
320.41666666666663
 20
424.62246850120323
 10
322.5
 20
424.4262485591082
 10
324.58333333333337
 20
424.28585732605256
 10
326.66666666666663
 20
424.20129480203855
 10
328.75
 20
424.1725609870639
 10
330.83333333333337
 20
424.19965588112973
 10
332.91666666666663
 20
424.28257948423607
 10
335.0
 20
424.42133179638176
 10
337.08333333333337
 20
424.6159128175691
 10
339.16666666666663
 20
424.8663225477958
 10
341.25
 20
425.172560987063
 10
343.33333333333337
 20
425.53462813537067
 10
345.41666666666663
 20
425.95252399272
 10
347.5
 20
426.42624855910867
 10
349.5833333333333
 20
426.9558018345367
 10
351.6666666666667
 20
427.5411838190064
 10
353.75
 20
428.18239451251543
 10
355.8333333333333
 20
428.87943391506496
 10
357.9166666666667
 20
429.632302026655
 10
360.0
 20
430.44099884728666
 10
362.0833333333333
 20
431.3055243769577
 10
364.1666666666667
 20
432.2258786156692
 10
366.25
 20
433.2020615634201
 10
368.3333333333333
 20
434.2340732202115
 10
370.4166666666667
 20
435.3219135860445
 10
372.5
 20
436.4655826609169
 10
374.5833333333333
 20
437.66508044482975
 10
376.6666666666667
 20
438.920406937782
 10
378.75
 20
440.231562139777
 10
380.8333333333333
 20
441.5985460508102
 10
382.9166666666667
 20
443.0213586708851
 10
385.0
 20
444.4999999999993
  0
LWPOLYLINE
  5
148
330
17
100
AcDbEntity
  8
23-PROFIL-EMNIYET
 62
4
 48
0.3
100
AcDbPolyline
 90
49
 70
0
 10
285.0
 20
386.4999999999998
 10
287.08333333333337
 20
385.3546920042186
 10
289.16666666666663
 20
384.26521271747674
 10
291.25
 20
383.23156213977654
 10
293.33333333333337
 20
382.25374027111684
 10
295.41666666666663
 20
381.33174711149763
 10
297.5
 20
380.4655826609178
 10
299.58333333333337
 20
379.65524691937844
 10
301.66666666666663
 20
378.90073988687845
 10
303.75
 20
378.2020615634201
 10
305.83333333333337
 20
377.55921194900225
 10
307.91666666666663
 20
376.97219104362375
 10
310.0
 20
376.44099884728575
 10
312.08333333333337
 20
375.9656353599894
 10
314.16666666666663
 20
375.5461005817324
 10
316.25
 20
375.1823945125159
 10
318.33333333333337
 20
374.8745171523399
 10
320.41666666666663
 20
374.62246850120323
 10
322.5
 20
374.4262485591082
 10
324.58333333333337
 20
374.28585732605256
 10
326.66666666666663
 20
374.20129480203855
 10
328.75
 20
374.1725609870639
 10
330.83333333333337
 20
374.19965588112973
 10
332.91666666666663
 20
374.28257948423607
 10
335.0
 20
374.42133179638176
 10
337.08333333333337
 20
374.6159128175691
 10
339.16666666666663
 20
374.8663225477958
 10
341.25
 20
375.172560987063
 10
343.33333333333337
 20
375.53462813537067
 10
345.41666666666663
 20
375.95252399272
 10
347.5
 20
376.42624855910867
 10
349.5833333333333
 20
376.9558018345367
 10
351.6666666666667
 20
377.5411838190064
 10
353.75
 20
378.18239451251543
 10
355.8333333333333
 20
378.87943391506496
 10
357.9166666666667
 20
379.632302026655
 10
360.0
 20
380.44099884728666
 10
362.0833333333333
 20
381.3055243769577
 10
364.1666666666667
 20
382.2258786156692
 10
366.25
 20
383.2020615634201
 10
368.3333333333333
 20
384.2340732202115
 10
370.4166666666667
 20
385.3219135860445
 10
372.5
 20
386.4655826609169
 10
374.5833333333333
 20
387.66508044482975
 10
376.6666666666667
 20
388.920406937782
 10
378.75
 20
390.231562139777
 10
380.8333333333333
 20
391.5985460508102
 10
382.9166666666667
 20
393.0213586708851
 10
385.0
 20
394.4999999999993
  0
LWPOLYLINE
  5
149
330
17
100
AcDbEntity
  8
21-PROFIL-OG
100
AcDbPolyline
 90
49
 70
0
 10
385.0
 20
459.4999999999993
 10
387.0833333333333
 20
458.569210952046
 10
389.1666666666667
 20
457.6753703742179
 10
391.25
 20
456.81847826651733
 10
393.3333333333333
 20
455.9985346289409
 10
395.4166666666667
 20
455.2155394614897
 10
397.5
 20
454.4694927641649
 10
399.5833333333333
 20
453.76039453696535
 10
401.6666666666667
 20
453.08824477989333
 10
403.75
 20
452.4530434929454
 10
405.8333333333333
 20
451.8547906761228
 10
407.9166666666667
 20
451.2934863294254
 10
410.0
 20
450.7691304528555
 10
412.0833333333333
 20
450.2817230464109
 10
414.1666666666667
 20
449.8312641100904
 10
416.25
 20
449.4177536438963
 10
418.3333333333333
 20
449.04119164782855
 10
420.4166666666667
 20
448.7015781218861
 10
422.5
 20
448.39891306607
 10
424.5833333333333
 20
448.13319648037805
 10
426.6666666666667
 20
447.9044283648125
 10
428.75
 20
447.71260871937216
 10
430.8333333333333
 20
447.55773754405936
 10
432.9166666666667
 20
447.4398148388707
 10
435.0
 20
447.35884060380727
 10
437.0833333333333
 20
447.31481483887023
 10
439.1666666666667
 20
447.30773754405845
 10
441.25
 20
447.33760871937307
 10
443.3333333333333
 20
447.40442836481293
 10
445.4166666666667
 20
447.50819648037805
 10
447.5
 20
447.64891306606955
 10
449.5833333333333
 20
447.8265781218852
 10
451.6666666666667
 20
448.04119164782946
 10
453.75
 20
448.29275364389673
 10
455.8333333333333
 20
448.5812641100904
 10
457.9166666666667
 20
448.90672304641043
 10
460.0
 20
449.2691304528546
 10
462.0833333333333
 20
449.6684863294263
 10
464.1666666666667
 20
450.10479067612323
 10
466.25
 20
450.5780434929454
 10
468.3333333333333
 20
451.0882447798929
 10
470.4166666666667
 20
451.6353945369667
 10
472.5
 20
452.2194927641658
 10
474.5833333333333
 20
452.84053946149015
 10
476.6666666666667
 20
453.4985346289409
 10
478.75
 20
454.1934782665169
 10
480.8333333333333
 20
454.92537037421926
 10
482.9166666666667
 20
455.6942109520469
 10
485.0
 20
456.4999999999998
  0
LWPOLYLINE
  5
14A
330
17
100
AcDbEntity
  8
23-PROFIL-EMNIYET
 48
0.3
100
AcDbPolyline
 90
49
 70
0
 10
385.0
 20
389.4999999999993
 10
387.0833333333333
 20
388.569210952046
 10
389.1666666666667
 20
387.6753703742179
 10
391.25
 20
386.81847826651733
 10
393.3333333333333
 20
385.9985346289409
 10
395.4166666666667
 20
385.2155394614897
 10
397.5
 20
384.4694927641649
 10
399.5833333333333
 20
383.76039453696535
 10
401.6666666666667
 20
383.08824477989333
 10
403.75
 20
382.4530434929454
 10
405.8333333333333
 20
381.8547906761228
 10
407.9166666666667
 20
381.2934863294254
 10
410.0
 20
380.7691304528555
 10
412.0833333333333
 20
380.2817230464109
 10
414.1666666666667
 20
379.8312641100904
 10
416.25
 20
379.4177536438963
 10
418.3333333333333
 20
379.04119164782855
 10
420.4166666666667
 20
378.7015781218861
 10
422.5
 20
378.39891306607
 10
424.5833333333333
 20
378.13319648037805
 10
426.6666666666667
 20
377.9044283648125
 10
428.75
 20
377.71260871937216
 10
430.8333333333333
 20
377.55773754405936
 10
432.9166666666667
 20
377.4398148388707
 10
435.0
 20
377.35884060380727
 10
437.0833333333333
 20
377.31481483887023
 10
439.1666666666667
 20
377.30773754405845
 10
441.25
 20
377.33760871937307
 10
443.3333333333333
 20
377.40442836481293
 10
445.4166666666667
 20
377.50819648037805
 10
447.5
 20
377.64891306606955
 10
449.5833333333333
 20
377.8265781218852
 10
451.6666666666667
 20
378.04119164782946
 10
453.75
 20
378.29275364389673
 10
455.8333333333333
 20
378.5812641100904
 10
457.9166666666667
 20
378.90672304641043
 10
460.0
 20
379.2691304528546
 10
462.0833333333333
 20
379.6684863294263
 10
464.1666666666667
 20
380.10479067612323
 10
466.25
 20
380.5780434929454
 10
468.3333333333333
 20
381.0882447798929
 10
470.4166666666667
 20
381.6353945369667
 10
472.5
 20
382.2194927641658
 10
474.5833333333333
 20
382.84053946149015
 10
476.6666666666667
 20
383.4985346289409
 10
478.75
 20
384.1934782665169
 10
480.8333333333333
 20
384.92537037421926
 10
482.9166666666667
 20
385.6942109520469
 10
485.0
 20
386.4999999999998
  0
LWPOLYLINE
  5
14B
330
17
100
AcDbEntity
  8
26-PROFIL-OG-BUZ
 48
0.3
100
AcDbPolyline
 90
49
 70
0
 10
385.0
 20
459.4999999999993
 10
387.0833333333333
 20
458.7107288954394
 10
389.1666666666667
 20
457.9523842208607
 10
391.25
 20
457.2249659762656
 10
393.3333333333333
 20
456.52847416164946
 10
395.4166666666667
 20
455.8629087770146
 10
397.5
 20
455.22826982236097
 10
399.5833333333333
 20
454.6245572976886
 10
401.6666666666667
 20
454.0517712029987
 10
403.75
 20
453.50991153829
 10
405.8333333333333
 20
452.99897830356144
 10
407.9166666666667
 20
452.51897149881415
 10
410.0
 20
452.06989112404926
 10
412.0833333333333
 20
451.6517371792645
 10
414.1666666666667
 20
451.264509664461
 10
416.25
 20
450.90820857963877
 10
418.3333333333333
 20
450.5828339247978
 10
420.4166666666667
 20
450.2883856999392
 10
422.5
 20
450.0248639050608
 10
424.5833333333333
 20
449.7922685401636
 10
426.6666666666667
 20
449.5905996052477
 10
428.75
 20
449.41985710031304
 10
430.8333333333333
 20
449.2800410253619
 10
432.9166666666667
 20
449.1711513803898
 10
435.0
 20
449.09318816539894
 10
437.0833333333333
 20
449.04615138038935
 10
439.1666666666667
 20
449.030041025361
 10
441.25
 20
449.04485710031395
 10
443.3333333333333
 20
449.09059960524814
 10
445.4166666666667
 20
449.1672685401636
 10
447.5
 20
449.27486390506033
 10
449.5833333333333
 20
449.4133856999383
 10
451.6666666666667
 20
449.5828339247987
 10
453.75
 20
449.7832085796392
 10
455.8333333333333
 20
450.014509664461
 10
457.9166666666667
 20
450.27673717926405
 10
460.0
 20
450.56989112404835
 10
462.0833333333333
 20
450.89397149881506
 10
464.1666666666667
 20
451.2489783035619
 10
466.25
 20
451.63491153829
 10
468.3333333333333
 20
452.0517712029982
 10
470.4166666666667
 20
452.49955729769
 10
472.5
 20
452.9782698223619
 10
474.5833333333333
 20
453.48790877701504
 10
476.6666666666667
 20
454.02847416164946
 10
478.75
 20
454.59996597626514
 10
480.8333333333333
 20
455.2023842208621
 10
482.9166666666667
 20
455.8357288954403
 10
485.0
 20
456.4999999999998
  0
LWPOLYLINE
  5
14C
330
17
100
AcDbEntity
  8
22-PROFIL-AG
100
AcDbPolyline
 90
49
 70
0
 10
385.0
 20
444.4999999999993
 10
387.0833333333333
 20
443.1255253375514
 10
389.1666666666667
 20
441.8068793841428
 10
391.25
 20
440.544062139777
 10
393.3333333333333
 20
439.3370736044494
 10
395.4166666666667
 20
438.18591377816347
 10
397.5
 20
437.0905826609169
 10
399.5833333333333
 20
436.0510802527108
 10
401.6666666666667
 20
435.0674065535452
 10
403.75
 20
434.1395615634201
 10
405.8333333333333
 20
433.2675452823355
 10
407.9166666666667
 20
432.45135771029027
 10
410.0
 20
431.69099884728666
 10
412.0833333333333
 20
430.9864686933224
 10
414.1666666666667
 20
430.3377672483987
 10
416.25
 20
429.74489451251543
 10
418.3333333333333
 20
429.2078504856727
 10
420.4166666666667
 20
428.7266351678704
 10
422.5
 20
428.30124855910867
 10
424.5833333333333
 20
427.9316906593863
 10
426.6666666666667
 20
427.6179614687044
 10
428.75
 20
427.360060987063
 10
430.8333333333333
 20
427.1579892144632
 10
432.9166666666667
 20
427.0117461509028
 10
435.0
 20
426.92133179638176
 10
437.0833333333333
 20
426.88674615090235
 10
439.1666666666667
 20
426.9079892144623
 10
441.25
 20
426.9850609870639
 10
443.3333333333333
 20
427.11796146870483
 10
445.4166666666667
 20
427.3066906593863
 10
447.5
 20
427.5512485591082
 10
449.5833333333333
 20
427.8516351678695
 10
451.6666666666667
 20
428.2078504856736
 10
453.75
 20
428.6198945125159
 10
455.8333333333333
 20
429.0877672483987
 10
457.9166666666667
 20
429.61146869332197
 10
460.0
 20
430.19099884728575
 10
462.0833333333333
 20
430.8263577102912
 10
464.1666666666667
 20
431.51754528233596
 10
466.25
 20
432.2645615634201
 10
468.3333333333333
 20
433.06740655354474
 10
470.4166666666667
 20
433.92608025271215
 10
472.5
 20
434.8405826609178
 10
474.5833333333333
 20
435.8109137781639
 10
476.6666666666667
 20
436.8370736044494
 10
478.75
 20
437.91906213977654
 10
480.8333333333333
 20
439.05687938414417
 10
482.9166666666667
 20
440.2505253375523
 10
485.0
 20
441.4999999999998
  0
LWPOLYLINE
  5
14D
330
17
100
AcDbEntity
  8
23-PROFIL-EMNIYET
 62
4
 48
0.3
100
AcDbPolyline
 90
49
 70
0
 10
385.0
 20
394.4999999999993
 10
387.0833333333333
 20
393.1255253375514
 10
389.1666666666667
 20
391.8068793841428
 10
391.25
 20
390.544062139777
 10
393.3333333333333
 20
389.3370736044494
 10
395.4166666666667
 20
388.18591377816347
 10
397.5
 20
387.0905826609169
 10
399.5833333333333
 20
386.0510802527108
 10
401.6666666666667
 20
385.0674065535452
 10
403.75
 20
384.1395615634201
 10
405.8333333333333
 20
383.2675452823355
 10
407.9166666666667
 20
382.45135771029027
 10
410.0
 20
381.69099884728666
 10
412.0833333333333
 20
380.9864686933224
 10
414.1666666666667
 20
380.3377672483987
 10
416.25
 20
379.74489451251543
 10
418.3333333333333
 20
379.2078504856727
 10
420.4166666666667
 20
378.7266351678704
 10
422.5
 20
378.30124855910867
 10
424.5833333333333
 20
377.9316906593863
 10
426.6666666666667
 20
377.6179614687044
 10
428.75
 20
377.360060987063
 10
430.8333333333333
 20
377.1579892144632
 10
432.9166666666667
 20
377.0117461509028
 10
435.0
 20
376.92133179638176
 10
437.0833333333333
 20
376.88674615090235
 10
439.1666666666667
 20
376.9079892144623
 10
441.25
 20
376.9850609870639
 10
443.3333333333333
 20
377.11796146870483
 10
445.4166666666667
 20
377.3066906593863
 10
447.5
 20
377.5512485591082
 10
449.5833333333333
 20
377.8516351678695
 10
451.6666666666667
 20
378.2078504856736
 10
453.75
 20
378.6198945125159
 10
455.8333333333333
 20
379.0877672483987
 10
457.9166666666667
 20
379.61146869332197
 10
460.0
 20
380.19099884728575
 10
462.0833333333333
 20
380.8263577102912
 10
464.1666666666667
 20
381.51754528233596
 10
466.25
 20
382.2645615634201
 10
468.3333333333333
 20
383.06740655354474
 10
470.4166666666667
 20
383.92608025271215
 10
472.5
 20
384.8405826609178
 10
474.5833333333333
 20
385.8109137781639
 10
476.6666666666667
 20
386.8370736044494
 10
478.75
 20
387.91906213977654
 10
480.8333333333333
 20
389.05687938414417
 10
482.9166666666667
 20
390.2505253375523
 10
485.0
 20
391.4999999999998
  0
LWPOLYLINE
  5
14E
330
17
100
AcDbEntity
  8
21-PROFIL-OG
100
AcDbPolyline
 90
49
 70
0
 10
485.0
 20
456.4999999999998
 10
487.0833333333333
 20
455.5067109520462
 10
489.1666666666667
 20
454.550370374219
 10
491.25
 20
453.6309782665171
 10
493.3333333333333
 20
452.74853462894157
 10
495.4166666666667
 20
451.90303946149015
 10
497.5
 20
451.0944927641651
 10
499.5833333333333
 20
450.3228945369665
 10
501.6666666666667
 20
449.5882447798931
 10
503.75
 20
448.8905434929461
 10
505.8333333333333
 20
448.22979067612323
 10
507.9166666666667
 20
447.6059863294256
 10
510.0
 20
447.0191304528555
 10
512.0833333333333
 20
446.46922304641066
 10
514.1666666666667
 20
445.95626411009107
 10
516.25
 20
445.48025364389673
 10
518.3333333333333
 20
445.0411916478288
 10
520.4166666666667
 20
444.6390781218861
 10
522.5
 20
444.2739130660698
 10
524.5833333333333
 20
443.94569648037873
 10
526.6666666666667
 20
443.65442836481293
 10
528.75
 20
443.4001087193724
 10
530.8333333333333
 20
443.18273754405936
 10
532.9166666666667
 20
443.00231483887046
 10
535.0
 20
442.8588406038068
 10
537.0833333333333
 20
442.7523148388707
 10
539.1666666666667
 20
442.6827375440587
 10
541.25
 20
442.65010871937307
 10
543.3333333333333
 20
442.6544283648127
 10
545.4166666666667
 20
442.6956964803776
 10
547.5
 20
442.77391306607
 10
549.5833333333333
 20
442.8890781218854
 10
551.6666666666667
 20
443.04119164782946
 10
553.75
 20
443.2302536438965
 10
555.8333333333333
 20
443.45626411008993
 10
557.9166666666667
 20
443.7192230464109
 10
560.0
 20
444.0191304528548
 10
562.0833333333333
 20
444.3559863294263
 10
564.1666666666667
 20
444.729790676123
 10
566.25
 20
445.14054349294497
 10
568.3333333333333
 20
445.58824477989333
 10
570.4166666666667
 20
446.0728945369658
 10
572.5
 20
446.5944927641658
 10
574.5833333333333
 20
447.1530394614899
 10
576.6666666666667
 20
447.74853462894043
 10
578.75
 20
448.38097826651733
 10
580.8333333333333
 20
449.05037037421835
 10
582.9166666666667
 20
449.7567109520469
 10
585.0
 20
450.49999999999955
  0
LWPOLYLINE
  5
14F
330
17
100
AcDbEntity
  8
23-PROFIL-EMNIYET
 48
0.3
100
AcDbPolyline
 90
49
 70
0
 10
485.0
 20
386.4999999999998
 10
487.0833333333333
 20
385.5067109520462
 10
489.1666666666667
 20
384.550370374219
 10
491.25
 20
383.6309782665171
 10
493.3333333333333
 20
382.74853462894157
 10
495.4166666666667
 20
381.90303946149015
 10
497.5
 20
381.0944927641651
 10
499.5833333333333
 20
380.3228945369665
 10
501.6666666666667
 20
379.5882447798931
 10
503.75
 20
378.8905434929461
 10
505.8333333333333
 20
378.22979067612323
 10
507.9166666666667
 20
377.6059863294256
 10
510.0
 20
377.0191304528555
 10
512.0833333333333
 20
376.46922304641066
 10
514.1666666666667
 20
375.95626411009107
 10
516.25
 20
375.48025364389673
 10
518.3333333333333
 20
375.0411916478288
 10
520.4166666666667
 20
374.6390781218861
 10
522.5
 20
374.2739130660698
 10
524.5833333333333
 20
373.94569648037873
 10
526.6666666666667
 20
373.65442836481293
 10
528.75
 20
373.4001087193724
 10
530.8333333333333
 20
373.18273754405936
 10
532.9166666666667
 20
373.00231483887046
 10
535.0
 20
372.8588406038068
 10
537.0833333333333
 20
372.7523148388707
 10
539.1666666666667
 20
372.6827375440587
 10
541.25
 20
372.65010871937307
 10
543.3333333333333
 20
372.6544283648127
 10
545.4166666666667
 20
372.6956964803776
 10
547.5
 20
372.77391306607
 10
549.5833333333333
 20
372.8890781218854
 10
551.6666666666667
 20
373.04119164782946
 10
553.75
 20
373.2302536438965
 10
555.8333333333333
 20
373.45626411008993
 10
557.9166666666667
 20
373.7192230464109
 10
560.0
 20
374.0191304528548
 10
562.0833333333333
 20
374.3559863294263
 10
564.1666666666667
 20
374.729790676123
 10
566.25
 20
375.14054349294497
 10
568.3333333333333
 20
375.58824477989333
 10
570.4166666666667
 20
376.0728945369658
 10
572.5
 20
376.5944927641658
 10
574.5833333333333
 20
377.1530394614899
 10
576.6666666666667
 20
377.74853462894043
 10
578.75
 20
378.38097826651733
 10
580.8333333333333
 20
379.05037037421835
 10
582.9166666666667
 20
379.7567109520469
 10
585.0
 20
380.49999999999955
  0
LWPOLYLINE
  5
150
330
17
100
AcDbEntity
  8
26-PROFIL-OG-BUZ
 48
0.3
100
AcDbPolyline
 90
49
 70
0
 10
485.0
 20
456.4999999999998
 10
487.0833333333333
 20
455.6482288954396
 10
489.1666666666667
 20
454.82738422086186
 10
491.25
 20
454.03746597626537
 10
493.3333333333333
 20
453.27847416165014
 10
495.4166666666667
 20
452.55040877701504
 10
497.5
 20
451.8532698223612
 10
499.5833333333333
 20
451.18705729768976
 10
501.6666666666667
 20
450.55177120299845
 10
503.75
 20
449.9474115382907
 10
505.8333333333333
 20
449.3739783035619
 10
507.9166666666667
 20
448.8314714988144
 10
510.0
 20
448.31989112404926
 10
512.0833333333333
 20
447.8392371792643
 10
514.1666666666667
 20
447.3895096644617
 10
516.25
 20
446.9707085796392
 10
518.3333333333333
 20
446.582833924798
 10
520.4166666666667
 20
446.2258856999392
 10
522.5
 20
445.89986390506056
 10
524.5833333333333
 20
445.6047685401643
 10
526.6666666666667
 20
445.34059960524814
 10
528.75
 20
445.10735710031327
 10
530.8333333333333
 20
444.9050410253619
 10
532.9166666666667
 20
444.7336513803896
 10
535.0
 20
444.5931881653985
 10
537.0833333333333
 20
444.4836513803898
 10
539.1666666666667
 20
444.40504102536124
 10
541.25
 20
444.35735710031395
 10
543.3333333333333
 20
444.3405996052479
 10
545.4166666666667
 20
444.35476854016315
 10
547.5
 20
444.3998639050608
 10
549.5833333333333
 20
444.47588569993854
 10
551.6666666666667
 20
444.5828339247987
 10
553.75
 20
444.720708579639
 10
555.8333333333333
 20
444.88950966446055
 10
557.9166666666667
 20
445.0892371792645
 10
560.0
 20
445.3198911240486
 10
562.0833333333333
 20
445.58147149881506
 10
564.1666666666667
 20
445.87397830356167
 10
566.25
 20
446.19741153828954
 10
568.3333333333333
 20
446.5517712029987
 10
570.4166666666667
 20
446.9370572976891
 10
572.5
 20
447.3532698223619
 10
574.5833333333333
 20
447.8004087770148
 10
576.6666666666667
 20
448.278474161649
 10
578.75
 20
448.7874659762656
 10
580.8333333333333
 20
449.3273842208612
 10
582.9166666666667
 20
449.8982288954403
 10
585.0
 20
450.49999999999955
  0
LWPOLYLINE
  5
151
330
17
100
AcDbEntity
  8
22-PROFIL-AG
100
AcDbPolyline
 90
49
 70
0
 10
485.0
 20
441.4999999999998
 10
487.0833333333333
 20
440.0630253375516
 10
489.1666666666667
 20
438.68187938414394
 10
491.25
 20
437.35656213977677
 10
493.3333333333333
 20
436.0870736044501
 10
495.4166666666667
 20
434.8734137781639
 10
497.5
 20
433.7155826609171
 10
499.5833333333333
 20
432.6135802527119
 10
501.6666666666667
 20
431.56740655354497
 10
503.75
 20
430.5770615634208
 10
505.8333333333333
 20
429.64254528233596
 10
507.9166666666667
 20
428.7638577102905
 10
510.0
 20
427.94099884728666
 10
512.0833333333333
 20
427.1739686933222
 10
514.1666666666667
 20
426.46276724839936
 10
516.25
 20
425.8073945125159
 10
518.3333333333333
 20
425.2078504856729
 10
520.4166666666667
 20
424.6641351678704
 10
522.5
 20
424.17624855910844
 10
524.5833333333333
 20
423.74419065938696
 10
526.6666666666667
 20
423.36796146870483
 10
528.75
 20
423.0475609870632
 10
530.8333333333333
 20
422.7829892144632
 10
532.9166666666667
 20
422.5742461509026
 10
535.0
 20
422.4213317963813
 10
537.0833333333333
 20
422.3242461509028
 10
539.1666666666667
 20
422.28298921446253
 10
541.25
 20
422.2975609870639
 10
543.3333333333333
 20
422.3679614687046
 10
545.4166666666667
 20
422.4941906593858
 10
547.5
 20
422.67624855910867
 10
549.5833333333333
 20
422.91413516786974
 10
551.6666666666667
 20
423.2078504856736
 10
553.75
 20
423.55739451251566
 10
555.8333333333333
 20
423.9627672483982
 10
557.9166666666667
 20
424.4239686933224
 10
560.0
 20
424.940998847286
 10
562.0833333333333
 20
425.5138577102912
 10
564.1666666666667
 20
426.14254528233573
 10
566.25
 20
426.82706156341965
 10
568.3333333333333
 20
427.5674065535452
 10
570.4166666666667
 20
428.36358025271124
 10
572.5
 20
429.2155826609178
 10
574.5833333333333
 20
430.1234137781637
 10
576.6666666666667
 20
431.08707360444896
 10
578.75
 20
432.106562139777
 10
580.8333333333333
 20
433.18187938414326
 10
582.9166666666667
 20
434.3130253375523
 10
585.0
 20
435.49999999999955
  0
LWPOLYLINE
  5
152
330
17
100
AcDbEntity
  8
23-PROFIL-EMNIYET
 62
4
 48
0.3
100
AcDbPolyline
 90
49
 70
0
 10
485.0
 20
391.4999999999998
 10
487.0833333333333
 20
390.0630253375516
 10
489.1666666666667
 20
388.68187938414394
 10
491.25
 20
387.35656213977677
 10
493.3333333333333
 20
386.0870736044501
 10
495.4166666666667
 20
384.8734137781639
 10
497.5
 20
383.7155826609171
 10
499.5833333333333
 20
382.6135802527119
 10
501.6666666666667
 20
381.56740655354497
 10
503.75
 20
380.5770615634208
 10
505.8333333333333
 20
379.64254528233596
 10
507.9166666666667
 20
378.7638577102905
 10
510.0
 20
377.94099884728666
 10
512.0833333333333
 20
377.1739686933222
 10
514.1666666666667
 20
376.46276724839936
 10
516.25
 20
375.8073945125159
 10
518.3333333333333
 20
375.2078504856729
 10
520.4166666666667
 20
374.6641351678704
 10
522.5
 20
374.17624855910844
 10
524.5833333333333
 20
373.74419065938696
 10
526.6666666666667
 20
373.36796146870483
 10
528.75
 20
373.0475609870632
 10
530.8333333333333
 20
372.7829892144632
 10
532.9166666666667
 20
372.5742461509026
 10
535.0
 20
372.4213317963813
 10
537.0833333333333
 20
372.3242461509028
 10
539.1666666666667
 20
372.28298921446253
 10
541.25
 20
372.2975609870639
 10
543.3333333333333
 20
372.3679614687046
 10
545.4166666666667
 20
372.4941906593858
 10
547.5
 20
372.67624855910867
 10
549.5833333333333
 20
372.91413516786974
 10
551.6666666666667
 20
373.2078504856736
 10
553.75
 20
373.55739451251566
 10
555.8333333333333
 20
373.9627672483982
 10
557.9166666666667
 20
374.4239686933224
 10
560.0
 20
374.940998847286
 10
562.0833333333333
 20
375.5138577102912
 10
564.1666666666667
 20
376.14254528233573
 10
566.25
 20
376.82706156341965
 10
568.3333333333333
 20
377.5674065535452
 10
570.4166666666667
 20
378.36358025271124
 10
572.5
 20
379.2155826609178
 10
574.5833333333333
 20
380.1234137781637
 10
576.6666666666667
 20
381.08707360444896
 10
578.75
 20
382.106562139777
 10
580.8333333333333
 20
383.18187938414326
 10
582.9166666666667
 20
384.3130253375523
 10
585.0
 20
385.49999999999955
  0
LWPOLYLINE
  5
153
330
17
100
AcDbEntity
  8
21-PROFIL-OG
100
AcDbPolyline
 90
49
 70
0
 10
585.0
 20
450.49999999999955
 10
586.875
 20
449.669634355605
 10
588.75
 20
448.87017079536804
 10
590.625
 20
448.10160931929204
 10
592.5
 20
447.3639499273736
 10
594.375
 20
446.6571926196127
 10
596.25
 20
445.98133739601167
 10
598.125
 20
445.3363842565693
 10
600.0
 20
444.7223332012834
 10
601.875
 20
444.13918423015843
 10
603.75
 20
443.5869373431922
 10
605.625
 20
443.0655925403835
 10
607.5
 20
442.5751498217335
 10
609.375
 20
442.1156091872433
 10
611.25
 20
441.6869706369107
 10
613.125
 20
441.2892341707368
 10
615.0
 20
440.9223997887227
 10
616.875
 20
440.58646749086506
 10
618.75
 20
440.28143727716724
 10
620.625
 20
440.00730914762926
 10
622.5
 20
439.7640831022477
 10
624.375
 20
439.55175914102597
 10
626.25
 20
439.37033726396294
 10
628.125
 20
439.21981747105747
 10
630.0
 20
439.10019976231183
 10
631.875
 20
439.0114841377249
 10
633.75
 20
438.9536705972955
 10
635.625
 20
438.92675914102597
 10
637.5
 20
438.9307497689151
 10
639.375
 20
438.96564248096183
 10
641.25
 20
439.03143727716724
 10
643.125
 20
439.1281341575325
 10
645.0
 20
439.2557331220553
 10
646.875
 20
439.4142341707368
 10
648.75
 20
439.6036373035781
 10
650.625
 20
439.8239425205759
 10
652.5
 20
440.0751498217335
 10
654.375
 20
440.3572592070509
 10
656.25
 20
440.67027067652475
 10
658.125
 20
441.01418423015843
 10
660.0
 20
441.3889998679508
 10
661.875
 20
441.7947175899019
 10
663.75
 20
442.23133739601167
 10
665.625
 20
442.69885928628014
 10
667.5
 20
443.1972832607062
 10
669.375
 20
443.72660931929204
 10
671.25
 20
444.28683746203546
 10
673.125
 20
444.8779676889376
 10
675.0
 20
445.49999999999955
  0
LWPOLYLINE
  5
154
330
17
100
AcDbEntity
  8
23-PROFIL-EMNIYET
 48
0.3
100
AcDbPolyline
 90
49
 70
0
 10
585.0
 20
380.49999999999955
 10
586.875
 20
379.669634355605
 10
588.75
 20
378.87017079536804
 10
590.625
 20
378.10160931929204
 10
592.5
 20
377.3639499273736
 10
594.375
 20
376.6571926196127
 10
596.25
 20
375.98133739601167
 10
598.125
 20
375.3363842565693
 10
600.0
 20
374.7223332012834
 10
601.875
 20
374.13918423015843
 10
603.75
 20
373.5869373431922
 10
605.625
 20
373.0655925403835
 10
607.5
 20
372.5751498217335
 10
609.375
 20
372.1156091872433
 10
611.25
 20
371.6869706369107
 10
613.125
 20
371.2892341707368
 10
615.0
 20
370.9223997887227
 10
616.875
 20
370.58646749086506
 10
618.75
 20
370.28143727716724
 10
620.625
 20
370.00730914762926
 10
622.5
 20
369.7640831022477
 10
624.375
 20
369.55175914102597
 10
626.25
 20
369.37033726396294
 10
628.125
 20
369.21981747105747
 10
630.0
 20
369.10019976231183
 10
631.875
 20
369.0114841377249
 10
633.75
 20
368.9536705972955
 10
635.625
 20
368.92675914102597
 10
637.5
 20
368.9307497689151
 10
639.375
 20
368.96564248096183
 10
641.25
 20
369.03143727716724
 10
643.125
 20
369.1281341575325
 10
645.0
 20
369.2557331220553
 10
646.875
 20
369.4142341707368
 10
648.75
 20
369.6036373035781
 10
650.625
 20
369.8239425205759
 10
652.5
 20
370.0751498217335
 10
654.375
 20
370.3572592070509
 10
656.25
 20
370.67027067652475
 10
658.125
 20
371.01418423015843
 10
660.0
 20
371.3889998679508
 10
661.875
 20
371.7947175899019
 10
663.75
 20
372.23133739601167
 10
665.625
 20
372.69885928628014
 10
667.5
 20
373.1972832607062
 10
669.375
 20
373.72660931929204
 10
671.25
 20
374.28683746203546
 10
673.125
 20
374.8779676889376
 10
675.0
 20
375.49999999999955
  0
LWPOLYLINE
  5
155
330
17
100
AcDbEntity
  8
26-PROFIL-OG-BUZ
 48
0.3
100
AcDbPolyline
 90
49
 70
0
 10
585.0
 20
450.49999999999955
 10
586.875
 20
449.8071487386403
 10
588.75
 20
449.1393478855639
 10
590.625
 20
448.49659744077485
 10
592.5
 20
447.87889740426976
 10
594.375
 20
447.28624777604864
 10
596.25
 20
446.7186485561126
 10
598.125
 20
446.1760997444617
 10
600.0
 20
445.65860134109585
 10
601.875
 20
445.16615334601397
 10
603.75
 20
444.69875575921833
 10
605.625
 20
444.2564085807055
 10
607.5
 20
443.8391118104789
 10
609.375
 20
443.44686544853744
 10
611.25
 20
443.0796694948799
 10
613.125
 20
442.7375239495075
 10
615.0
 20
442.42042881242014
 10
616.875
 20
442.12838408361677
 10
618.75
 20
441.8613897630996
 10
620.625
 20
441.61944585086644
 10
622.5
 20
441.4025523469172
 10
624.375
 20
441.21070925125423
 10
626.25
 20
441.04391656387634
 10
628.125
 20
440.90217428478127
 10
630.0
 20
440.78548241397243
 10
631.875
 20
440.6938409514487
 10
633.75
 20
440.6272498972089
 10
635.625
 20
440.58570925125423
 10
637.5
 20
440.56921901358464
 10
639.375
 20
440.577779184199
 10
641.25
 20
440.6113897630996
 10
643.125
 20
440.6700507502842
 10
645.0
 20
440.7537621457527
 10
646.875
 20
440.8625239495075
 10
648.75
 20
440.99633616154733
 10
650.625
 20
441.15519878187
 10
652.5
 20
441.3391118104789
 10
654.375
 20
441.54807524737294
 10
656.25
 20
441.7820890925509
 10
658.125
 20
442.04115334601397
 10
660.0
 20
442.32526800776327
 10
661.875
 20
442.63443307779426
 10
663.75
 20
442.9686485561126
 10
665.625
 20
443.32791444271606
 10
667.5
 20
443.71223073760234
 10
669.375
 20
444.12159744077485
 10
671.25
 20
444.5560145522313
 10
673.125
 20
445.0154820719729
 10
675.0
 20
445.49999999999955
  0
LWPOLYLINE
  5
156
330
17
100
AcDbEntity
  8
22-PROFIL-AG
100
AcDbPolyline
 90
49
 70
0
 10
585.0
 20
435.49999999999955
 10
586.875
 20
434.3295939600898
 10
588.75
 20
433.20455980840165
 10
590.625
 20
432.12489754493845
 10
592.5
 20
431.09060716969793
 10
594.375
 20
430.1016886826801
 10
596.25
 20
429.1581420838861
 10
598.125
 20
428.2599673733148
 10
600.0
 20
427.4071645509662
 10
601.875
 20
426.5997336168414
 10
603.75
 20
425.83767457093927
 10
605.625
 20
425.12098741325985
 10
607.5
 20
424.44967214380426
 10
609.375
 20
423.8237287625725
 10
611.25
 20
423.2431572695623
 10
613.125
 20
422.7079576647759
 10
615.0
 20
422.21812994821335
 10
616.875
 20
421.77367411987234
 10
618.75
 20
421.3745901797563
 10
620.625
 20
421.02087812786294
 10
622.5
 20
420.71253796419114
 10
624.375
 20
420.44956968874317
 10
626.25
 20
420.231973301519
 10
628.125
 20
420.05974880251756
 10
630.0
 20
419.9328961917399
 10
631.875
 20
419.851415469185
 10
633.75
 20
419.8153066348516
 10
635.625
 20
419.82456968874317
 10
637.5
 20
419.87920463085857
 10
639.375
 20
419.9792114611955
 10
641.25
 20
420.1245901797563
 10
643.125
 20
420.31534078653976
 10
645.0
 20
420.5514632815459
 10
646.875
 20
420.8329576647759
 10
648.75
 20
421.1598239362297
 10
650.625
 20
421.5320620959051
 10
652.5
 20
421.94967214380426
 10
654.375
 20
422.4126540799273
 10
656.25
 20
422.92100790427185
 10
658.125
 20
423.4747336168414
 10
660.0
 20
424.0738312176336
 10
661.875
 20
424.71830070664737
 10
663.75
 20
425.4081420838861
 10
665.625
 20
426.14335534934753
 10
667.5
 20
426.9239405030305
 10
669.375
 20
427.74989754493845
 10
671.25
 20
428.6212264750691
 10
673.125
 20
429.5379272934224
 10
675.0
 20
430.49999999999955
  0
LWPOLYLINE
  5
157
330
17
100
AcDbEntity
  8
23-PROFIL-EMNIYET
 62
4
 48
0.3
100
AcDbPolyline
 90
49
 70
0
 10
585.0
 20
385.49999999999955
 10
586.875
 20
384.3295939600898
 10
588.75
 20
383.20455980840165
 10
590.625
 20
382.12489754493845
 10
592.5
 20
381.09060716969793
 10
594.375
 20
380.1016886826801
 10
596.25
 20
379.1581420838861
 10
598.125
 20
378.2599673733148
 10
600.0
 20
377.4071645509662
 10
601.875
 20
376.5997336168414
 10
603.75
 20
375.83767457093927
 10
605.625
 20
375.12098741325985
 10
607.5
 20
374.44967214380426
 10
609.375
 20
373.8237287625725
 10
611.25
 20
373.2431572695623
 10
613.125
 20
372.7079576647759
 10
615.0
 20
372.21812994821335
 10
616.875
 20
371.77367411987234
 10
618.75
 20
371.3745901797563
 10
620.625
 20
371.02087812786294
 10
622.5
 20
370.71253796419114
 10
624.375
 20
370.44956968874317
 10
626.25
 20
370.231973301519
 10
628.125
 20
370.05974880251756
 10
630.0
 20
369.9328961917399
 10
631.875
 20
369.851415469185
 10
633.75
 20
369.8153066348516
 10
635.625
 20
369.82456968874317
 10
637.5
 20
369.87920463085857
 10
639.375
 20
369.9792114611955
 10
641.25
 20
370.1245901797563
 10
643.125
 20
370.31534078653976
 10
645.0
 20
370.5514632815459
 10
646.875
 20
370.8329576647759
 10
648.75
 20
371.1598239362297
 10
650.625
 20
371.5320620959051
 10
652.5
 20
371.94967214380426
 10
654.375
 20
372.4126540799273
 10
656.25
 20
372.92100790427185
 10
658.125
 20
373.4747336168414
 10
660.0
 20
374.0738312176336
 10
661.875
 20
374.71830070664737
 10
663.75
 20
375.4081420838861
 10
665.625
 20
376.14335534934753
 10
667.5
 20
376.9239405030305
 10
669.375
 20
377.74989754493845
 10
671.25
 20
378.6212264750691
 10
673.125
 20
379.5379272934224
 10
675.0
 20
380.49999999999955
  0
LINE
  5
158
330
17
100
AcDbEntity
  8
24-PROFIL-DIREK
  6
DASHED
 48
0.3
100
AcDbLine
 10
125.0
 20
352.00000000000045
 30
0.0
 11
125.0
 21
452.00000000000045
 31
0.0
  0
TEXT
  5
159
330
17
100
AcDbEntity
  8
24-PROFIL-DIREK
100
AcDbText
 10
125.0
 20
454.00000000000045
 30
0.0
 40
2.4
  1
M (MEVCUT)
  7
TRKB
 72
1
 11
125.0
 21
454.00000000000045
 31
0.0
100
AcDbText
 73
1
  0
LWPOLYLINE
  5
15A
330
17
100
AcDbEntity
  8
24-PROFIL-DIREK
370
50
100
AcDbPolyline
 90
4
 70
0
 10
193.8
 20
350.0
 10
194.6
 20
447.3000000000002
 10
195.4
 20
447.3000000000002
 10
196.2
 20
350.0
  0
LINE
  5
15B
330
17
100
AcDbEntity
  8
24-PROFIL-DIREK
100
AcDbLine
 10
192.5
 20
445.49999999999955
 30
0.0
 11
197.5
 21
445.49999999999955
 31
0.0
  0
LINE
  5
15C
330
17
100
AcDbEntity
  8
22-PROFIL-AG
100
AcDbLine
 10
193.2
 20
420.49999999999955
 30
0.0
 11
196.8
 21
420.49999999999955
 31
0.0
  0
TEXT
  5
15D
330
17
100
AcDbEntity
  8
24-PROFIL-DIREK
100
AcDbText
 10
195.0
 20
453.3000000000002
 30
0.0
 40
3.0
  1
D1
  7
TRKB
 72
1
 11
195.0
 21
453.3000000000002
 31
0.0
100
AcDbText
 73
1
  0
TEXT
  5
15E
330
17
100
AcDbEntity
  8
24-PROFIL-DIREK
100
AcDbText
 10
195.0
 20
449.3000000000002
 30
0.0
 40
2.2
  1
K5''
  7
TRK
 72
1
 11
195.0
 21
449.3000000000002
 31
0.0
100
AcDbText
 73
1
  0
TEXT
  5
15F
330
17
100
AcDbEntity
  8
38-SEKSIYONER
100
AcDbText
 10
198.0
 20
438.4999999999991
 30
0.0
 40
1.8
  1
AYIRICI
  7
TRK
 11
198.0
 21
438.4999999999991
 31
0.0
100
AcDbText
 73
2
  0
LWPOLYLINE
  5
160
330
17
100
AcDbEntity
  8
38-SEKSIYONER
100
AcDbPolyline
 90
4
 70
1
 10
195.5
 20
435.9999999999991
 10
197.5
 20
435.9999999999991
 10
197.5
 20
440.9999999999991
 10
195.5
 20
440.9999999999991
  0
LWPOLYLINE
  5
161
330
17
100
AcDbEntity
  8
24-PROFIL-DIREK
370
50
100
AcDbPolyline
 90
4
 70
0
 10
283.8
 20
356.0000000000002
 10
284.6
 20
453.3000000000004
 10
285.4
 20
453.3000000000004
 10
286.2
 20
356.0000000000002
  0
LINE
  5
162
330
17
100
AcDbEntity
  8
24-PROFIL-DIREK
100
AcDbLine
 10
282.5
 20
451.4999999999998
 30
0.0
 11
287.5
 21
451.4999999999998
 31
0.0
  0
LINE
  5
163
330
17
100
AcDbEntity
  8
22-PROFIL-AG
100
AcDbLine
 10
283.2
 20
436.4999999999998
 30
0.0
 11
286.8
 21
436.4999999999998
 31
0.0
  0
TEXT
  5
164
330
17
100
AcDbEntity
  8
24-PROFIL-DIREK
100
AcDbText
 10
285.0
 20
459.3000000000004
 30
0.0
 40
3.0
  1
D2
  7
TRKB
 72
1
 11
285.0
 21
459.3000000000004
 31
0.0
100
AcDbText
 73
1
  0
TEXT
  5
165
330
17
100
AcDbEntity
  8
24-PROFIL-DIREK
100
AcDbText
 10
285.0
 20
455.3000000000004
 30
0.0
 40
2.2
  1
K5''
  7
TRK
 72
1
 11
285.0
 21
455.3000000000004
 31
0.0
100
AcDbText
 73
1
  0
LWPOLYLINE
  5
166
330
17
100
AcDbEntity
  8
24-PROFIL-DIREK
370
50
100
AcDbPolyline
 90
4
 70
0
 10
384.2
 20
363.9999999999998
 10
384.6
 20
461.29999999999995
 10
385.4
 20
461.29999999999995
 10
385.8
 20
363.9999999999998
  0
LINE
  5
167
330
17
100
AcDbEntity
  8
24-PROFIL-DIREK
100
AcDbLine
 10
382.5
 20
459.4999999999993
 30
0.0
 11
387.5
 21
459.4999999999993
 31
0.0
  0
LINE
  5
168
330
17
100
AcDbEntity
  8
22-PROFIL-AG
100
AcDbLine
 10
383.2
 20
444.4999999999993
 30
0.0
 11
386.8
 21
444.4999999999993
 31
0.0
  0
TEXT
  5
169
330
17
100
AcDbEntity
  8
24-PROFIL-DIREK
100
AcDbText
 10
385.0
 20
467.29999999999995
 30
0.0
 40
3.0
  1
D3
  7
TRKB
 72
1
 11
385.0
 21
467.29999999999995
 31
0.0
100
AcDbText
 73
1
  0
TEXT
  5
16A
330
17
100
AcDbEntity
  8
24-PROFIL-DIREK
100
AcDbText
 10
385.0
 20
463.29999999999995
 30
0.0
 40
2.2
  1
12U''
  7
TRK
 72
1
 11
385.0
 21
463.29999999999995
 31
0.0
100
AcDbText
 73
1
  0
LWPOLYLINE
  5
16B
330
17
100
AcDbEntity
  8
24-PROFIL-DIREK
370
50
100
AcDbPolyline
 90
4
 70
0
 10
484.2
 20
361.0000000000002
 10
484.6
 20
458.3000000000004
 10
485.4
 20
458.3000000000004
 10
485.8
 20
361.0000000000002
  0
LINE
  5
16C
330
17
100
AcDbEntity
  8
24-PROFIL-DIREK
100
AcDbLine
 10
482.5
 20
456.4999999999998
 30
0.0
 11
487.5
 21
456.4999999999998
 31
0.0
  0
LINE
  5
16D
330
17
100
AcDbEntity
  8
22-PROFIL-AG
100
AcDbLine
 10
483.2
 20
441.4999999999998
 30
0.0
 11
486.8
 21
441.4999999999998
 31
0.0
  0
TEXT
  5
16E
330
17
100
AcDbEntity
  8
24-PROFIL-DIREK
100
AcDbText
 10
485.0
 20
464.3000000000004
 30
0.0
 40
3.0
  1
D4
  7
TRKB
 72
1
 11
485.0
 21
464.3000000000004
 31
0.0
100
AcDbText
 73
1
  0
TEXT
  5
16F
330
17
100
AcDbEntity
  8
24-PROFIL-DIREK
100
AcDbText
 10
485.0
 20
460.3000000000004
 30
0.0
 40
2.2
  1
12U''
  7
TRK
 72
1
 11
485.0
 21
460.3000000000004
 31
0.0
100
AcDbText
 73
1
  0
LWPOLYLINE
  5
170
330
17
100
AcDbEntity
  8
24-PROFIL-DIREK
370
50
100
AcDbPolyline
 90
4
 70
0
 10
583.8
 20
355.0
 10
584.6
 20
452.3000000000002
 10
585.4
 20
452.3000000000002
 10
586.2
 20
355.0
  0
LINE
  5
171
330
17
100
AcDbEntity
  8
24-PROFIL-DIREK
100
AcDbLine
 10
582.5
 20
450.49999999999955
 30
0.0
 11
587.5
 21
450.49999999999955
 31
0.0
  0
LINE
  5
172
330
17
100
AcDbEntity
  8
22-PROFIL-AG
100
AcDbLine
 10
583.2
 20
435.49999999999955
 30
0.0
 11
586.8
 21
435.49999999999955
 31
0.0
  0
TEXT
  5
173
330
17
100
AcDbEntity
  8
24-PROFIL-DIREK
100
AcDbText
 10
585.0
 20
458.3000000000002
 30
0.0
 40
3.0
  1
D5
  7
TRKB
 72
1
 11
585.0
 21
458.3000000000002
 31
0.0
100
AcDbText
 73
1
  0
TEXT
  5
174
330
17
100
AcDbEntity
  8
24-PROFIL-DIREK
100
AcDbText
 10
585.0
 20
454.3000000000002
 30
0.0
 40
2.2
  1
K5''
  7
TRK
 72
1
 11
585.0
 21
454.3000000000002
 31
0.0
100
AcDbText
 73
1
  0
LWPOLYLINE
  5
175
330
17
100
AcDbEntity
  8
24-PROFIL-DIREK
370
50
100
AcDbPolyline
 90
4
 70
0
 10
673.8
 20
350.0
 10
674.6
 20
447.3000000000002
 10
675.4
 20
447.3000000000002
 10
676.2
 20
350.0
  0
LINE
  5
176
330
17
100
AcDbEntity
  8
24-PROFIL-DIREK
100
AcDbLine
 10
672.5
 20
445.49999999999955
 30
0.0
 11
677.5
 21
445.49999999999955
 31
0.0
  0
LINE
  5
177
330
17
100
AcDbEntity
  8
22-PROFIL-AG
100
AcDbLine
 10
673.2
 20
430.49999999999955
 30
0.0
 11
676.8
 21
430.49999999999955
 31
0.0
  0
TEXT
  5
178
330
17
100
AcDbEntity
  8
24-PROFIL-DIREK
100
AcDbText
 10
675.0
 20
453.3000000000002
 30
0.0
 40
3.0
  1
D6
  7
TRKB
 72
1
 11
675.0
 21
453.3000000000002
 31
0.0
100
AcDbText
 73
1
  0
TEXT
  5
179
330
17
100
AcDbEntity
  8
24-PROFIL-DIREK
100
AcDbText
 10
675.0
 20
449.3000000000002
 30
0.0
 40
2.2
  1
K4''
  7
TRK
 72
1
 11
675.0
 21
449.3000000000002
 31
0.0
100
AcDbText
 73
1
  0
LINE
  5
17A
330
17
100
AcDbEntity
  8
21-PROFIL-OG
 48
0.3
100
AcDbLine
 10
140.0
 20
524.0
 30
0.0
 11
154.0
 21
524.0
 31
0.0
  0
TEXT
  5
17B
330
17
100
AcDbEntity
  8
25-PROFIL-BANT
100
AcDbText
 10
156.0
 20
524.0
 30
0.0
 40
2.0
  1
OG iletken, +40 °C en büyük salgý
  7
TRK
 11
156.0
 21
524.0
 31
0.0
100
AcDbText
 73
2
  0
LINE
  5
17C
330
17
100
AcDbEntity
  8
26-PROFIL-OG-BUZ
 48
0.3
100
AcDbLine
 10
140.0
 20
519.8
 30
0.0
 11
154.0
 21
519.8
 31
0.0
  0
TEXT
  5
17D
330
17
100
AcDbEntity
  8
25-PROFIL-BANT
100
AcDbText
 10
156.0
 20
519.8
 30
0.0
 40
2.0
  1
OG iletken, -5 °C + buz
  7
TRK
 11
156.0
 21
519.8
 31
0.0
100
AcDbText
 73
2
  0
LINE
  5
17E
330
17
100
AcDbEntity
  8
22-PROFIL-AG
 48
0.3
100
AcDbLine
 10
140.0
 20
515.5999999999999
 30
0.0
 11
154.0
 21
515.5999999999999
 31
0.0
  0
TEXT
  5
17F
330
17
100
AcDbEntity
  8
25-PROFIL-BANT
100
AcDbText
 10
156.0
 20
515.5999999999999
 30
0.0
 40
2.0
  1
AG AER, en büyük salgý
  7
TRK
 11
156.0
 21
515.5999999999999
 31
0.0
100
AcDbText
 73
2
  0
LINE
  5
180
330
17
100
AcDbEntity
  8
23-PROFIL-EMNIYET
 48
0.3
100
AcDbLine
 10
140.0
 20
511.3999999999999
 30
0.0
 11
154.0
 21
511.3999999999999
 31
0.0
  0
TEXT
  5
181
330
17
100
AcDbEntity
  8
25-PROFIL-BANT
100
AcDbText
 10
156.0
 20
511.3999999999999
 30
0.0
 40
2.0
  1
OG emniyet eðrisi (iletken - 7,0 m)
  7
TRK
 11
156.0
 21
511.3999999999999
 31
0.0
100
AcDbText
 73
2
  0
LINE
  5
182
330
17
100
AcDbEntity
  8
23-PROFIL-EMNIYET
 62
4
 48
0.3
100
AcDbLine
 10
140.0
 20
507.19999999999993
 30
0.0
 11
154.0
 21
507.19999999999993
 31
0.0
  0
TEXT
  5
183
330
17
100
AcDbEntity
  8
25-PROFIL-BANT
100
AcDbText
 10
156.0
 20
507.19999999999993
 30
0.0
 40
2.0
  1
AG emniyet eðrisi (iletken - 5,0 m)
  7
TRK
 11
156.0
 21
507.19999999999993
 31
0.0
100
AcDbText
 73
2
  0
TEXT
  5
184
330
17
100
AcDbEntity
  8
25-PROFIL-BANT
100
AcDbText
 10
300.0
 20
524.0
 30
0.0
 40
1.9
  1
Arazi kotlarý temsilidir; aplikasyon/halihazýr ölçüsüne göre revize edilecektir.
  7
TRK
 11
300.0
 21
524.0
 31
0.0
100
AcDbText
 73
2
  0
TEXT
  5
185
330
17
100
AcDbEntity
  8
25-PROFIL-BANT
100
AcDbText
 10
300.0
 20
519.8
 30
0.0
 40
1.9
  1
Emniyet eðrileri zemini kesmemelidir (EKATY Çizelge-8: OG 7,0 m ; AG yalýtýlmýþ 5,0 m).
  7
TRK
 11
300.0
 21
519.8
 31
0.0
100
AcDbText
 73
2
  0
LINE
  5
186
330
17
100
AcDbEntity
  8
25-PROFIL-BANT
100
AcDbLine
 10
45.0
 20
321.0
 30
0.0
 11
690.0
 21
321.0
 31
0.0
  0
TEXT
  5
187
330
17
100
AcDbEntity
  8
25-PROFIL-BANT
100
AcDbText
 10
47.0
 20
325.5
 30
0.0
 40
2.0
  1
DÝREK NO
  7
TRKB
 11
47.0
 21
325.5
 31
0.0
100
AcDbText
 73
2
  0
TEXT
  5
188
330
17
100
AcDbEntity
  8
25-PROFIL-BANT
100
AcDbText
 10
125.0
 20
325.5
 30
0.0
 40
2.0
  1
M
  7
TRK
 72
1
 11
125.0
 21
325.5
 31
0.0
100
AcDbText
 73
2
  0
TEXT
  5
189
330
17
100
AcDbEntity
  8
25-PROFIL-BANT
100
AcDbText
 10
195.0
 20
325.5
 30
0.0
 40
2.0
  1
D1
  7
TRK
 72
1
 11
195.0
 21
325.5
 31
0.0
100
AcDbText
 73
2
  0
TEXT
  5
18A
330
17
100
AcDbEntity
  8
25-PROFIL-BANT
100
AcDbText
 10
285.0
 20
325.5
 30
0.0
 40
2.0
  1
D2
  7
TRK
 72
1
 11
285.0
 21
325.5
 31
0.0
100
AcDbText
 73
2
  0
TEXT
  5
18B
330
17
100
AcDbEntity
  8
25-PROFIL-BANT
100
AcDbText
 10
385.0
 20
325.5
 30
0.0
 40
2.0
  1
D3
  7
TRK
 72
1
 11
385.0
 21
325.5
 31
0.0
100
AcDbText
 73
2
  0
TEXT
  5
18C
330
17
100
AcDbEntity
  8
25-PROFIL-BANT
100
AcDbText
 10
485.0
 20
325.5
 30
0.0
 40
2.0
  1
D4
  7
TRK
 72
1
 11
485.0
 21
325.5
 31
0.0
100
AcDbText
 73
2
  0
TEXT
  5
18D
330
17
100
AcDbEntity
  8
25-PROFIL-BANT
100
AcDbText
 10
585.0
 20
325.5
 30
0.0
 40
2.0
  1
D5
  7
TRK
 72
1
 11
585.0
 21
325.5
 31
0.0
100
AcDbText
 73
2
  0
TEXT
  5
18E
330
17
100
AcDbEntity
  8
25-PROFIL-BANT
100
AcDbText
 10
675.0
 20
325.5
 30
0.0
 40
2.0
  1
D6
  7
TRK
 72
1
 11
675.0
 21
325.5
 31
0.0
100
AcDbText
 73
2
  0
LINE
  5
18F
330
17
100
AcDbEntity
  8
25-PROFIL-BANT
100
AcDbLine
 10
45.0
 20
312.0
 30
0.0
 11
690.0
 21
312.0
 31
0.0
  0
TEXT
  5
190
330
17
100
AcDbEntity
  8
25-PROFIL-BANT
100
AcDbText
 10
47.0
 20
316.5
 30
0.0
 40
2.0
  1
DÝREK TÝPÝ
  7
TRKB
 11
47.0
 21
316.5
 31
0.0
100
AcDbText
 73
2
  0
TEXT
  5
191
330
17
100
AcDbEntity
  8
25-PROFIL-BANT
100
AcDbText
 10
125.0
 20
316.5
 30
0.0
 40
2.0
  1
Mevcut
  7
TRK
 72
1
 11
125.0
 21
316.5
 31
0.0
100
AcDbText
 73
2
  0
TEXT
  5
192
330
17
100
AcDbEntity
  8
25-PROFIL-BANT
100
AcDbText
 10
195.0
 20
316.5
 30
0.0
 40
2.0
  1
K5''
  7
TRK
 72
1
 11
195.0
 21
316.5
 31
0.0
100
AcDbText
 73
2
  0
TEXT
  5
193
330
17
100
AcDbEntity
  8
25-PROFIL-BANT
100
AcDbText
 10
285.0
 20
316.5
 30
0.0
 40
2.0
  1
K5''
  7
TRK
 72
1
 11
285.0
 21
316.5
 31
0.0
100
AcDbText
 73
2
  0
TEXT
  5
194
330
17
100
AcDbEntity
  8
25-PROFIL-BANT
100
AcDbText
 10
385.0
 20
316.5
 30
0.0
 40
2.0
  1
12U''
  7
TRK
 72
1
 11
385.0
 21
316.5
 31
0.0
100
AcDbText
 73
2
  0
TEXT
  5
195
330
17
100
AcDbEntity
  8
25-PROFIL-BANT
100
AcDbText
 10
485.0
 20
316.5
 30
0.0
 40
2.0
  1
12U''
  7
TRK
 72
1
 11
485.0
 21
316.5
 31
0.0
100
AcDbText
 73
2
  0
TEXT
  5
196
330
17
100
AcDbEntity
  8
25-PROFIL-BANT
100
AcDbText
 10
585.0
 20
316.5
 30
0.0
 40
2.0
  1
K5''
  7
TRK
 72
1
 11
585.0
 21
316.5
 31
0.0
100
AcDbText
 73
2
  0
TEXT
  5
197
330
17
100
AcDbEntity
  8
25-PROFIL-BANT
100
AcDbText
 10
675.0
 20
316.5
 30
0.0
 40
2.0
  1
K4''
  7
TRK
 72
1
 11
675.0
 21
316.5
 31
0.0
100
AcDbText
 73
2
  0
LINE
  5
198
330
17
100
AcDbEntity
  8
25-PROFIL-BANT
100
AcDbLine
 10
45.0
 20
303.0
 30
0.0
 11
690.0
 21
303.0
 31
0.0
  0
TEXT
  5
199
330
17
100
AcDbEntity
  8
25-PROFIL-BANT
100
AcDbText
 10
47.0
 20
307.5
 30
0.0
 40
2.0
  1
DÝREK GÖREVÝ
  7
TRKB
 11
47.0
 21
307.5
 31
0.0
100
AcDbText
 73
2
  0
TEXT
  5
19A
330
17
100
AcDbEntity
  8
25-PROFIL-BANT
100
AcDbText
 10
125.0
 20
307.5
 30
0.0
 40
2.0
  1
Branþman
  7
TRK
 72
1
 11
125.0
 21
307.5
 31
0.0
100
AcDbText
 73
2
  0
TEXT
  5
19B
330
17
100
AcDbEntity
  8
25-PROFIL-BANT
100
AcDbText
 10
195.0
 20
307.5
 30
0.0
 40
2.0
  1
Seks.+K.D.
  7
TRK
 72
1
 11
195.0
 21
307.5
 31
0.0
100
AcDbText
 73
2
  0
TEXT
  5
19C
330
17
100
AcDbEntity
  8
25-PROFIL-BANT
100
AcDbText
 10
285.0
 20
307.5
 30
0.0
 40
2.0
  1
Köþe D.
  7
TRK
 72
1
 11
285.0
 21
307.5
 31
0.0
100
AcDbText
 73
2
  0
TEXT
  5
19D
330
17
100
AcDbEntity
  8
25-PROFIL-BANT
100
AcDbText
 10
385.0
 20
307.5
 30
0.0
 40
2.0
  1
Taþýyýcý
  7
TRK
 72
1
 11
385.0
 21
307.5
 31
0.0
100
AcDbText
 73
2
  0
TEXT
  5
19E
330
17
100
AcDbEntity
  8
25-PROFIL-BANT
100
AcDbText
 10
485.0
 20
307.5
 30
0.0
 40
2.0
  1
Taþýyýcý
  7
TRK
 72
1
 11
485.0
 21
307.5
 31
0.0
100
AcDbText
 73
2
  0
TEXT
  5
19F
330
17
100
AcDbEntity
  8
25-PROFIL-BANT
100
AcDbText
 10
585.0
 20
307.5
 30
0.0
 40
2.0
  1
Köþe D.
  7
TRK
 72
1
 11
585.0
 21
307.5
 31
0.0
100
AcDbText
 73
2
  0
TEXT
  5
1A0
330
17
100
AcDbEntity
  8
25-PROFIL-BANT
100
AcDbText
 10
675.0
 20
307.5
 30
0.0
 40
2.0
  1
Nihayet
  7
TRK
 72
1
 11
675.0
 21
307.5
 31
0.0
100
AcDbText
 73
2
  0
LINE
  5
1A1
330
17
100
AcDbEntity
  8
25-PROFIL-BANT
100
AcDbLine
 10
45.0
 20
294.0
 30
0.0
 11
690.0
 21
294.0
 31
0.0
  0
TEXT
  5
1A2
330
17
100
AcDbEntity
  8
25-PROFIL-BANT
100
AcDbText
 10
47.0
 20
298.5
 30
0.0
 40
2.0
  1
HAT ÝÇ AÇISI (°)
  7
TRKB
 11
47.0
 21
298.5
 31
0.0
100
AcDbText
 73
2
  0
TEXT
  5
1A3
330
17
100
AcDbEntity
  8
25-PROFIL-BANT
100
AcDbText
 10
125.0
 20
298.5
 30
0.0
 40
2.0
  1
-
  7
TRK
 72
1
 11
125.0
 21
298.5
 31
0.0
100
AcDbText
 73
2
  0
TEXT
  5
1A4
330
17
100
AcDbEntity
  8
25-PROFIL-BANT
100
AcDbText
 10
195.0
 20
298.5
 30
0.0
 40
2.0
  1
70
  7
TRK
 72
1
 11
195.0
 21
298.5
 31
0.0
100
AcDbText
 73
2
  0
TEXT
  5
1A5
330
17
100
AcDbEntity
  8
25-PROFIL-BANT
100
AcDbText
 10
285.0
 20
298.5
 30
0.0
 40
2.0
  1
80
  7
TRK
 72
1
 11
285.0
 21
298.5
 31
0.0
100
AcDbText
 73
2
  0
TEXT
  5
1A6
330
17
100
AcDbEntity
  8
25-PROFIL-BANT
100
AcDbText
 10
385.0
 20
298.5
 30
0.0
 40
2.0
  1
180
  7
TRK
 72
1
 11
385.0
 21
298.5
 31
0.0
100
AcDbText
 73
2
  0
TEXT
  5
1A7
330
17
100
AcDbEntity
  8
25-PROFIL-BANT
100
AcDbText
 10
485.0
 20
298.5
 30
0.0
 40
2.0
  1
180
  7
TRK
 72
1
 11
485.0
 21
298.5
 31
0.0
100
AcDbText
 73
2
  0
TEXT
  5
1A8
330
17
100
AcDbEntity
  8
25-PROFIL-BANT
100
AcDbText
 10
585.0
 20
298.5
 30
0.0
 40
2.0
  1
40
  7
TRK
 72
1
 11
585.0
 21
298.5
 31
0.0
100
AcDbText
 73
2
  0
TEXT
  5
1A9
330
17
100
AcDbEntity
  8
25-PROFIL-BANT
100
AcDbText
 10
675.0
 20
298.5
 30
0.0
 40
2.0
  1
-
  7
TRK
 72
1
 11
675.0
 21
298.5
 31
0.0
100
AcDbText
 73
2
  0
LINE
  5
1AA
330
17
100
AcDbEntity
  8
25-PROFIL-BANT
100
AcDbLine
 10
45.0
 20
285.0
 30
0.0
 11
690.0
 21
285.0
 31
0.0
  0
TEXT
  5
1AB
330
17
100
AcDbEntity
  8
25-PROFIL-BANT
100
AcDbText
 10
47.0
 20
289.5
 30
0.0
 40
2.0
  1
ZEMÝN KOTU (m)
  7
TRKB
 11
47.0
 21
289.5
 31
0.0
100
AcDbText
 73
2
  0
TEXT
  5
1AC
330
17
100
AcDbEntity
  8
25-PROFIL-BANT
100
AcDbText
 10
125.0
 20
289.5
 30
0.0
 40
2.0
  1
1.000,20
  7
TRK
 72
1
 11
125.0
 21
289.5
 31
0.0
100
AcDbText
 73
2
  0
TEXT
  5
1AD
330
17
100
AcDbEntity
  8
25-PROFIL-BANT
100
AcDbText
 10
195.0
 20
289.5
 30
0.0
 40
2.0
  1
1.000,00
  7
TRK
 72
1
 11
195.0
 21
289.5
 31
0.0
100
AcDbText
 73
2
  0
TEXT
  5
1AE
330
17
100
AcDbEntity
  8
25-PROFIL-BANT
100
AcDbText
 10
285.0
 20
289.5
 30
0.0
 40
2.0
  1
1.000,60
  7
TRK
 72
1
 11
285.0
 21
289.5
 31
0.0
100
AcDbText
 73
2
  0
TEXT
  5
1AF
330
17
100
AcDbEntity
  8
25-PROFIL-BANT
100
AcDbText
 10
385.0
 20
289.5
 30
0.0
 40
2.0
  1
1.001,40
  7
TRK
 72
1
 11
385.0
 21
289.5
 31
0.0
100
AcDbText
 73
2
  0
TEXT
  5
1B0
330
17
100
AcDbEntity
  8
25-PROFIL-BANT
100
AcDbText
 10
485.0
 20
289.5
 30
0.0
 40
2.0
  1
1.001,10
  7
TRK
 72
1
 11
485.0
 21
289.5
 31
0.0
100
AcDbText
 73
2
  0
TEXT
  5
1B1
330
17
100
AcDbEntity
  8
25-PROFIL-BANT
100
AcDbText
 10
585.0
 20
289.5
 30
0.0
 40
2.0
  1
1.000,50
  7
TRK
 72
1
 11
585.0
 21
289.5
 31
0.0
100
AcDbText
 73
2
  0
TEXT
  5
1B2
330
17
100
AcDbEntity
  8
25-PROFIL-BANT
100
AcDbText
 10
675.0
 20
289.5
 30
0.0
 40
2.0
  1
1.000,00
  7
TRK
 72
1
 11
675.0
 21
289.5
 31
0.0
100
AcDbText
 73
2
  0
LINE
  5
1B3
330
17
100
AcDbEntity
  8
25-PROFIL-BANT
100
AcDbLine
 10
45.0
 20
276.0
 30
0.0
 11
690.0
 21
276.0
 31
0.0
  0
TEXT
  5
1B4
330
17
100
AcDbEntity
  8
25-PROFIL-BANT
100
AcDbText
 10
47.0
 20
280.5
 30
0.0
 40
2.0
  1
OG BAÐLANTI KOTU (m)
  7
TRKB
 11
47.0
 21
280.5
 31
0.0
100
AcDbText
 73
2
  0
TEXT
  5
1B5
330
17
100
AcDbEntity
  8
25-PROFIL-BANT
100
AcDbText
 10
125.0
 20
280.5
 30
0.0
 40
2.0
  1
1.009,20
  7
TRK
 72
1
 11
125.0
 21
280.5
 31
0.0
100
AcDbText
 73
2
  0
TEXT
  5
1B6
330
17
100
AcDbEntity
  8
25-PROFIL-BANT
100
AcDbText
 10
195.0
 20
280.5
 30
0.0
 40
2.0
  1
1.009,55
  7
TRK
 72
1
 11
195.0
 21
280.5
 31
0.0
100
AcDbText
 73
2
  0
TEXT
  5
1B7
330
17
100
AcDbEntity
  8
25-PROFIL-BANT
100
AcDbText
 10
285.0
 20
280.5
 30
0.0
 40
2.0
  1
1.010,15
  7
TRK
 72
1
 11
285.0
 21
280.5
 31
0.0
100
AcDbText
 73
2
  0
TEXT
  5
1B8
330
17
100
AcDbEntity
  8
25-PROFIL-BANT
100
AcDbText
 10
385.0
 20
280.5
 30
0.0
 40
2.0
  1
1.010,95
  7
TRK
 72
1
 11
385.0
 21
280.5
 31
0.0
100
AcDbText
 73
2
  0
TEXT
  5
1B9
330
17
100
AcDbEntity
  8
25-PROFIL-BANT
100
AcDbText
 10
485.0
 20
280.5
 30
0.0
 40
2.0
  1
1.010,65
  7
TRK
 72
1
 11
485.0
 21
280.5
 31
0.0
100
AcDbText
 73
2
  0
TEXT
  5
1BA
330
17
100
AcDbEntity
  8
25-PROFIL-BANT
100
AcDbText
 10
585.0
 20
280.5
 30
0.0
 40
2.0
  1
1.010,05
  7
TRK
 72
1
 11
585.0
 21
280.5
 31
0.0
100
AcDbText
 73
2
  0
TEXT
  5
1BB
330
17
100
AcDbEntity
  8
25-PROFIL-BANT
100
AcDbText
 10
675.0
 20
280.5
 30
0.0
 40
2.0
  1
1.009,55
  7
TRK
 72
1
 11
675.0
 21
280.5
 31
0.0
100
AcDbText
 73
2
  0
LINE
  5
1BC
330
17
100
AcDbEntity
  8
25-PROFIL-BANT
100
AcDbLine
 10
45.0
 20
267.0
 30
0.0
 11
690.0
 21
267.0
 31
0.0
  0
TEXT
  5
1BD
330
17
100
AcDbEntity
  8
25-PROFIL-BANT
100
AcDbText
 10
47.0
 20
271.5
 30
0.0
 40
2.0
  1
AG BAÐLANTI KOTU (m)
  7
TRKB
 11
47.0
 21
271.5
 31
0.0
100
AcDbText
 73
2
  0
TEXT
  5
1BE
330
17
100
AcDbEntity
  8
25-PROFIL-BANT
100
AcDbText
 10
125.0
 20
271.5
 30
0.0
 40
2.0
  1
-
  7
TRK
 72
1
 11
125.0
 21
271.5
 31
0.0
100
AcDbText
 73
2
  0
TEXT
  5
1BF
330
17
100
AcDbEntity
  8
25-PROFIL-BANT
100
AcDbText
 10
195.0
 20
271.5
 30
0.0
 40
2.0
  1
1.007,05
  7
TRK
 72
1
 11
195.0
 21
271.5
 31
0.0
100
AcDbText
 73
2
  0
TEXT
  5
1C0
330
17
100
AcDbEntity
  8
25-PROFIL-BANT
100
AcDbText
 10
285.0
 20
271.5
 30
0.0
 40
2.0
  1
1.008,65
  7
TRK
 72
1
 11
285.0
 21
271.5
 31
0.0
100
AcDbText
 73
2
  0
TEXT
  5
1C1
330
17
100
AcDbEntity
  8
25-PROFIL-BANT
100
AcDbText
 10
385.0
 20
271.5
 30
0.0
 40
2.0
  1
1.009,45
  7
TRK
 72
1
 11
385.0
 21
271.5
 31
0.0
100
AcDbText
 73
2
  0
TEXT
  5
1C2
330
17
100
AcDbEntity
  8
25-PROFIL-BANT
100
AcDbText
 10
485.0
 20
271.5
 30
0.0
 40
2.0
  1
1.009,15
  7
TRK
 72
1
 11
485.0
 21
271.5
 31
0.0
100
AcDbText
 73
2
  0
TEXT
  5
1C3
330
17
100
AcDbEntity
  8
25-PROFIL-BANT
100
AcDbText
 10
585.0
 20
271.5
 30
0.0
 40
2.0
  1
1.008,55
  7
TRK
 72
1
 11
585.0
 21
271.5
 31
0.0
100
AcDbText
 73
2
  0
TEXT
  5
1C4
330
17
100
AcDbEntity
  8
25-PROFIL-BANT
100
AcDbText
 10
675.0
 20
271.5
 30
0.0
 40
2.0
  1
1.008,05
  7
TRK
 72
1
 11
675.0
 21
271.5
 31
0.0
100
AcDbText
 73
2
  0
LINE
  5
1C5
330
17
100
AcDbEntity
  8
25-PROFIL-BANT
100
AcDbLine
 10
45.0
 20
258.0
 30
0.0
 11
690.0
 21
258.0
 31
0.0
  0
TEXT
  5
1C6
330
17
100
AcDbEntity
  8
25-PROFIL-BANT
100
AcDbText
 10
47.0
 20
262.5
 30
0.0
 40
2.0
  1
KÜMÜLATÝF MESAFE (m)
  7
TRKB
 11
47.0
 21
262.5
 31
0.0
100
AcDbText
 73
2
  0
TEXT
  5
1C7
330
17
100
AcDbEntity
  8
25-PROFIL-BANT
100
AcDbText
 10
125.0
 20
262.5
 30
0.0
 40
2.0
  1
0+000
  7
TRK
 72
1
 11
125.0
 21
262.5
 31
0.0
100
AcDbText
 73
2
  0
TEXT
  5
1C8
330
17
100
AcDbEntity
  8
25-PROFIL-BANT
100
AcDbText
 10
195.0
 20
262.5
 30
0.0
 40
2.0
  1
0+035
  7
TRK
 72
1
 11
195.0
 21
262.5
 31
0.0
100
AcDbText
 73
2
  0
TEXT
  5
1C9
330
17
100
AcDbEntity
  8
25-PROFIL-BANT
100
AcDbText
 10
285.0
 20
262.5
 30
0.0
 40
2.0
  1
0+080
  7
TRK
 72
1
 11
285.0
 21
262.5
 31
0.0
100
AcDbText
 73
2
  0
TEXT
  5
1CA
330
17
100
AcDbEntity
  8
25-PROFIL-BANT
100
AcDbText
 10
385.0
 20
262.5
 30
0.0
 40
2.0
  1
0+130
  7
TRK
 72
1
 11
385.0
 21
262.5
 31
0.0
100
AcDbText
 73
2
  0
TEXT
  5
1CB
330
17
100
AcDbEntity
  8
25-PROFIL-BANT
100
AcDbText
 10
485.0
 20
262.5
 30
0.0
 40
2.0
  1
0+180
  7
TRK
 72
1
 11
485.0
 21
262.5
 31
0.0
100
AcDbText
 73
2
  0
TEXT
  5
1CC
330
17
100
AcDbEntity
  8
25-PROFIL-BANT
100
AcDbText
 10
585.0
 20
262.5
 30
0.0
 40
2.0
  1
0+230
  7
TRK
 72
1
 11
585.0
 21
262.5
 31
0.0
100
AcDbText
 73
2
  0
TEXT
  5
1CD
330
17
100
AcDbEntity
  8
25-PROFIL-BANT
100
AcDbText
 10
675.0
 20
262.5
 30
0.0
 40
2.0
  1
0+275
  7
TRK
 72
1
 11
675.0
 21
262.5
 31
0.0
100
AcDbText
 73
2
  0
LINE
  5
1CE
330
17
100
AcDbEntity
  8
25-PROFIL-BANT
100
AcDbLine
 10
45.0
 20
249.0
 30
0.0
 11
690.0
 21
249.0
 31
0.0
  0
TEXT
  5
1CF
330
17
100
AcDbEntity
  8
25-PROFIL-BANT
100
AcDbText
 10
47.0
 20
253.5
 30
0.0
 40
2.0
  1
AÇIKLIK (m)
  7
TRKB
 11
47.0
 21
253.5
 31
0.0
100
AcDbText
 73
2
  0
TEXT
  5
1D0
330
17
100
AcDbEntity
  8
25-PROFIL-BANT
100
AcDbText
 10
160.0
 20
253.5
 30
0.0
 40
2.0
  1
35,00
  7
TRK
 72
1
 11
160.0
 21
253.5
 31
0.0
100
AcDbText
 73
2
  0
TEXT
  5
1D1
330
17
100
AcDbEntity
  8
25-PROFIL-BANT
100
AcDbText
 10
240.0
 20
253.5
 30
0.0
 40
2.0
  1
45,00
  7
TRK
 72
1
 11
240.0
 21
253.5
 31
0.0
100
AcDbText
 73
2
  0
TEXT
  5
1D2
330
17
100
AcDbEntity
  8
25-PROFIL-BANT
100
AcDbText
 10
335.0
 20
253.5
 30
0.0
 40
2.0
  1
50,00
  7
TRK
 72
1
 11
335.0
 21
253.5
 31
0.0
100
AcDbText
 73
2
  0
TEXT
  5
1D3
330
17
100
AcDbEntity
  8
25-PROFIL-BANT
100
AcDbText
 10
435.0
 20
253.5
 30
0.0
 40
2.0
  1
50,00
  7
TRK
 72
1
 11
435.0
 21
253.5
 31
0.0
100
AcDbText
 73
2
  0
TEXT
  5
1D4
330
17
100
AcDbEntity
  8
25-PROFIL-BANT
100
AcDbText
 10
535.0
 20
253.5
 30
0.0
 40
2.0
  1
50,00
  7
TRK
 72
1
 11
535.0
 21
253.5
 31
0.0
100
AcDbText
 73
2
  0
TEXT
  5
1D5
330
17
100
AcDbEntity
  8
25-PROFIL-BANT
100
AcDbText
 10
630.0
 20
253.5
 30
0.0
 40
2.0
  1
45,00
  7
TRK
 72
1
 11
630.0
 21
253.5
 31
0.0
100
AcDbText
 73
2
  0
LINE
  5
1D6
330
17
100
AcDbEntity
  8
25-PROFIL-BANT
100
AcDbLine
 10
45.0
 20
240.0
 30
0.0
 11
690.0
 21
240.0
 31
0.0
  0
TEXT
  5
1D7
330
17
100
AcDbEntity
  8
25-PROFIL-BANT
100
AcDbText
 10
47.0
 20
244.5
 30
0.0
 40
2.0
  1
OG SEHÝM +40°C / -5°C+B (m)
  7
TRKB
 11
47.0
 21
244.5
 31
0.0
100
AcDbText
 73
2
  0
TEXT
  5
1D8
330
17
100
AcDbEntity
  8
25-PROFIL-BANT
100
AcDbText
 10
160.0
 20
244.5
 30
0.0
 40
2.0
  1
0,59 / 0,44
  7
TRK
 72
1
 11
160.0
 21
244.5
 31
0.0
100
AcDbText
 73
2
  0
TEXT
  5
1D9
330
17
100
AcDbEntity
  8
25-PROFIL-BANT
100
AcDbText
 10
240.0
 20
244.5
 30
0.0
 40
2.0
  1
0,89 / 0,72
  7
TRK
 72
1
 11
240.0
 21
244.5
 31
0.0
100
AcDbText
 73
2
  0
TEXT
  5
1DA
330
17
100
AcDbEntity
  8
25-PROFIL-BANT
100
AcDbText
 10
335.0
 20
244.5
 30
0.0
 40
2.0
  1
1,06 / 0,89
  7
TRK
 72
1
 11
335.0
 21
244.5
 31
0.0
100
AcDbText
 73
2
  0
TEXT
  5
1DB
330
17
100
AcDbEntity
  8
25-PROFIL-BANT
100
AcDbText
 10
435.0
 20
244.5
 30
0.0
 40
2.0
  1
1,06 / 0,89
  7
TRK
 72
1
 11
435.0
 21
244.5
 31
0.0
100
AcDbText
 73
2
  0
TEXT
  5
1DC
330
17
100
AcDbEntity
  8
25-PROFIL-BANT
100
AcDbText
 10
535.0
 20
244.5
 30
0.0
 40
2.0
  1
1,06 / 0,89
  7
TRK
 72
1
 11
535.0
 21
244.5
 31
0.0
100
AcDbText
 73
2
  0
TEXT
  5
1DD
330
17
100
AcDbEntity
  8
25-PROFIL-BANT
100
AcDbText
 10
630.0
 20
244.5
 30
0.0
 40
2.0
  1
0,89 / 0,72
  7
TRK
 72
1
 11
630.0
 21
244.5
 31
0.0
100
AcDbText
 73
2
  0
LINE
  5
1DE
330
17
100
AcDbEntity
  8
25-PROFIL-BANT
100
AcDbLine
 10
45.0
 20
231.0
 30
0.0
 11
690.0
 21
231.0
 31
0.0
  0
TEXT
  5
1DF
330
17
100
AcDbEntity
  8
25-PROFIL-BANT
100
AcDbText
 10
47.0
 20
235.5
 30
0.0
 40
2.0
  1
AG SEHÝM +40°C / -5°C+B (m)
  7
TRKB
 11
47.0
 21
235.5
 31
0.0
100
AcDbText
 73
2
  0
TEXT
  5
1E0
330
17
100
AcDbEntity
  8
25-PROFIL-BANT
100
AcDbText
 10
240.0
 20
235.5
 30
0.0
 40
2.0
  1
1,31 / 1,28
  7
TRK
 72
1
 11
240.0
 21
235.5
 31
0.0
100
AcDbText
 73
2
  0
TEXT
  5
1E1
330
17
100
AcDbEntity
  8
25-PROFIL-BANT
100
AcDbText
 10
335.0
 20
235.5
 30
0.0
 40
2.0
  1
1,61 / 1,58
  7
TRK
 72
1
 11
335.0
 21
235.5
 31
0.0
100
AcDbText
 73
2
  0
TEXT
  5
1E2
330
17
100
AcDbEntity
  8
25-PROFIL-BANT
100
AcDbText
 10
435.0
 20
235.5
 30
0.0
 40
2.0
  1
1,61 / 1,58
  7
TRK
 72
1
 11
435.0
 21
235.5
 31
0.0
100
AcDbText
 73
2
  0
TEXT
  5
1E3
330
17
100
AcDbEntity
  8
25-PROFIL-BANT
100
AcDbText
 10
535.0
 20
235.5
 30
0.0
 40
2.0
  1
1,61 / 1,58
  7
TRK
 72
1
 11
535.0
 21
235.5
 31
0.0
100
AcDbText
 73
2
  0
TEXT
  5
1E4
330
17
100
AcDbEntity
  8
25-PROFIL-BANT
100
AcDbText
 10
630.0
 20
235.5
 30
0.0
 40
2.0
  1
1,31 / 1,28
  7
TRK
 72
1
 11
630.0
 21
235.5
 31
0.0
100
AcDbText
 73
2
  0
TEXT
  5
1E5
330
17
100
AcDbEntity
  8
25-PROFIL-BANT
100
AcDbText
 10
160.0
 20
235.5
 30
0.0
 40
2.0
  1
-
  7
TRK
 72
1
 11
160.0
 21
235.5
 31
0.0
100
AcDbText
 73
2
  0
LINE
  5
1E6
330
17
100
AcDbEntity
  8
25-PROFIL-BANT
100
AcDbLine
 10
45.0
 20
222.0
 30
0.0
 11
690.0
 21
222.0
 31
0.0
  0
TEXT
  5
1E7
330
17
100
AcDbEntity
  8
25-PROFIL-BANT
100
AcDbText
 10
47.0
 20
226.5
 30
0.0
 40
2.0
  1
MÝN. YERDEN YÜKS. OG / AG (m)
  7
TRKB
 11
47.0
 21
226.5
 31
0.0
100
AcDbText
 73
2
  0
TEXT
  5
1E8
330
17
100
AcDbEntity
  8
25-PROFIL-BANT
100
AcDbText
 10
160.0
 20
226.5
 30
0.0
 40
2.0
  1
8,65 / -
  7
TRK
 72
1
 11
160.0
 21
226.5
 31
0.0
100
AcDbText
 73
2
  0
TEXT
  5
1E9
330
17
100
AcDbEntity
  8
25-PROFIL-BANT
100
AcDbText
 10
240.0
 20
226.5
 30
0.0
 40
2.0
  1
8,66 / 6,20
  7
TRK
 72
1
 11
240.0
 21
226.5
 31
0.0
100
AcDbText
 73
2
  0
TEXT
  5
1EA
330
17
100
AcDbEntity
  8
25-PROFIL-BANT
100
AcDbText
 10
335.0
 20
226.5
 30
0.0
 40
2.0
  1
8,49 / 6,44
  7
TRK
 72
1
 11
335.0
 21
226.5
 31
0.0
100
AcDbText
 73
2
  0
TEXT
  5
1EB
330
17
100
AcDbEntity
  8
25-PROFIL-BANT
100
AcDbText
 10
435.0
 20
226.5
 30
0.0
 40
2.0
  1
8,49 / 6,44
  7
TRK
 72
1
 11
435.0
 21
226.5
 31
0.0
100
AcDbText
 73
2
  0
TEXT
  5
1EC
330
17
100
AcDbEntity
  8
25-PROFIL-BANT
100
AcDbText
 10
535.0
 20
226.5
 30
0.0
 40
2.0
  1
8,49 / 6,44
  7
TRK
 72
1
 11
535.0
 21
226.5
 31
0.0
100
AcDbText
 73
2
  0
TEXT
  5
1ED
330
17
100
AcDbEntity
  8
25-PROFIL-BANT
100
AcDbText
 10
630.0
 20
226.5
 30
0.0
 40
2.0
  1
8,66 / 6,74
  7
TRK
 72
1
 11
630.0
 21
226.5
 31
0.0
100
AcDbText
 73
2
  0
LINE
  5
1EE
330
17
100
AcDbEntity
  8
25-PROFIL-BANT
100
AcDbLine
 10
45.0
 20
330.0
 30
0.0
 11
45.0
 21
222.0
 31
0.0
  0
LINE
  5
1EF
330
17
100
AcDbEntity
  8
25-PROFIL-BANT
100
AcDbLine
 10
690.0
 20
330.0
 30
0.0
 11
690.0
 21
222.0
 31
0.0
  0
LINE
  5
1F0
330
17
100
AcDbEntity
  8
25-PROFIL-BANT
100
AcDbLine
 10
117.0
 20
330.0
 30
0.0
 11
117.0
 21
222.0
 31
0.0
  0
LINE
  5
1F1
330
17
100
AcDbEntity
  8
25-PROFIL-BANT
  6
DOT
 48
0.2
100
AcDbLine
 10
125.0
 20
330.0
 30
0.0
 11
125.0
 21
258.0
 31
0.0
  0
LINE
  5
1F2
330
17
100
AcDbEntity
  8
25-PROFIL-BANT
  6
DOT
 48
0.2
100
AcDbLine
 10
195.0
 20
330.0
 30
0.0
 11
195.0
 21
258.0
 31
0.0
  0
LINE
  5
1F3
330
17
100
AcDbEntity
  8
25-PROFIL-BANT
  6
DOT
 48
0.2
100
AcDbLine
 10
285.0
 20
330.0
 30
0.0
 11
285.0
 21
258.0
 31
0.0
  0
LINE
  5
1F4
330
17
100
AcDbEntity
  8
25-PROFIL-BANT
  6
DOT
 48
0.2
100
AcDbLine
 10
385.0
 20
330.0
 30
0.0
 11
385.0
 21
258.0
 31
0.0
  0
LINE
  5
1F5
330
17
100
AcDbEntity
  8
25-PROFIL-BANT
  6
DOT
 48
0.2
100
AcDbLine
 10
485.0
 20
330.0
 30
0.0
 11
485.0
 21
258.0
 31
0.0
  0
LINE
  5
1F6
330
17
100
AcDbEntity
  8
25-PROFIL-BANT
  6
DOT
 48
0.2
100
AcDbLine
 10
585.0
 20
330.0
 30
0.0
 11
585.0
 21
258.0
 31
0.0
  0
LINE
  5
1F7
330
17
100
AcDbEntity
  8
25-PROFIL-BANT
  6
DOT
 48
0.2
100
AcDbLine
 10
675.0
 20
330.0
 30
0.0
 11
675.0
 21
258.0
 31
0.0
  0
TEXT
  5
1F8
330
17
100
AcDbEntity
  8
02-BASLIK
100
AcDbText
 10
495.0
 20
820.0
 30
0.0
 40
4.5
  1
DÝREK GÖRÜNÜÞLERÝ
  7
TRKB
 11
495.0
 21
820.0
 31
0.0
100
AcDbText
  0
TEXT
  5
1F9
330
17
100
AcDbEntity
  8
02-BASLIK
100
AcDbText
 10
570.0
 20
820.0
 30
0.0
 40
3.0
  1
Ö: 1/50 (hat doðrultusundan bakýþ)
  7
TRK
 11
570.0
 21
820.0
 31
0.0
100
AcDbText
  0
LWPOLYLINE
  5
1FA
330
17
100
AcDbEntity
  8
32-DETAY-TEMEL
370
50
100
AcDbPolyline
 90
4
 70
1
 10
573.0
 20
552.0
 10
597.0
 20
552.0
 10
597.0
 20
604.0
 10
573.0
 20
604.0
  0
HATCH
  5
1FB
330
17
100
AcDbEntity
  8
37-TARAMA
 62
7
100
AcDbHatch
 10
0.0
 20
0.0
 30
0.0
210
0.0
220
0.0
230
1.0
  2
AR-CONC
 70
0
 71
0
 91
1
 92
3
 72
0
 73
1
 93
4
 10
573.0
 20
552.0
 10
597.0
 20
552.0
 10
597.0
 20
604.0
 10
573.0
 20
604.0
 97
0
 75
1
 76
1
 52
0.0
 41
0.035
 77
0
 78
13
 53
50.0
 43
0.0
 44
0.0
 45
6.3764634149
 46
-0.5578679939
 79
2
 49
0.66675
 49
-7.33425
 53
355.0
 43
0.0
 44
0.0
 45
-1.2335197499
 46
6.6869895834
 79
2
 49
0.5334
 49
-5.867420446
 53
100.4514447
 43
0.531370245
 44
-0.0464888725
 45
5.1429436482
 46
6.1291213169
 79
2
 49
0.566650308
 49
-6.233158561
 53
46.1842
 43
0.0
 44
1.778
 45
9.4877664312
 46
-1.4714814776
 79
2
 49
1.000125
 49
-11.001375
 53
96.63555761
 43
0.7906465
 44
1.6553775
 45
8.3091446918
 46
8.6599143609
 79
2
 49
0.8499758099
 49
-9.3497462856
 53
351.18415117
 43
0.0
 44
1.778
 45
8.3091446923
 46
8.6599143605
 79
2
 49
0.8000988475
 49
-8.8010906172
 53
21.0
 43
0.889
 44
1.3335
 45
5.3065036944
 46
-3.5792819365
 79
2
 49
0.66675
 49
-7.33425
 53
326.0
 43
0.889
 44
1.3335
 45
2.1630709922
 46
6.4465788143
 79
2
 49
0.5334
 49
-5.8674
 53
71.451445
 43
1.331208641
 44
1.0352265035
 45
7.4695746748
 46
2.867296911
 79
2
 49
0.566650308
 49
-6.233147816
 53
37.5
 43
0.0
 44
0.0
 45
0.1081011138
 46
2.9594263606
 79
6
 49
0.0
 49
-5.79628
 49
0.0
 49
-5.9563
 49
0.0
 49
-5.889625
 53
7.5
 43
0.0
 44
0.0
 45
2.3386881879
 46
3.5063201186
 79
6
 49
0.0
 49
-3.39598
 49
0.0
 49
-5.66293
 49
0.0
 49
-2.244725
 53
-32.5
 43
-1.98247
 44
0.0
 45
4.7456708308
 46
-0.2005060397
 79
6
 49
0.0
 49
-2.2225
 49
0.0
 49
-6.9342
 49
0.0
 49
-9.20115
 53
-42.5
 43
-2.87147
 44
0.0
 45
5.1845213485
 46
0.8899271862
 79
6
 49
0.0
 49
-2.88925
 49
0.0
 49
-4.60502
 49
0.0
 49
-6.53415
 98
0
  0
LINE
  5
1FC
330
17
100
AcDbEntity
  8
20-PROFIL-ARAZI
370
50
100
AcDbLine
 10
523.0
 20
600.0
 30
0.0
 11
573.0
 21
600.0
 31
0.0
  0
LINE
  5
1FD
330
17
100
AcDbEntity
  8
20-PROFIL-ARAZI
370
50
100
AcDbLine
 10
597.0
 20
600.0
 30
0.0
 11
647.0
 21
600.0
 31
0.0
  0
HATCH
  5
1FE
330
17
100
AcDbEntity
  8
37-TARAMA
 62
7
100
AcDbHatch
 10
0.0
 20
0.0
 30
0.0
210
0.0
220
0.0
230
1.0
  2
EARTH
 70
0
 71
0
 91
1
 92
3
 72
0
 73
1
 93
4
 10
523.0
 20
597.0
 10
573.0
 20
597.0
 10
573.0
 20
600.0
 10
523.0
 20
600.0
 97
0
 75
1
 76
1
 52
0.0
 41
0.12
 77
0
 78
6
 53
0.0
 43
0.0
 44
0.0
 45
0.762
 46
0.762
 79
2
 49
0.762
 49
-0.762
 53
0.0
 43
0.0
 44
0.28575
 45
0.762
 46
0.762
 79
2
 49
0.762
 49
-0.762
 53
0.0
 43
0.0
 44
0.5715
 45
0.762
 46
0.762
 79
2
 49
0.762
 49
-0.762
 53
90.0
 43
0.09525
 44
0.66675
 45
-0.762
 46
0.762
 79
2
 49
0.762
 49
-0.762
 53
90.0
 43
0.381
 44
0.66675
 45
-0.762
 46
0.762
 79
2
 49
0.762
 49
-0.762
 53
90.0
 43
0.66675
 44
0.66675
 45
-0.762
 46
0.762
 79
2
 49
0.762
 49
-0.762
 98
0
  0
HATCH
  5
1FF
330
17
100
AcDbEntity
  8
37-TARAMA
 62
7
100
AcDbHatch
 10
0.0
 20
0.0
 30
0.0
210
0.0
220
0.0
230
1.0
  2
EARTH
 70
0
 71
0
 91
1
 92
3
 72
0
 73
1
 93
4
 10
597.0
 20
597.0
 10
647.0
 20
597.0
 10
647.0
 20
600.0
 10
597.0
 20
600.0
 97
0
 75
1
 76
1
 52
0.0
 41
0.12
 77
0
 78
6
 53
0.0
 43
0.0
 44
0.0
 45
0.762
 46
0.762
 79
2
 49
0.762
 49
-0.762
 53
0.0
 43
0.0
 44
0.28575
 45
0.762
 46
0.762
 79
2
 49
0.762
 49
-0.762
 53
0.0
 43
0.0
 44
0.5715
 45
0.762
 46
0.762
 79
2
 49
0.762
 49
-0.762
 53
90.0
 43
0.09525
 44
0.66675
 45
-0.762
 46
0.762
 79
2
 49
0.762
 49
-0.762
 53
90.0
 43
0.381
 44
0.66675
 45
-0.762
 46
0.762
 79
2
 49
0.762
 49
-0.762
 53
90.0
 43
0.66675
 44
0.66675
 45
-0.762
 46
0.762
 79
2
 49
0.762
 49
-0.762
 98
0
  0
LINE
  5
200
330
17
100
AcDbEntity
  8
30-DETAY-DIREK
370
50
100
AcDbLine
 10
575.0
 20
600.0
 30
0.0
 11
581.0
 21
794.6
 31
0.0
  0
LINE
  5
201
330
17
100
AcDbEntity
  8
30-DETAY-DIREK
370
50
100
AcDbLine
 10
595.0
 20
600.0
 30
0.0
 11
589.0
 21
794.6
 31
0.0
  0
LINE
  5
202
330
17
100
AcDbEntity
  8
30-DETAY-DIREK
370
50
100
AcDbLine
 10
581.0
 20
794.6
 30
0.0
 11
589.0
 21
794.6
 31
0.0
  0
LINE
  5
203
330
17
100
AcDbEntity
  8
30-DETAY-DIREK
  6
HIDDEN
 48
0.2
100
AcDbLine
 10
575.0
 20
600.0
 30
0.0
 11
575.4
 21
554.0
 31
0.0
  0
LINE
  5
204
330
17
100
AcDbEntity
  8
30-DETAY-DIREK
  6
HIDDEN
 48
0.2
100
AcDbLine
 10
595.0
 20
600.0
 30
0.0
 11
594.6
 21
554.0
 31
0.0
  0
LINE
  5
205
330
17
100
AcDbEntity
  8
31-DETAY-KAFES
100
AcDbLine
 10
575.0
 20
600.0
 30
0.0
 11
595.0
 21
600.0
 31
0.0
  0
LINE
  5
206
330
17
100
AcDbEntity
  8
31-DETAY-KAFES
100
AcDbLine
 10
575.8571428571429
 20
627.8
 30
0.0
 11
594.1428571428571
 21
627.8
 31
0.0
  0
LINE
  5
207
330
17
100
AcDbEntity
  8
31-DETAY-KAFES
100
AcDbLine
 10
576.7142857142857
 20
655.6
 30
0.0
 11
593.2857142857143
 21
655.6
 31
0.0
  0
LINE
  5
208
330
17
100
AcDbEntity
  8
31-DETAY-KAFES
100
AcDbLine
 10
577.5714285714286
 20
683.4
 30
0.0
 11
592.4285714285714
 21
683.4
 31
0.0
  0
LINE
  5
209
330
17
100
AcDbEntity
  8
31-DETAY-KAFES
100
AcDbLine
 10
578.4285714285714
 20
711.2
 30
0.0
 11
591.5714285714286
 21
711.2
 31
0.0
  0
LINE
  5
20A
330
17
100
AcDbEntity
  8
31-DETAY-KAFES
100
AcDbLine
 10
579.2857142857143
 20
739.0
 30
0.0
 11
590.7142857142857
 21
739.0
 31
0.0
  0
LINE
  5
20B
330
17
100
AcDbEntity
  8
31-DETAY-KAFES
100
AcDbLine
 10
580.1428571428571
 20
766.8
 30
0.0
 11
589.8571428571429
 21
766.8
 31
0.0
  0
LINE
  5
20C
330
17
100
AcDbEntity
  8
31-DETAY-KAFES
100
AcDbLine
 10
581.0
 20
794.6
 30
0.0
 11
589.0
 21
794.6
 31
0.0
  0
LWPOLYLINE
  5
20D
330
17
100
AcDbEntity
  8
31-DETAY-KAFES
100
AcDbPolyline
 90
15
 70
0
 10
575.0
 20
600.0
 10
594.5714285714286
 20
613.9
 10
575.8571428571429
 20
627.8
 10
593.7142857142857
 20
641.7
 10
576.7142857142857
 20
655.6
 10
592.8571428571429
 20
669.5
 10
577.5714285714286
 20
683.4
 10
592.0
 20
697.3
 10
578.4285714285714
 20
711.2
 10
591.1428571428571
 20
725.1
 10
579.2857142857143
 20
739.0
 10
590.2857142857143
 20
752.9
 10
580.1428571428571
 20
766.8
 10
589.4285714285714
 20
780.7
 10
581.0
 20
794.6
  0
LWPOLYLINE
  5
20E
330
17
100
AcDbEntity
  8
30-DETAY-DIREK
370
35
100
AcDbPolyline
 90
4
 70
1
 10
555.0
 20
790.2
 10
615.0
 20
790.2
 10
615.0
 20
791.8
 10
555.0
 20
791.8
  0
CIRCLE
  5
20F
330
17
100
AcDbEntity
  8
33-DETAY-IZOLATOR
100
AcDbCircle
 10
558.0
 20
791.0
 30
0.0
 40
2.2
  0
CIRCLE
  5
210
330
17
100
AcDbEntity
  8
33-DETAY-IZOLATOR
100
AcDbCircle
 10
558.0
 20
791.0
 30
0.0
 40
1.2
  0
CIRCLE
  5
211
330
17
100
AcDbEntity
  8
34-DETAY-ILETKEN
100
AcDbCircle
 10
558.0
 20
791.0
 30
0.0
 40
0.5
  0
TEXT
  5
212
330
17
100
AcDbEntity
  8
41-YAZI
100
AcDbText
 10
558.0
 20
794.4
 30
0.0
 40
2.0
  1
L1
  7
TRK
 72
1
 11
558.0
 21
794.4
 31
0.0
100
AcDbText
 73
1
  0
CIRCLE
  5
213
330
17
100
AcDbEntity
  8
33-DETAY-IZOLATOR
100
AcDbCircle
 10
594.0
 20
791.0
 30
0.0
 40
2.2
  0
CIRCLE
  5
214
330
17
100
AcDbEntity
  8
33-DETAY-IZOLATOR
100
AcDbCircle
 10
594.0
 20
791.0
 30
0.0
 40
1.2
  0
CIRCLE
  5
215
330
17
100
AcDbEntity
  8
34-DETAY-ILETKEN
100
AcDbCircle
 10
594.0
 20
791.0
 30
0.0
 40
0.5
  0
TEXT
  5
216
330
17
100
AcDbEntity
  8
41-YAZI
100
AcDbText
 10
594.0
 20
794.4
 30
0.0
 40
2.0
  1
L2
  7
TRK
 72
1
 11
594.0
 21
794.4
 31
0.0
100
AcDbText
 73
1
  0
CIRCLE
  5
217
330
17
100
AcDbEntity
  8
33-DETAY-IZOLATOR
100
AcDbCircle
 10
612.0
 20
791.0
 30
0.0
 40
2.2
  0
CIRCLE
  5
218
330
17
100
AcDbEntity
  8
33-DETAY-IZOLATOR
100
AcDbCircle
 10
612.0
 20
791.0
 30
0.0
 40
1.2
  0
CIRCLE
  5
219
330
17
100
AcDbEntity
  8
34-DETAY-ILETKEN
100
AcDbCircle
 10
612.0
 20
791.0
 30
0.0
 40
0.5
  0
TEXT
  5
21A
330
17
100
AcDbEntity
  8
41-YAZI
100
AcDbText
 10
612.0
 20
794.4
 30
0.0
 40
2.0
  1
L3
  7
TRK
 72
1
 11
612.0
 21
794.4
 31
0.0
100
AcDbText
 73
1
  0
LWPOLYLINE
  5
21B
330
17
100
AcDbEntity
  8
35-DETAY-AG
370
35
100
AcDbPolyline
 90
3
 70
0
 10
590.6526207605344
 20
741.0
 10
596.6526207605344
 20
741.0
 10
596.6526207605344
 20
739.5
  0
CIRCLE
  5
21C
330
17
100
AcDbEntity
  8
35-DETAY-AG
100
AcDbCircle
 10
596.6526207605344
 20
738.0
 30
0.0
 40
1.6
  0
TEXT
  5
21D
330
17
100
AcDbEntity
  8
35-DETAY-AG
100
AcDbText
 10
599.1526207605344
 20
738.0
 30
0.0
 40
2.0
  1
AER 3x95+70
  7
TRK
 11
599.1526207605344
 21
738.0
 31
0.0
100
AcDbText
 73
2
  0
TEXT
  5
21E
330
17
100
AcDbEntity
  8
35-DETAY-AG
100
AcDbText
 10
599.1526207605344
 20
735.0
 30
0.0
 40
1.8
  1
germe pensi
  7
TRK
 11
599.1526207605344
 21
735.0
 31
0.0
100
AcDbText
 73
2
  0
LWPOLYLINE
  5
21F
330
17
100
AcDbEntity
  8
38-SEKSIYONER
370
35
100
AcDbPolyline
 90
4
 70
1
 10
563.0
 20
770.4
 10
607.0
 20
770.4
 10
607.0
 20
771.6
 10
563.0
 20
771.6
  0
LWPOLYLINE
  5
220
330
17
100
AcDbEntity
  8
38-SEKSIYONER
100
AcDbPolyline
 90
4
 70
1
 10
565.0
 20
771.6
 10
566.2
 20
771.6
 10
566.2
 20
779.6
 10
565.0
 20
779.6
  0
LWPOLYLINE
  5
221
330
17
100
AcDbEntity
  8
38-SEKSIYONER
100
AcDbPolyline
 90
4
 70
1
 10
569.8
 20
771.6
 10
571.0
 20
771.6
 10
571.0
 20
779.6
 10
569.8
 20
779.6
  0
LINE
  5
222
330
17
100
AcDbEntity
  8
38-SEKSIYONER
370
35
100
AcDbLine
 10
565.6
 20
779.6
 30
0.0
 11
571.2
 21
782.1
 31
0.0
  0
LWPOLYLINE
  5
223
330
17
100
AcDbEntity
  8
38-SEKSIYONER
100
AcDbPolyline
 90
4
 70
1
 10
582.0
 20
771.6
 10
583.2
 20
771.6
 10
583.2
 20
779.6
 10
582.0
 20
779.6
  0
LWPOLYLINE
  5
224
330
17
100
AcDbEntity
  8
38-SEKSIYONER
100
AcDbPolyline
 90
4
 70
1
 10
586.8
 20
771.6
 10
588.0
 20
771.6
 10
588.0
 20
779.6
 10
586.8
 20
779.6
  0
LINE
  5
225
330
17
100
AcDbEntity
  8
38-SEKSIYONER
370
35
100
AcDbLine
 10
582.6
 20
779.6
 30
0.0
 11
588.2
 21
782.1
 31
0.0
  0
LWPOLYLINE
  5
226
330
17
100
AcDbEntity
  8
38-SEKSIYONER
100
AcDbPolyline
 90
4
 70
1
 10
599.0
 20
771.6
 10
600.2
 20
771.6
 10
600.2
 20
779.6
 10
599.0
 20
779.6
  0
LWPOLYLINE
  5
227
330
17
100
AcDbEntity
  8
38-SEKSIYONER
100
AcDbPolyline
 90
4
 70
1
 10
603.8
 20
771.6
 10
605.0
 20
771.6
 10
605.0
 20
779.6
 10
603.8
 20
779.6
  0
LINE
  5
228
330
17
100
AcDbEntity
  8
38-SEKSIYONER
370
35
100
AcDbLine
 10
599.6
 20
779.6
 30
0.0
 11
605.2
 21
782.1
 31
0.0
  0
LWPOLYLINE
  5
229
330
17
100
AcDbEntity
  8
34-DETAY-ILETKEN
100
AcDbPolyline
 90
3
 70
0
 10
558.0
 20
788.8
 10
561.0
 20
785.0
 10
565.6
 20
779.6
  0
LWPOLYLINE
  5
22A
330
17
100
AcDbEntity
  8
34-DETAY-ILETKEN
100
AcDbPolyline
 90
3
 70
0
 10
594.0
 20
788.8
 10
591.3
 20
785.0
 10
582.6
 20
779.6
  0
LWPOLYLINE
  5
22B
330
17
100
AcDbEntity
  8
34-DETAY-ILETKEN
100
AcDbPolyline
 90
3
 70
0
 10
612.0
 20
788.8
 10
609.0
 20
785.0
 10
599.6
 20
779.6
  0
LINE
  5
22C
330
17
100
AcDbEntity
  8
38-SEKSIYONER
370
35
100
AcDbLine
 10
576.0
 20
770.4
 30
0.0
 11
573.7399794450154
 21
624.0
 31
0.0
  0
LWPOLYLINE
  5
22D
330
17
100
AcDbEntity
  8
38-SEKSIYONER
100
AcDbPolyline
 90
4
 70
1
 10
567.7399794450154
 20
623.0
 10
573.7399794450154
 20
623.0
 10
573.7399794450154
 20
625.0
 10
567.7399794450154
 20
625.0
  0
TEXT
  5
22E
330
17
100
AcDbEntity
  8
38-SEKSIYONER
100
AcDbText
 10
566.7399794450154
 20
624.0
 30
0.0
 40
1.9
  1
Kumanda kolu (kilitli)
  7
TRK
 72
2
 11
566.7399794450154
 21
624.0
 31
0.0
100
AcDbText
 73
2
  0
TEXT
  5
22F
330
17
100
AcDbEntity
  8
38-SEKSIYONER
100
AcDbText
 10
563.0
 20
769.0
 30
0.0
 40
2.0
  1
36 kV 630 A AYIRICI
  7
TRKB
 11
563.0
 21
769.0
 31
0.0
100
AcDbText
 73
3
  0
LWPOLYLINE
  5
230
330
17
100
AcDbEntity
  8
36-DETAY-TOPRAKLAMA
100
AcDbPolyline
 90
4
 70
1
 10
563.7399794450154
 20
599.7
 10
583.7399794450154
 20
599.7
 10
583.7399794450154
 20
600.3
 10
563.7399794450154
 20
600.3
  0
TEXT
  5
231
330
17
100
AcDbEntity
  8
36-DETAY-TOPRAKLAMA
100
AcDbText
 10
573.7399794450154
 20
593.5
 30
0.0
 40
1.8
  1
Potansiyel düzenleme ýzgarasý
  7
TRK
 72
1
 11
573.7399794450154
 21
593.5
 31
0.0
100
AcDbText
 73
3
  0
LWPOLYLINE
  5
232
330
17
100
AcDbEntity
  8
36-DETAY-TOPRAKLAMA
100
AcDbPolyline
 90
3
 70
0
 10
576.0
 20
612.0
 10
565.0
 20
606.0
 10
565.0
 20
584.0
  0
LINE
  5
233
330
17
100
AcDbEntity
  8
36-DETAY-TOPRAKLAMA
370
50
100
AcDbLine
 10
565.0
 20
584.0
 30
0.0
 11
565.0
 21
554.0
 31
0.0
  0
TEXT
  5
234
330
17
100
AcDbEntity
  8
36-DETAY-TOPRAKLAMA
100
AcDbText
 10
563.8
 20
568.0
 30
0.0
 40
1.7
  1
Ø5/8" x 1,5 m
  7
TRK
 72
2
 11
563.8
 21
568.0
 31
0.0
100
AcDbText
 73
2
  0
LINE
  5
235
330
17
100
AcDbEntity
  8
40-OLCU
100
AcDbLine
 10
543.0
 20
600.0
 30
0.0
 11
543.0
 21
794.6
 31
0.0
  0
LINE
  5
236
330
17
100
AcDbEntity
  8
40-OLCU
100
AcDbLine
 10
541.8
 20
598.8
 30
0.0
 11
544.2
 21
601.2
 31
0.0
  0
LINE
  5
237
330
17
100
AcDbEntity
  8
40-OLCU
100
AcDbLine
 10
541.5
 20
600.0
 30
0.0
 11
546.0
 21
600.0
 31
0.0
  0
LINE
  5
238
330
17
100
AcDbEntity
  8
40-OLCU
100
AcDbLine
 10
541.8
 20
793.4
 30
0.0
 11
544.2
 21
795.8000000000001
 31
0.0
  0
LINE
  5
239
330
17
100
AcDbEntity
  8
40-OLCU
100
AcDbLine
 10
541.5
 20
794.6
 30
0.0
 11
546.0
 21
794.6
 31
0.0
  0
TEXT
  5
23A
330
17
100
AcDbEntity
  8
40-OLCU
100
AcDbText
 10
541.4
 20
697.3
 30
0.0
 40
2.2
  1
9,73 m
 50
90.0
  7
TRK
 72
1
 11
541.4
 21
697.3
 31
0.0
100
AcDbText
 73
1
  0
LINE
  5
23B
330
17
100
AcDbEntity
  8
40-OLCU
100
AcDbLine
 10
550.0
 20
600.0
 30
0.0
 11
550.0
 21
791.0
 31
0.0
  0
LINE
  5
23C
330
17
100
AcDbEntity
  8
40-OLCU
100
AcDbLine
 10
548.8
 20
598.8
 30
0.0
 11
551.2
 21
601.2
 31
0.0
  0
LINE
  5
23D
330
17
100
AcDbEntity
  8
40-OLCU
100
AcDbLine
 10
548.5
 20
600.0
 30
0.0
 11
553.0
 21
600.0
 31
0.0
  0
LINE
  5
23E
330
17
100
AcDbEntity
  8
40-OLCU
100
AcDbLine
 10
548.8
 20
789.8
 30
0.0
 11
551.2
 21
792.2
 31
0.0
  0
LINE
  5
23F
330
17
100
AcDbEntity
  8
40-OLCU
100
AcDbLine
 10
548.5
 20
791.0
 30
0.0
 11
553.0
 21
791.0
 31
0.0
  0
TEXT
  5
240
330
17
100
AcDbEntity
  8
40-OLCU
100
AcDbText
 10
548.4
 20
695.5
 30
0.0
 40
2.2
  1
9,55
 50
90.0
  7
TRK
 72
1
 11
548.4
 21
695.5
 31
0.0
100
AcDbText
 73
1
  0
LINE
  5
241
330
17
100
AcDbEntity
  8
40-OLCU
100
AcDbLine
 10
557.0
 20
600.0
 30
0.0
 11
557.0
 21
741.0
 31
0.0
  0
LINE
  5
242
330
17
100
AcDbEntity
  8
40-OLCU
100
AcDbLine
 10
555.8
 20
598.8
 30
0.0
 11
558.2
 21
601.2
 31
0.0
  0
LINE
  5
243
330
17
100
AcDbEntity
  8
40-OLCU
100
AcDbLine
 10
555.5
 20
600.0
 30
0.0
 11
560.0
 21
600.0
 31
0.0
  0
LINE
  5
244
330
17
100
AcDbEntity
  8
40-OLCU
100
AcDbLine
 10
555.8
 20
739.8
 30
0.0
 11
558.2
 21
742.2
 31
0.0
  0
LINE
  5
245
330
17
100
AcDbEntity
  8
40-OLCU
100
AcDbLine
 10
555.5
 20
741.0
 30
0.0
 11
560.0
 21
741.0
 31
0.0
  0
TEXT
  5
246
330
17
100
AcDbEntity
  8
40-OLCU
100
AcDbText
 10
555.4
 20
670.5
 30
0.0
 40
2.2
  1
7,05
 50
90.0
  7
TRK
 72
1
 11
555.4
 21
670.5
 31
0.0
100
AcDbText
 73
1
  0
LINE
  5
247
330
17
100
AcDbEntity
  8
40-OLCU
100
AcDbLine
 10
620.0
 20
741.0
 30
0.0
 11
620.0
 21
791.0
 31
0.0
  0
LINE
  5
248
330
17
100
AcDbEntity
  8
40-OLCU
100
AcDbLine
 10
618.8
 20
739.8
 30
0.0
 11
621.2
 21
742.2
 31
0.0
  0
LINE
  5
249
330
17
100
AcDbEntity
  8
40-OLCU
100
AcDbLine
 10
621.5
 20
741.0
 30
0.0
 11
617.0
 21
741.0
 31
0.0
  0
LINE
  5
24A
330
17
100
AcDbEntity
  8
40-OLCU
100
AcDbLine
 10
618.8
 20
789.8
 30
0.0
 11
621.2
 21
792.2
 31
0.0
  0
LINE
  5
24B
330
17
100
AcDbEntity
  8
40-OLCU
100
AcDbLine
 10
621.5
 20
791.0
 30
0.0
 11
617.0
 21
791.0
 31
0.0
  0
TEXT
  5
24C
330
17
100
AcDbEntity
  8
40-OLCU
100
AcDbText
 10
621.6
 20
766.0
 30
0.0
 40
2.2
  1
2,50
 50
90.0
  7
TRK
 72
1
 11
621.6
 21
766.0
 31
0.0
100
AcDbText
 73
3
  0
LINE
  5
24D
330
17
100
AcDbEntity
  8
40-OLCU
100
AcDbLine
 10
602.0
 20
552.0
 30
0.0
 11
602.0
 21
600.0
 31
0.0
  0
LINE
  5
24E
330
17
100
AcDbEntity
  8
40-OLCU
100
AcDbLine
 10
600.8
 20
550.8
 30
0.0
 11
603.2
 21
553.2
 31
0.0
  0
LINE
  5
24F
330
17
100
AcDbEntity
  8
40-OLCU
100
AcDbLine
 10
603.5
 20
552.0
 30
0.0
 11
599.0
 21
552.0
 31
0.0
  0
LINE
  5
250
330
17
100
AcDbEntity
  8
40-OLCU
100
AcDbLine
 10
600.8
 20
598.8
 30
0.0
 11
603.2
 21
601.2
 31
0.0
  0
LINE
  5
251
330
17
100
AcDbEntity
  8
40-OLCU
100
AcDbLine
 10
603.5
 20
600.0
 30
0.0
 11
599.0
 21
600.0
 31
0.0
  0
TEXT
  5
252
330
17
100
AcDbEntity
  8
40-OLCU
100
AcDbText
 10
603.6
 20
576.0
 30
0.0
 40
2.2
  1
t=2,40
 50
90.0
  7
TRK
 72
1
 11
603.6
 21
576.0
 31
0.0
100
AcDbText
 73
3
  0
LINE
  5
253
330
17
100
AcDbEntity
  8
40-OLCU
100
AcDbLine
 10
573.0
 20
548.0
 30
0.0
 11
597.0
 21
548.0
 31
0.0
  0
LINE
  5
254
330
17
100
AcDbEntity
  8
40-OLCU
100
AcDbLine
 10
571.8
 20
546.8
 30
0.0
 11
574.2
 21
549.2
 31
0.0
  0
LINE
  5
255
330
17
100
AcDbEntity
  8
40-OLCU
100
AcDbLine
 10
573.0
 20
546.5
 30
0.0
 11
573.0
 21
549.5
 31
0.0
  0
LINE
  5
256
330
17
100
AcDbEntity
  8
40-OLCU
100
AcDbLine
 10
595.8
 20
546.8
 30
0.0
 11
598.2
 21
549.2
 31
0.0
  0
LINE
  5
257
330
17
100
AcDbEntity
  8
40-OLCU
100
AcDbLine
 10
597.0
 20
546.5
 30
0.0
 11
597.0
 21
549.5
 31
0.0
  0
TEXT
  5
258
330
17
100
AcDbEntity
  8
40-OLCU
100
AcDbText
 10
585.0
 20
547.0
 30
0.0
 40
2.2
  1
1,20 x 1,20 m
  7
TRK
 72
1
 11
585.0
 21
547.0
 31
0.0
100
AcDbText
 73
3
  0
LINE
  5
259
330
17
100
AcDbEntity
  8
40-OLCU
100
AcDbLine
 10
555.0
 20
804.0
 30
0.0
 11
615.0
 21
804.0
 31
0.0
  0
LINE
  5
25A
330
17
100
AcDbEntity
  8
40-OLCU
100
AcDbLine
 10
553.8
 20
802.8
 30
0.0
 11
556.2
 21
805.2
 31
0.0
  0
LINE
  5
25B
330
17
100
AcDbEntity
  8
40-OLCU
100
AcDbLine
 10
555.0
 20
802.5
 30
0.0
 11
555.0
 21
805.5
 31
0.0
  0
LINE
  5
25C
330
17
100
AcDbEntity
  8
40-OLCU
100
AcDbLine
 10
613.8
 20
802.8
 30
0.0
 11
616.2
 21
805.2
 31
0.0
  0
LINE
  5
25D
330
17
100
AcDbEntity
  8
40-OLCU
100
AcDbLine
 10
615.0
 20
802.5
 30
0.0
 11
615.0
 21
805.5
 31
0.0
  0
TEXT
  5
25E
330
17
100
AcDbEntity
  8
40-OLCU
100
AcDbText
 10
585.0
 20
805.0
 30
0.0
 40
2.2
  1
OG potans 3,0 m
  7
TRK
 72
1
 11
585.0
 21
805.0
 31
0.0
100
AcDbText
 73
1
  0
TEXT
  5
25F
330
17
100
AcDbEntity
  8
02-BASLIK
100
AcDbText
 10
585.0
 20
539.0
 30
0.0
 40
2.8
  1
D1 - SEKSÝYONER DÝREÐÝ
  7
TRKB
 72
1
 11
585.0
 21
539.0
 31
0.0
100
AcDbText
 73
3
  0
TEXT
  5
260
330
17
100
AcDbEntity
  8
41-YAZI
100
AcDbText
 10
585.0
 20
534.5
 30
0.0
 40
2.0
  1
Tip K5'' - Tepe kuvveti 4.432 kg - 959,77 kg
  7
TRK
 72
1
 11
585.0
 21
534.5
 31
0.0
100
AcDbText
 73
3
  0
TEXT
  5
261
330
17
100
AcDbEntity
  8
41-YAZI
100
AcDbText
 10
585.0
 20
531.0
 30
0.0
 40
2.0
  1
Temel 1,20x1,20x2,40 m - beton 3,744 m³ (C20/25)
  7
TRK
 72
1
 11
585.0
 21
531.0
 31
0.0
100
AcDbText
 73
3
  0
LWPOLYLINE
  5
262
330
17
100
AcDbEntity
  8
32-DETAY-TEMEL
370
50
100
AcDbPolyline
 90
4
 70
1
 10
748.0
 20
552.0
 10
772.0
 20
552.0
 10
772.0
 20
604.0
 10
748.0
 20
604.0
  0
HATCH
  5
263
330
17
100
AcDbEntity
  8
37-TARAMA
 62
7
100
AcDbHatch
 10
0.0
 20
0.0
 30
0.0
210
0.0
220
0.0
230
1.0
  2
AR-CONC
 70
0
 71
0
 91
1
 92
3
 72
0
 73
1
 93
4
 10
748.0
 20
552.0
 10
772.0
 20
552.0
 10
772.0
 20
604.0
 10
748.0
 20
604.0
 97
0
 75
1
 76
1
 52
0.0
 41
0.035
 77
0
 78
13
 53
50.0
 43
0.0
 44
0.0
 45
6.3764634149
 46
-0.5578679939
 79
2
 49
0.66675
 49
-7.33425
 53
355.0
 43
0.0
 44
0.0
 45
-1.2335197499
 46
6.6869895834
 79
2
 49
0.5334
 49
-5.867420446
 53
100.4514447
 43
0.531370245
 44
-0.0464888725
 45
5.1429436482
 46
6.1291213169
 79
2
 49
0.566650308
 49
-6.233158561
 53
46.1842
 43
0.0
 44
1.778
 45
9.4877664312
 46
-1.4714814776
 79
2
 49
1.000125
 49
-11.001375
 53
96.63555761
 43
0.7906465
 44
1.6553775
 45
8.3091446918
 46
8.6599143609
 79
2
 49
0.8499758099
 49
-9.3497462856
 53
351.18415117
 43
0.0
 44
1.778
 45
8.3091446923
 46
8.6599143605
 79
2
 49
0.8000988475
 49
-8.8010906172
 53
21.0
 43
0.889
 44
1.3335
 45
5.3065036944
 46
-3.5792819365
 79
2
 49
0.66675
 49
-7.33425
 53
326.0
 43
0.889
 44
1.3335
 45
2.1630709922
 46
6.4465788143
 79
2
 49
0.5334
 49
-5.8674
 53
71.451445
 43
1.331208641
 44
1.0352265035
 45
7.4695746748
 46
2.867296911
 79
2
 49
0.566650308
 49
-6.233147816
 53
37.5
 43
0.0
 44
0.0
 45
0.1081011138
 46
2.9594263606
 79
6
 49
0.0
 49
-5.79628
 49
0.0
 49
-5.9563
 49
0.0
 49
-5.889625
 53
7.5
 43
0.0
 44
0.0
 45
2.3386881879
 46
3.5063201186
 79
6
 49
0.0
 49
-3.39598
 49
0.0
 49
-5.66293
 49
0.0
 49
-2.244725
 53
-32.5
 43
-1.98247
 44
0.0
 45
4.7456708308
 46
-0.2005060397
 79
6
 49
0.0
 49
-2.2225
 49
0.0
 49
-6.9342
 49
0.0
 49
-9.20115
 53
-42.5
 43
-2.87147
 44
0.0
 45
5.1845213485
 46
0.8899271862
 79
6
 49
0.0
 49
-2.88925
 49
0.0
 49
-4.60502
 49
0.0
 49
-6.53415
 98
0
  0
LINE
  5
264
330
17
100
AcDbEntity
  8
20-PROFIL-ARAZI
370
50
100
AcDbLine
 10
698.0
 20
600.0
 30
0.0
 11
748.0
 21
600.0
 31
0.0
  0
LINE
  5
265
330
17
100
AcDbEntity
  8
20-PROFIL-ARAZI
370
50
100
AcDbLine
 10
772.0
 20
600.0
 30
0.0
 11
822.0
 21
600.0
 31
0.0
  0
HATCH
  5
266
330
17
100
AcDbEntity
  8
37-TARAMA
 62
7
100
AcDbHatch
 10
0.0
 20
0.0
 30
0.0
210
0.0
220
0.0
230
1.0
  2
EARTH
 70
0
 71
0
 91
1
 92
3
 72
0
 73
1
 93
4
 10
698.0
 20
597.0
 10
748.0
 20
597.0
 10
748.0
 20
600.0
 10
698.0
 20
600.0
 97
0
 75
1
 76
1
 52
0.0
 41
0.12
 77
0
 78
6
 53
0.0
 43
0.0
 44
0.0
 45
0.762
 46
0.762
 79
2
 49
0.762
 49
-0.762
 53
0.0
 43
0.0
 44
0.28575
 45
0.762
 46
0.762
 79
2
 49
0.762
 49
-0.762
 53
0.0
 43
0.0
 44
0.5715
 45
0.762
 46
0.762
 79
2
 49
0.762
 49
-0.762
 53
90.0
 43
0.09525
 44
0.66675
 45
-0.762
 46
0.762
 79
2
 49
0.762
 49
-0.762
 53
90.0
 43
0.381
 44
0.66675
 45
-0.762
 46
0.762
 79
2
 49
0.762
 49
-0.762
 53
90.0
 43
0.66675
 44
0.66675
 45
-0.762
 46
0.762
 79
2
 49
0.762
 49
-0.762
 98
0
  0
HATCH
  5
267
330
17
100
AcDbEntity
  8
37-TARAMA
 62
7
100
AcDbHatch
 10
0.0
 20
0.0
 30
0.0
210
0.0
220
0.0
230
1.0
  2
EARTH
 70
0
 71
0
 91
1
 92
3
 72
0
 73
1
 93
4
 10
772.0
 20
597.0
 10
822.0
 20
597.0
 10
822.0
 20
600.0
 10
772.0
 20
600.0
 97
0
 75
1
 76
1
 52
0.0
 41
0.12
 77
0
 78
6
 53
0.0
 43
0.0
 44
0.0
 45
0.762
 46
0.762
 79
2
 49
0.762
 49
-0.762
 53
0.0
 43
0.0
 44
0.28575
 45
0.762
 46
0.762
 79
2
 49
0.762
 49
-0.762
 53
0.0
 43
0.0
 44
0.5715
 45
0.762
 46
0.762
 79
2
 49
0.762
 49
-0.762
 53
90.0
 43
0.09525
 44
0.66675
 45
-0.762
 46
0.762
 79
2
 49
0.762
 49
-0.762
 53
90.0
 43
0.381
 44
0.66675
 45
-0.762
 46
0.762
 79
2
 49
0.762
 49
-0.762
 53
90.0
 43
0.66675
 44
0.66675
 45
-0.762
 46
0.762
 79
2
 49
0.762
 49
-0.762
 98
0
  0
LINE
  5
268
330
17
100
AcDbEntity
  8
30-DETAY-DIREK
370
50
100
AcDbLine
 10
750.0
 20
600.0
 30
0.0
 11
756.0
 21
794.6
 31
0.0
  0
LINE
  5
269
330
17
100
AcDbEntity
  8
30-DETAY-DIREK
370
50
100
AcDbLine
 10
770.0
 20
600.0
 30
0.0
 11
764.0
 21
794.6
 31
0.0
  0
LINE
  5
26A
330
17
100
AcDbEntity
  8
30-DETAY-DIREK
370
50
100
AcDbLine
 10
756.0
 20
794.6
 30
0.0
 11
764.0
 21
794.6
 31
0.0
  0
LINE
  5
26B
330
17
100
AcDbEntity
  8
30-DETAY-DIREK
  6
HIDDEN
 48
0.2
100
AcDbLine
 10
750.0
 20
600.0
 30
0.0
 11
750.4
 21
554.0
 31
0.0
  0
LINE
  5
26C
330
17
100
AcDbEntity
  8
30-DETAY-DIREK
  6
HIDDEN
 48
0.2
100
AcDbLine
 10
770.0
 20
600.0
 30
0.0
 11
769.6
 21
554.0
 31
0.0
  0
LINE
  5
26D
330
17
100
AcDbEntity
  8
31-DETAY-KAFES
100
AcDbLine
 10
750.0
 20
600.0
 30
0.0
 11
770.0
 21
600.0
 31
0.0
  0
LINE
  5
26E
330
17
100
AcDbEntity
  8
31-DETAY-KAFES
100
AcDbLine
 10
750.8571428571429
 20
627.8
 30
0.0
 11
769.1428571428571
 21
627.8
 31
0.0
  0
LINE
  5
26F
330
17
100
AcDbEntity
  8
31-DETAY-KAFES
100
AcDbLine
 10
751.7142857142857
 20
655.6
 30
0.0
 11
768.2857142857143
 21
655.6
 31
0.0
  0
LINE
  5
270
330
17
100
AcDbEntity
  8
31-DETAY-KAFES
100
AcDbLine
 10
752.5714285714286
 20
683.4
 30
0.0
 11
767.4285714285714
 21
683.4
 31
0.0
  0
LINE
  5
271
330
17
100
AcDbEntity
  8
31-DETAY-KAFES
100
AcDbLine
 10
753.4285714285714
 20
711.2
 30
0.0
 11
766.5714285714286
 21
711.2
 31
0.0
  0
LINE
  5
272
330
17
100
AcDbEntity
  8
31-DETAY-KAFES
100
AcDbLine
 10
754.2857142857143
 20
739.0
 30
0.0
 11
765.7142857142857
 21
739.0
 31
0.0
  0
LINE
  5
273
330
17
100
AcDbEntity
  8
31-DETAY-KAFES
100
AcDbLine
 10
755.1428571428571
 20
766.8
 30
0.0
 11
764.8571428571429
 21
766.8
 31
0.0
  0
LINE
  5
274
330
17
100
AcDbEntity
  8
31-DETAY-KAFES
100
AcDbLine
 10
756.0
 20
794.6
 30
0.0
 11
764.0
 21
794.6
 31
0.0
  0
LWPOLYLINE
  5
275
330
17
100
AcDbEntity
  8
31-DETAY-KAFES
100
AcDbPolyline
 90
15
 70
0
 10
750.0
 20
600.0
 10
769.5714285714286
 20
613.9
 10
750.8571428571429
 20
627.8
 10
768.7142857142857
 20
641.7
 10
751.7142857142857
 20
655.6
 10
767.8571428571429
 20
669.5
 10
752.5714285714286
 20
683.4
 10
767.0
 20
697.3
 10
753.4285714285714
 20
711.2
 10
766.1428571428571
 20
725.1
 10
754.2857142857143
 20
739.0
 10
765.2857142857143
 20
752.9
 10
755.1428571428571
 20
766.8
 10
764.4285714285714
 20
780.7
 10
756.0
 20
794.6
  0
LWPOLYLINE
  5
276
330
17
100
AcDbEntity
  8
30-DETAY-DIREK
370
35
100
AcDbPolyline
 90
4
 70
1
 10
730.0
 20
790.2
 10
790.0
 20
790.2
 10
790.0
 20
791.8
 10
730.0
 20
791.8
  0
CIRCLE
  5
277
330
17
100
AcDbEntity
  8
33-DETAY-IZOLATOR
100
AcDbCircle
 10
733.0
 20
791.0
 30
0.0
 40
2.2
  0
CIRCLE
  5
278
330
17
100
AcDbEntity
  8
33-DETAY-IZOLATOR
100
AcDbCircle
 10
733.0
 20
791.0
 30
0.0
 40
1.2
  0
CIRCLE
  5
279
330
17
100
AcDbEntity
  8
34-DETAY-ILETKEN
100
AcDbCircle
 10
733.0
 20
791.0
 30
0.0
 40
0.5
  0
TEXT
  5
27A
330
17
100
AcDbEntity
  8
41-YAZI
100
AcDbText
 10
733.0
 20
794.4
 30
0.0
 40
2.0
  1
L1
  7
TRK
 72
1
 11
733.0
 21
794.4
 31
0.0
100
AcDbText
 73
1
  0
CIRCLE
  5
27B
330
17
100
AcDbEntity
  8
33-DETAY-IZOLATOR
100
AcDbCircle
 10
769.0
 20
791.0
 30
0.0
 40
2.2
  0
CIRCLE
  5
27C
330
17
100
AcDbEntity
  8
33-DETAY-IZOLATOR
100
AcDbCircle
 10
769.0
 20
791.0
 30
0.0
 40
1.2
  0
CIRCLE
  5
27D
330
17
100
AcDbEntity
  8
34-DETAY-ILETKEN
100
AcDbCircle
 10
769.0
 20
791.0
 30
0.0
 40
0.5
  0
TEXT
  5
27E
330
17
100
AcDbEntity
  8
41-YAZI
100
AcDbText
 10
769.0
 20
794.4
 30
0.0
 40
2.0
  1
L2
  7
TRK
 72
1
 11
769.0
 21
794.4
 31
0.0
100
AcDbText
 73
1
  0
CIRCLE
  5
27F
330
17
100
AcDbEntity
  8
33-DETAY-IZOLATOR
100
AcDbCircle
 10
787.0
 20
791.0
 30
0.0
 40
2.2
  0
CIRCLE
  5
280
330
17
100
AcDbEntity
  8
33-DETAY-IZOLATOR
100
AcDbCircle
 10
787.0
 20
791.0
 30
0.0
 40
1.2
  0
CIRCLE
  5
281
330
17
100
AcDbEntity
  8
34-DETAY-ILETKEN
100
AcDbCircle
 10
787.0
 20
791.0
 30
0.0
 40
0.5
  0
TEXT
  5
282
330
17
100
AcDbEntity
  8
41-YAZI
100
AcDbText
 10
787.0
 20
794.4
 30
0.0
 40
2.0
  1
L3
  7
TRK
 72
1
 11
787.0
 21
794.4
 31
0.0
100
AcDbText
 73
1
  0
LWPOLYLINE
  5
283
330
17
100
AcDbEntity
  8
35-DETAY-AG
370
35
100
AcDbPolyline
 90
3
 70
0
 10
765.0359712230215
 20
761.0
 10
771.0359712230215
 20
761.0
 10
771.0359712230215
 20
759.5
  0
CIRCLE
  5
284
330
17
100
AcDbEntity
  8
35-DETAY-AG
100
AcDbCircle
 10
771.0359712230215
 20
758.0
 30
0.0
 40
1.6
  0
TEXT
  5
285
330
17
100
AcDbEntity
  8
35-DETAY-AG
100
AcDbText
 10
773.5359712230215
 20
758.0
 30
0.0
 40
2.0
  1
AER 3x95+70
  7
TRK
 11
773.5359712230215
 21
758.0
 31
0.0
100
AcDbText
 73
2
  0
TEXT
  5
286
330
17
100
AcDbEntity
  8
35-DETAY-AG
100
AcDbText
 10
773.5359712230215
 20
755.0
 30
0.0
 40
1.8
  1
germe pensi
  7
TRK
 11
773.5359712230215
 21
755.0
 31
0.0
100
AcDbText
 73
2
  0
LWPOLYLINE
  5
287
330
17
100
AcDbEntity
  8
36-DETAY-TOPRAKLAMA
100
AcDbPolyline
 90
3
 70
0
 10
751.0
 20
612.0
 10
740.0
 20
606.0
 10
740.0
 20
584.0
  0
LINE
  5
288
330
17
100
AcDbEntity
  8
36-DETAY-TOPRAKLAMA
370
50
100
AcDbLine
 10
740.0
 20
584.0
 30
0.0
 11
740.0
 21
554.0
 31
0.0
  0
TEXT
  5
289
330
17
100
AcDbEntity
  8
36-DETAY-TOPRAKLAMA
100
AcDbText
 10
738.8
 20
568.0
 30
0.0
 40
1.7
  1
Ø5/8" x 1,5 m
  7
TRK
 72
2
 11
738.8
 21
568.0
 31
0.0
100
AcDbText
 73
2
  0
LINE
  5
28A
330
17
100
AcDbEntity
  8
40-OLCU
100
AcDbLine
 10
718.0
 20
600.0
 30
0.0
 11
718.0
 21
794.6
 31
0.0
  0
LINE
  5
28B
330
17
100
AcDbEntity
  8
40-OLCU
100
AcDbLine
 10
716.8
 20
598.8
 30
0.0
 11
719.2
 21
601.2
 31
0.0
  0
LINE
  5
28C
330
17
100
AcDbEntity
  8
40-OLCU
100
AcDbLine
 10
716.5
 20
600.0
 30
0.0
 11
721.0
 21
600.0
 31
0.0
  0
LINE
  5
28D
330
17
100
AcDbEntity
  8
40-OLCU
100
AcDbLine
 10
716.8
 20
793.4
 30
0.0
 11
719.2
 21
795.8000000000001
 31
0.0
  0
LINE
  5
28E
330
17
100
AcDbEntity
  8
40-OLCU
100
AcDbLine
 10
716.5
 20
794.6
 30
0.0
 11
721.0
 21
794.6
 31
0.0
  0
TEXT
  5
28F
330
17
100
AcDbEntity
  8
40-OLCU
100
AcDbText
 10
716.4
 20
697.3
 30
0.0
 40
2.2
  1
9,73 m
 50
90.0
  7
TRK
 72
1
 11
716.4
 21
697.3
 31
0.0
100
AcDbText
 73
1
  0
LINE
  5
290
330
17
100
AcDbEntity
  8
40-OLCU
100
AcDbLine
 10
725.0
 20
600.0
 30
0.0
 11
725.0
 21
791.0
 31
0.0
  0
LINE
  5
291
330
17
100
AcDbEntity
  8
40-OLCU
100
AcDbLine
 10
723.8
 20
598.8
 30
0.0
 11
726.2
 21
601.2
 31
0.0
  0
LINE
  5
292
330
17
100
AcDbEntity
  8
40-OLCU
100
AcDbLine
 10
723.5
 20
600.0
 30
0.0
 11
728.0
 21
600.0
 31
0.0
  0
LINE
  5
293
330
17
100
AcDbEntity
  8
40-OLCU
100
AcDbLine
 10
723.8
 20
789.8
 30
0.0
 11
726.2
 21
792.2
 31
0.0
  0
LINE
  5
294
330
17
100
AcDbEntity
  8
40-OLCU
100
AcDbLine
 10
723.5
 20
791.0
 30
0.0
 11
728.0
 21
791.0
 31
0.0
  0
TEXT
  5
295
330
17
100
AcDbEntity
  8
40-OLCU
100
AcDbText
 10
723.4
 20
695.5
 30
0.0
 40
2.2
  1
9,55
 50
90.0
  7
TRK
 72
1
 11
723.4
 21
695.5
 31
0.0
100
AcDbText
 73
1
  0
LINE
  5
296
330
17
100
AcDbEntity
  8
40-OLCU
100
AcDbLine
 10
732.0
 20
600.0
 30
0.0
 11
732.0
 21
761.0
 31
0.0
  0
LINE
  5
297
330
17
100
AcDbEntity
  8
40-OLCU
100
AcDbLine
 10
730.8
 20
598.8
 30
0.0
 11
733.2
 21
601.2
 31
0.0
  0
LINE
  5
298
330
17
100
AcDbEntity
  8
40-OLCU
100
AcDbLine
 10
730.5
 20
600.0
 30
0.0
 11
735.0
 21
600.0
 31
0.0
  0
LINE
  5
299
330
17
100
AcDbEntity
  8
40-OLCU
100
AcDbLine
 10
730.8
 20
759.8
 30
0.0
 11
733.2
 21
762.2
 31
0.0
  0
LINE
  5
29A
330
17
100
AcDbEntity
  8
40-OLCU
100
AcDbLine
 10
730.5
 20
761.0
 30
0.0
 11
735.0
 21
761.0
 31
0.0
  0
TEXT
  5
29B
330
17
100
AcDbEntity
  8
40-OLCU
100
AcDbText
 10
730.4
 20
680.5
 30
0.0
 40
2.2
  1
8,05
 50
90.0
  7
TRK
 72
1
 11
730.4
 21
680.5
 31
0.0
100
AcDbText
 73
1
  0
LINE
  5
29C
330
17
100
AcDbEntity
  8
40-OLCU
100
AcDbLine
 10
795.0
 20
761.0
 30
0.0
 11
795.0
 21
791.0
 31
0.0
  0
LINE
  5
29D
330
17
100
AcDbEntity
  8
40-OLCU
100
AcDbLine
 10
793.8
 20
759.8
 30
0.0
 11
796.2
 21
762.2
 31
0.0
  0
LINE
  5
29E
330
17
100
AcDbEntity
  8
40-OLCU
100
AcDbLine
 10
796.5
 20
761.0
 30
0.0
 11
792.0
 21
761.0
 31
0.0
  0
LINE
  5
29F
330
17
100
AcDbEntity
  8
40-OLCU
100
AcDbLine
 10
793.8
 20
789.8
 30
0.0
 11
796.2
 21
792.2
 31
0.0
  0
LINE
  5
2A0
330
17
100
AcDbEntity
  8
40-OLCU
100
AcDbLine
 10
796.5
 20
791.0
 30
0.0
 11
792.0
 21
791.0
 31
0.0
  0
TEXT
  5
2A1
330
17
100
AcDbEntity
  8
40-OLCU
100
AcDbText
 10
796.6
 20
776.0
 30
0.0
 40
2.2
  1
\U+22651,50
 50
90.0
  7
TRK
 72
1
 11
796.6
 21
776.0
 31
0.0
100
AcDbText
 73
3
  0
LINE
  5
2A2
330
17
100
AcDbEntity
  8
40-OLCU
100
AcDbLine
 10
777.0
 20
552.0
 30
0.0
 11
777.0
 21
600.0
 31
0.0
  0
LINE
  5
2A3
330
17
100
AcDbEntity
  8
40-OLCU
100
AcDbLine
 10
775.8
 20
550.8
 30
0.0
 11
778.2
 21
553.2
 31
0.0
  0
LINE
  5
2A4
330
17
100
AcDbEntity
  8
40-OLCU
100
AcDbLine
 10
778.5
 20
552.0
 30
0.0
 11
774.0
 21
552.0
 31
0.0
  0
LINE
  5
2A5
330
17
100
AcDbEntity
  8
40-OLCU
100
AcDbLine
 10
775.8
 20
598.8
 30
0.0
 11
778.2
 21
601.2
 31
0.0
  0
LINE
  5
2A6
330
17
100
AcDbEntity
  8
40-OLCU
100
AcDbLine
 10
778.5
 20
600.0
 30
0.0
 11
774.0
 21
600.0
 31
0.0
  0
TEXT
  5
2A7
330
17
100
AcDbEntity
  8
40-OLCU
100
AcDbText
 10
778.6
 20
576.0
 30
0.0
 40
2.2
  1
t=2,40
 50
90.0
  7
TRK
 72
1
 11
778.6
 21
576.0
 31
0.0
100
AcDbText
 73
3
  0
LINE
  5
2A8
330
17
100
AcDbEntity
  8
40-OLCU
100
AcDbLine
 10
748.0
 20
548.0
 30
0.0
 11
772.0
 21
548.0
 31
0.0
  0
LINE
  5
2A9
330
17
100
AcDbEntity
  8
40-OLCU
100
AcDbLine
 10
746.8
 20
546.8
 30
0.0
 11
749.2
 21
549.2
 31
0.0
  0
LINE
  5
2AA
330
17
100
AcDbEntity
  8
40-OLCU
100
AcDbLine
 10
748.0
 20
546.5
 30
0.0
 11
748.0
 21
549.5
 31
0.0
  0
LINE
  5
2AB
330
17
100
AcDbEntity
  8
40-OLCU
100
AcDbLine
 10
770.8
 20
546.8
 30
0.0
 11
773.2
 21
549.2
 31
0.0
  0
LINE
  5
2AC
330
17
100
AcDbEntity
  8
40-OLCU
100
AcDbLine
 10
772.0
 20
546.5
 30
0.0
 11
772.0
 21
549.5
 31
0.0
  0
TEXT
  5
2AD
330
17
100
AcDbEntity
  8
40-OLCU
100
AcDbText
 10
760.0
 20
547.0
 30
0.0
 40
2.2
  1
1,20 x 1,20 m
  7
TRK
 72
1
 11
760.0
 21
547.0
 31
0.0
100
AcDbText
 73
3
  0
LINE
  5
2AE
330
17
100
AcDbEntity
  8
40-OLCU
100
AcDbLine
 10
730.0
 20
804.0
 30
0.0
 11
790.0
 21
804.0
 31
0.0
  0
LINE
  5
2AF
330
17
100
AcDbEntity
  8
40-OLCU
100
AcDbLine
 10
728.8
 20
802.8
 30
0.0
 11
731.2
 21
805.2
 31
0.0
  0
LINE
  5
2B0
330
17
100
AcDbEntity
  8
40-OLCU
100
AcDbLine
 10
730.0
 20
802.5
 30
0.0
 11
730.0
 21
805.5
 31
0.0
  0
LINE
  5
2B1
330
17
100
AcDbEntity
  8
40-OLCU
100
AcDbLine
 10
788.8
 20
802.8
 30
0.0
 11
791.2
 21
805.2
 31
0.0
  0
LINE
  5
2B2
330
17
100
AcDbEntity
  8
40-OLCU
100
AcDbLine
 10
790.0
 20
802.5
 30
0.0
 11
790.0
 21
805.5
 31
0.0
  0
TEXT
  5
2B3
330
17
100
AcDbEntity
  8
40-OLCU
100
AcDbText
 10
760.0
 20
805.0
 30
0.0
 40
2.2
  1
OG potans 3,0 m
  7
TRK
 72
1
 11
760.0
 21
805.0
 31
0.0
100
AcDbText
 73
1
  0
TEXT
  5
2B4
330
17
100
AcDbEntity
  8
02-BASLIK
100
AcDbText
 10
760.0
 20
539.0
 30
0.0
 40
2.8
  1
D2 / D5 - KÖÞE DURDURUCU
  7
TRKB
 72
1
 11
760.0
 21
539.0
 31
0.0
100
AcDbText
 73
3
  0
TEXT
  5
2B5
330
17
100
AcDbEntity
  8
41-YAZI
100
AcDbText
 10
760.0
 20
534.5
 30
0.0
 40
2.0
  1
Tip K5'' - Tepe kuvveti 4.432 kg - 959,77 kg
  7
TRK
 72
1
 11
760.0
 21
534.5
 31
0.0
100
AcDbText
 73
3
  0
TEXT
  5
2B6
330
17
100
AcDbEntity
  8
41-YAZI
100
AcDbText
 10
760.0
 20
531.0
 30
0.0
 40
2.0
  1
Temel 1,20x1,20x2,40 m - beton 3,744 m³ (C20/25)
  7
TRK
 72
1
 11
760.0
 21
531.0
 31
0.0
100
AcDbText
 73
3
  0
LWPOLYLINE
  5
2B7
330
17
100
AcDbEntity
  8
32-DETAY-TEMEL
370
50
100
AcDbPolyline
 90
4
 70
1
 10
913.5
 20
560.0
 10
936.5
 20
560.0
 10
936.5
 20
604.0
 10
913.5
 20
604.0
  0
HATCH
  5
2B8
330
17
100
AcDbEntity
  8
37-TARAMA
 62
7
100
AcDbHatch
 10
0.0
 20
0.0
 30
0.0
210
0.0
220
0.0
230
1.0
  2
AR-CONC
 70
0
 71
0
 91
1
 92
3
 72
0
 73
1
 93
4
 10
913.5
 20
560.0
 10
936.5
 20
560.0
 10
936.5
 20
604.0
 10
913.5
 20
604.0
 97
0
 75
1
 76
1
 52
0.0
 41
0.035
 77
0
 78
13
 53
50.0
 43
0.0
 44
0.0
 45
6.3764634149
 46
-0.5578679939
 79
2
 49
0.66675
 49
-7.33425
 53
355.0
 43
0.0
 44
0.0
 45
-1.2335197499
 46
6.6869895834
 79
2
 49
0.5334
 49
-5.867420446
 53
100.4514447
 43
0.531370245
 44
-0.0464888725
 45
5.1429436482
 46
6.1291213169
 79
2
 49
0.566650308
 49
-6.233158561
 53
46.1842
 43
0.0
 44
1.778
 45
9.4877664312
 46
-1.4714814776
 79
2
 49
1.000125
 49
-11.001375
 53
96.63555761
 43
0.7906465
 44
1.6553775
 45
8.3091446918
 46
8.6599143609
 79
2
 49
0.8499758099
 49
-9.3497462856
 53
351.18415117
 43
0.0
 44
1.778
 45
8.3091446923
 46
8.6599143605
 79
2
 49
0.8000988475
 49
-8.8010906172
 53
21.0
 43
0.889
 44
1.3335
 45
5.3065036944
 46
-3.5792819365
 79
2
 49
0.66675
 49
-7.33425
 53
326.0
 43
0.889
 44
1.3335
 45
2.1630709922
 46
6.4465788143
 79
2
 49
0.5334
 49
-5.8674
 53
71.451445
 43
1.331208641
 44
1.0352265035
 45
7.4695746748
 46
2.867296911
 79
2
 49
0.566650308
 49
-6.233147816
 53
37.5
 43
0.0
 44
0.0
 45
0.1081011138
 46
2.9594263606
 79
6
 49
0.0
 49
-5.79628
 49
0.0
 49
-5.9563
 49
0.0
 49
-5.889625
 53
7.5
 43
0.0
 44
0.0
 45
2.3386881879
 46
3.5063201186
 79
6
 49
0.0
 49
-3.39598
 49
0.0
 49
-5.66293
 49
0.0
 49
-2.244725
 53
-32.5
 43
-1.98247
 44
0.0
 45
4.7456708308
 46
-0.2005060397
 79
6
 49
0.0
 49
-2.2225
 49
0.0
 49
-6.9342
 49
0.0
 49
-9.20115
 53
-42.5
 43
-2.87147
 44
0.0
 45
5.1845213485
 46
0.8899271862
 79
6
 49
0.0
 49
-2.88925
 49
0.0
 49
-4.60502
 49
0.0
 49
-6.53415
 98
0
  0
LINE
  5
2B9
330
17
100
AcDbEntity
  8
20-PROFIL-ARAZI
370
50
100
AcDbLine
 10
863.0
 20
600.0
 30
0.0
 11
913.5
 21
600.0
 31
0.0
  0
LINE
  5
2BA
330
17
100
AcDbEntity
  8
20-PROFIL-ARAZI
370
50
100
AcDbLine
 10
936.5
 20
600.0
 30
0.0
 11
987.0
 21
600.0
 31
0.0
  0
HATCH
  5
2BB
330
17
100
AcDbEntity
  8
37-TARAMA
 62
7
100
AcDbHatch
 10
0.0
 20
0.0
 30
0.0
210
0.0
220
0.0
230
1.0
  2
EARTH
 70
0
 71
0
 91
1
 92
3
 72
0
 73
1
 93
4
 10
863.0
 20
597.0
 10
913.5
 20
597.0
 10
913.5
 20
600.0
 10
863.0
 20
600.0
 97
0
 75
1
 76
1
 52
0.0
 41
0.12
 77
0
 78
6
 53
0.0
 43
0.0
 44
0.0
 45
0.762
 46
0.762
 79
2
 49
0.762
 49
-0.762
 53
0.0
 43
0.0
 44
0.28575
 45
0.762
 46
0.762
 79
2
 49
0.762
 49
-0.762
 53
0.0
 43
0.0
 44
0.5715
 45
0.762
 46
0.762
 79
2
 49
0.762
 49
-0.762
 53
90.0
 43
0.09525
 44
0.66675
 45
-0.762
 46
0.762
 79
2
 49
0.762
 49
-0.762
 53
90.0
 43
0.381
 44
0.66675
 45
-0.762
 46
0.762
 79
2
 49
0.762
 49
-0.762
 53
90.0
 43
0.66675
 44
0.66675
 45
-0.762
 46
0.762
 79
2
 49
0.762
 49
-0.762
 98
0
  0
HATCH
  5
2BC
330
17
100
AcDbEntity
  8
37-TARAMA
 62
7
100
AcDbHatch
 10
0.0
 20
0.0
 30
0.0
210
0.0
220
0.0
230
1.0
  2
EARTH
 70
0
 71
0
 91
1
 92
3
 72
0
 73
1
 93
4
 10
936.5
 20
597.0
 10
987.0
 20
597.0
 10
987.0
 20
600.0
 10
936.5
 20
600.0
 97
0
 75
1
 76
1
 52
0.0
 41
0.12
 77
0
 78
6
 53
0.0
 43
0.0
 44
0.0
 45
0.762
 46
0.762
 79
2
 49
0.762
 49
-0.762
 53
0.0
 43
0.0
 44
0.28575
 45
0.762
 46
0.762
 79
2
 49
0.762
 49
-0.762
 53
0.0
 43
0.0
 44
0.5715
 45
0.762
 46
0.762
 79
2
 49
0.762
 49
-0.762
 53
90.0
 43
0.09525
 44
0.66675
 45
-0.762
 46
0.762
 79
2
 49
0.762
 49
-0.762
 53
90.0
 43
0.381
 44
0.66675
 45
-0.762
 46
0.762
 79
2
 49
0.762
 49
-0.762
 53
90.0
 43
0.66675
 44
0.66675
 45
-0.762
 46
0.762
 79
2
 49
0.762
 49
-0.762
 98
0
  0
LINE
  5
2BD
330
17
100
AcDbEntity
  8
30-DETAY-DIREK
370
50
100
AcDbLine
 10
915.83
 20
600.0
 30
0.0
 11
923.0
 21
794.6
 31
0.0
  0
LINE
  5
2BE
330
17
100
AcDbEntity
  8
30-DETAY-DIREK
370
50
100
AcDbLine
 10
934.17
 20
600.0
 30
0.0
 11
927.0
 21
794.6
 31
0.0
  0
LINE
  5
2BF
330
17
100
AcDbEntity
  8
30-DETAY-DIREK
370
50
100
AcDbLine
 10
923.0
 20
794.6
 30
0.0
 11
927.0
 21
794.6
 31
0.0
  0
LINE
  5
2C0
330
17
100
AcDbEntity
  8
30-DETAY-DIREK
  6
HIDDEN
 48
0.2
100
AcDbLine
 10
915.83
 20
600.0
 30
0.0
 11
916.23
 21
562.0
 31
0.0
  0
LINE
  5
2C1
330
17
100
AcDbEntity
  8
30-DETAY-DIREK
  6
HIDDEN
 48
0.2
100
AcDbLine
 10
934.17
 20
600.0
 30
0.0
 11
933.77
 21
562.0
 31
0.0
  0
LINE
  5
2C2
330
17
100
AcDbEntity
  8
31-DETAY-KAFES
100
AcDbLine
 10
915.83
 20
600.0
 30
0.0
 11
934.17
 21
600.0
 31
0.0
  0
LINE
  5
2C3
330
17
100
AcDbEntity
  8
31-DETAY-KAFES
100
AcDbLine
 10
916.8542857142858
 20
627.8
 30
0.0
 11
933.1457142857142
 21
627.8
 31
0.0
  0
LINE
  5
2C4
330
17
100
AcDbEntity
  8
31-DETAY-KAFES
100
AcDbLine
 10
917.8785714285715
 20
655.6
 30
0.0
 11
932.1214285714285
 21
655.6
 31
0.0
  0
LINE
  5
2C5
330
17
100
AcDbEntity
  8
31-DETAY-KAFES
100
AcDbLine
 10
918.9028571428572
 20
683.4
 30
0.0
 11
931.0971428571428
 21
683.4
 31
0.0
  0
LINE
  5
2C6
330
17
100
AcDbEntity
  8
31-DETAY-KAFES
100
AcDbLine
 10
919.9271428571428
 20
711.2
 30
0.0
 11
930.0728571428572
 21
711.2
 31
0.0
  0
LINE
  5
2C7
330
17
100
AcDbEntity
  8
31-DETAY-KAFES
100
AcDbLine
 10
920.9514285714286
 20
739.0
 30
0.0
 11
929.0485714285714
 21
739.0
 31
0.0
  0
LINE
  5
2C8
330
17
100
AcDbEntity
  8
31-DETAY-KAFES
100
AcDbLine
 10
921.9757142857143
 20
766.8
 30
0.0
 11
928.0242857142857
 21
766.8
 31
0.0
  0
LINE
  5
2C9
330
17
100
AcDbEntity
  8
31-DETAY-KAFES
100
AcDbLine
 10
923.0
 20
794.6
 30
0.0
 11
927.0
 21
794.6
 31
0.0
  0
LWPOLYLINE
  5
2CA
330
17
100
AcDbEntity
  8
31-DETAY-KAFES
100
AcDbPolyline
 90
15
 70
0
 10
915.83
 20
600.0
 10
933.6578571428571
 20
613.9
 10
916.8542857142858
 20
627.8
 10
932.6335714285714
 20
641.7
 10
917.8785714285715
 20
655.6
 10
931.6092857142856
 20
669.5
 10
918.9028571428572
 20
683.4
 10
930.585
 20
697.3
 10
919.9271428571428
 20
711.2
 10
929.5607142857143
 20
725.1
 10
920.9514285714286
 20
739.0
 10
928.5364285714286
 20
752.9
 10
921.9757142857143
 20
766.8
 10
927.5121428571429
 20
780.7
 10
923.0
 20
794.6
  0
LWPOLYLINE
  5
2CB
330
17
100
AcDbEntity
  8
30-DETAY-DIREK
370
35
100
AcDbPolyline
 90
4
 70
1
 10
900.0
 20
790.2
 10
950.0
 20
790.2
 10
950.0
 20
791.8
 10
900.0
 20
791.8
  0
LWPOLYLINE
  5
2CC
330
17
100
AcDbEntity
  8
33-DETAY-IZOLATOR
100
AcDbPolyline
 90
4
 70
1
 10
901.5
 20
791.8
 10
902.5
 20
791.8
 10
902.5
 20
800.8
 10
901.5
 20
800.8
  0
LINE
  5
2CD
330
17
100
AcDbEntity
  8
33-DETAY-IZOLATOR
100
AcDbLine
 10
900.4
 20
792.7642857142856
 30
0.0
 11
903.6
 21
792.7642857142856
 31
0.0
  0
LINE
  5
2CE
330
17
100
AcDbEntity
  8
33-DETAY-IZOLATOR
100
AcDbLine
 10
900.4
 20
794.3714285714285
 30
0.0
 11
903.6
 21
794.3714285714285
 31
0.0
  0
LINE
  5
2CF
330
17
100
AcDbEntity
  8
33-DETAY-IZOLATOR
100
AcDbLine
 10
900.4
 20
795.9785714285714
 30
0.0
 11
903.6
 21
795.9785714285714
 31
0.0
  0
LINE
  5
2D0
330
17
100
AcDbEntity
  8
33-DETAY-IZOLATOR
100
AcDbLine
 10
900.4
 20
797.5857142857143
 30
0.0
 11
903.6
 21
797.5857142857143
 31
0.0
  0
LINE
  5
2D1
330
17
100
AcDbEntity
  8
33-DETAY-IZOLATOR
100
AcDbLine
 10
900.4
 20
799.1928571428571
 30
0.0
 11
903.6
 21
799.1928571428571
 31
0.0
  0
CIRCLE
  5
2D2
330
17
100
AcDbEntity
  8
34-DETAY-ILETKEN
100
AcDbCircle
 10
902.0
 20
801.4
 30
0.0
 40
0.6
  0
TEXT
  5
2D3
330
17
100
AcDbEntity
  8
41-YAZI
100
AcDbText
 10
902.0
 20
798.5
 30
0.0
 40
2.0
  1
L1
  7
TRK
 72
1
 11
902.0
 21
798.5
 31
0.0
100
AcDbText
 73
1
  0
LWPOLYLINE
  5
2D4
330
17
100
AcDbEntity
  8
33-DETAY-IZOLATOR
100
AcDbPolyline
 90
4
 70
1
 10
931.5
 20
791.8
 10
932.5
 20
791.8
 10
932.5
 20
800.8
 10
931.5
 20
800.8
  0
LINE
  5
2D5
330
17
100
AcDbEntity
  8
33-DETAY-IZOLATOR
100
AcDbLine
 10
930.4
 20
792.7642857142856
 30
0.0
 11
933.6
 21
792.7642857142856
 31
0.0
  0
LINE
  5
2D6
330
17
100
AcDbEntity
  8
33-DETAY-IZOLATOR
100
AcDbLine
 10
930.4
 20
794.3714285714285
 30
0.0
 11
933.6
 21
794.3714285714285
 31
0.0
  0
LINE
  5
2D7
330
17
100
AcDbEntity
  8
33-DETAY-IZOLATOR
100
AcDbLine
 10
930.4
 20
795.9785714285714
 30
0.0
 11
933.6
 21
795.9785714285714
 31
0.0
  0
LINE
  5
2D8
330
17
100
AcDbEntity
  8
33-DETAY-IZOLATOR
100
AcDbLine
 10
930.4
 20
797.5857142857143
 30
0.0
 11
933.6
 21
797.5857142857143
 31
0.0
  0
LINE
  5
2D9
330
17
100
AcDbEntity
  8
33-DETAY-IZOLATOR
100
AcDbLine
 10
930.4
 20
799.1928571428571
 30
0.0
 11
933.6
 21
799.1928571428571
 31
0.0
  0
CIRCLE
  5
2DA
330
17
100
AcDbEntity
  8
34-DETAY-ILETKEN
100
AcDbCircle
 10
932.0
 20
801.4
 30
0.0
 40
0.6
  0
TEXT
  5
2DB
330
17
100
AcDbEntity
  8
41-YAZI
100
AcDbText
 10
932.0
 20
798.5
 30
0.0
 40
2.0
  1
L2
  7
TRK
 72
1
 11
932.0
 21
798.5
 31
0.0
100
AcDbText
 73
1
  0
LWPOLYLINE
  5
2DC
330
17
100
AcDbEntity
  8
33-DETAY-IZOLATOR
100
AcDbPolyline
 90
4
 70
1
 10
947.5
 20
791.8
 10
948.5
 20
791.8
 10
948.5
 20
800.8
 10
947.5
 20
800.8
  0
LINE
  5
2DD
330
17
100
AcDbEntity
  8
33-DETAY-IZOLATOR
100
AcDbLine
 10
946.4
 20
792.7642857142856
 30
0.0
 11
949.6
 21
792.7642857142856
 31
0.0
  0
LINE
  5
2DE
330
17
100
AcDbEntity
  8
33-DETAY-IZOLATOR
100
AcDbLine
 10
946.4
 20
794.3714285714285
 30
0.0
 11
949.6
 21
794.3714285714285
 31
0.0
  0
LINE
  5
2DF
330
17
100
AcDbEntity
  8
33-DETAY-IZOLATOR
100
AcDbLine
 10
946.4
 20
795.9785714285714
 30
0.0
 11
949.6
 21
795.9785714285714
 31
0.0
  0
LINE
  5
2E0
330
17
100
AcDbEntity
  8
33-DETAY-IZOLATOR
100
AcDbLine
 10
946.4
 20
797.5857142857143
 30
0.0
 11
949.6
 21
797.5857142857143
 31
0.0
  0
LINE
  5
2E1
330
17
100
AcDbEntity
  8
33-DETAY-IZOLATOR
100
AcDbLine
 10
946.4
 20
799.1928571428571
 30
0.0
 11
949.6
 21
799.1928571428571
 31
0.0
  0
CIRCLE
  5
2E2
330
17
100
AcDbEntity
  8
34-DETAY-ILETKEN
100
AcDbCircle
 10
948.0
 20
801.4
 30
0.0
 40
0.6
  0
TEXT
  5
2E3
330
17
100
AcDbEntity
  8
41-YAZI
100
AcDbText
 10
948.0
 20
798.5
 30
0.0
 40
2.0
  1
L3
  7
TRK
 72
1
 11
948.0
 21
798.5
 31
0.0
100
AcDbText
 73
1
  0
LWPOLYLINE
  5
2E4
330
17
100
AcDbEntity
  8
35-DETAY-AG
370
35
100
AcDbPolyline
 90
3
 70
0
 10
928.2379856115108
 20
761.0
 10
934.2379856115108
 20
761.0
 10
934.2379856115108
 20
759.5
  0
CIRCLE
  5
2E5
330
17
100
AcDbEntity
  8
35-DETAY-AG
100
AcDbCircle
 10
934.2379856115108
 20
758.0
 30
0.0
 40
1.6
  0
TEXT
  5
2E6
330
17
100
AcDbEntity
  8
35-DETAY-AG
100
AcDbText
 10
936.7379856115108
 20
758.0
 30
0.0
 40
2.0
  1
AER 3x95+70
  7
TRK
 11
936.7379856115108
 21
758.0
 31
0.0
100
AcDbText
 73
2
  0
TEXT
  5
2E7
330
17
100
AcDbEntity
  8
35-DETAY-AG
100
AcDbText
 10
936.7379856115108
 20
755.0
 30
0.0
 40
1.8
  1
aský pensi
  7
TRK
 11
936.7379856115108
 21
755.0
 31
0.0
100
AcDbText
 73
2
  0
LWPOLYLINE
  5
2E8
330
17
100
AcDbEntity
  8
36-DETAY-TOPRAKLAMA
100
AcDbPolyline
 90
3
 70
0
 10
916.83
 20
612.0
 10
905.5
 20
606.0
 10
905.5
 20
584.0
  0
LINE
  5
2E9
330
17
100
AcDbEntity
  8
36-DETAY-TOPRAKLAMA
370
50
100
AcDbLine
 10
905.5
 20
584.0
 30
0.0
 11
905.5
 21
554.0
 31
0.0
  0
TEXT
  5
2EA
330
17
100
AcDbEntity
  8
36-DETAY-TOPRAKLAMA
100
AcDbText
 10
904.3
 20
568.0
 30
0.0
 40
1.7
  1
Ø5/8" x 1,5 m
  7
TRK
 72
2
 11
904.3
 21
568.0
 31
0.0
100
AcDbText
 73
2
  0
LINE
  5
2EB
330
17
100
AcDbEntity
  8
40-OLCU
100
AcDbLine
 10
883.0
 20
600.0
 30
0.0
 11
883.0
 21
794.6
 31
0.0
  0
LINE
  5
2EC
330
17
100
AcDbEntity
  8
40-OLCU
100
AcDbLine
 10
881.8
 20
598.8
 30
0.0
 11
884.2
 21
601.2
 31
0.0
  0
LINE
  5
2ED
330
17
100
AcDbEntity
  8
40-OLCU
100
AcDbLine
 10
881.5
 20
600.0
 30
0.0
 11
886.0
 21
600.0
 31
0.0
  0
LINE
  5
2EE
330
17
100
AcDbEntity
  8
40-OLCU
100
AcDbLine
 10
881.8
 20
793.4
 30
0.0
 11
884.2
 21
795.8000000000001
 31
0.0
  0
LINE
  5
2EF
330
17
100
AcDbEntity
  8
40-OLCU
100
AcDbLine
 10
881.5
 20
794.6
 30
0.0
 11
886.0
 21
794.6
 31
0.0
  0
TEXT
  5
2F0
330
17
100
AcDbEntity
  8
40-OLCU
100
AcDbText
 10
881.4
 20
697.3
 30
0.0
 40
2.2
  1
9,73 m
 50
90.0
  7
TRK
 72
1
 11
881.4
 21
697.3
 31
0.0
100
AcDbText
 73
1
  0
LINE
  5
2F1
330
17
100
AcDbEntity
  8
40-OLCU
100
AcDbLine
 10
890.0
 20
600.0
 30
0.0
 11
890.0
 21
791.0
 31
0.0
  0
LINE
  5
2F2
330
17
100
AcDbEntity
  8
40-OLCU
100
AcDbLine
 10
888.8
 20
598.8
 30
0.0
 11
891.2
 21
601.2
 31
0.0
  0
LINE
  5
2F3
330
17
100
AcDbEntity
  8
40-OLCU
100
AcDbLine
 10
888.5
 20
600.0
 30
0.0
 11
893.0
 21
600.0
 31
0.0
  0
LINE
  5
2F4
330
17
100
AcDbEntity
  8
40-OLCU
100
AcDbLine
 10
888.8
 20
789.8
 30
0.0
 11
891.2
 21
792.2
 31
0.0
  0
LINE
  5
2F5
330
17
100
AcDbEntity
  8
40-OLCU
100
AcDbLine
 10
888.5
 20
791.0
 30
0.0
 11
893.0
 21
791.0
 31
0.0
  0
TEXT
  5
2F6
330
17
100
AcDbEntity
  8
40-OLCU
100
AcDbText
 10
888.4
 20
695.5
 30
0.0
 40
2.2
  1
9,55
 50
90.0
  7
TRK
 72
1
 11
888.4
 21
695.5
 31
0.0
100
AcDbText
 73
1
  0
LINE
  5
2F7
330
17
100
AcDbEntity
  8
40-OLCU
100
AcDbLine
 10
897.0
 20
600.0
 30
0.0
 11
897.0
 21
761.0
 31
0.0
  0
LINE
  5
2F8
330
17
100
AcDbEntity
  8
40-OLCU
100
AcDbLine
 10
895.8
 20
598.8
 30
0.0
 11
898.2
 21
601.2
 31
0.0
  0
LINE
  5
2F9
330
17
100
AcDbEntity
  8
40-OLCU
100
AcDbLine
 10
895.5
 20
600.0
 30
0.0
 11
900.0
 21
600.0
 31
0.0
  0
LINE
  5
2FA
330
17
100
AcDbEntity
  8
40-OLCU
100
AcDbLine
 10
895.8
 20
759.8
 30
0.0
 11
898.2
 21
762.2
 31
0.0
  0
LINE
  5
2FB
330
17
100
AcDbEntity
  8
40-OLCU
100
AcDbLine
 10
895.5
 20
761.0
 30
0.0
 11
900.0
 21
761.0
 31
0.0
  0
TEXT
  5
2FC
330
17
100
AcDbEntity
  8
40-OLCU
100
AcDbText
 10
895.4
 20
680.5
 30
0.0
 40
2.2
  1
8,05
 50
90.0
  7
TRK
 72
1
 11
895.4
 21
680.5
 31
0.0
100
AcDbText
 73
1
  0
LINE
  5
2FD
330
17
100
AcDbEntity
  8
40-OLCU
100
AcDbLine
 10
955.0
 20
761.0
 30
0.0
 11
955.0
 21
791.0
 31
0.0
  0
LINE
  5
2FE
330
17
100
AcDbEntity
  8
40-OLCU
100
AcDbLine
 10
953.8
 20
759.8
 30
0.0
 11
956.2
 21
762.2
 31
0.0
  0
LINE
  5
2FF
330
17
100
AcDbEntity
  8
40-OLCU
100
AcDbLine
 10
956.5
 20
761.0
 30
0.0
 11
952.0
 21
761.0
 31
0.0
  0
LINE
  5
300
330
17
100
AcDbEntity
  8
40-OLCU
100
AcDbLine
 10
953.8
 20
789.8
 30
0.0
 11
956.2
 21
792.2
 31
0.0
  0
LINE
  5
301
330
17
100
AcDbEntity
  8
40-OLCU
100
AcDbLine
 10
956.5
 20
791.0
 30
0.0
 11
952.0
 21
791.0
 31
0.0
  0
TEXT
  5
302
330
17
100
AcDbEntity
  8
40-OLCU
100
AcDbText
 10
956.6
 20
776.0
 30
0.0
 40
2.2
  1
\U+22651,50
 50
90.0
  7
TRK
 72
1
 11
956.6
 21
776.0
 31
0.0
100
AcDbText
 73
3
  0
LINE
  5
303
330
17
100
AcDbEntity
  8
40-OLCU
100
AcDbLine
 10
941.5
 20
560.0
 30
0.0
 11
941.5
 21
600.0
 31
0.0
  0
LINE
  5
304
330
17
100
AcDbEntity
  8
40-OLCU
100
AcDbLine
 10
940.3
 20
558.8
 30
0.0
 11
942.7
 21
561.2
 31
0.0
  0
LINE
  5
305
330
17
100
AcDbEntity
  8
40-OLCU
100
AcDbLine
 10
943.0
 20
560.0
 30
0.0
 11
938.5
 21
560.0
 31
0.0
  0
LINE
  5
306
330
17
100
AcDbEntity
  8
40-OLCU
100
AcDbLine
 10
940.3
 20
598.8
 30
0.0
 11
942.7
 21
601.2
 31
0.0
  0
LINE
  5
307
330
17
100
AcDbEntity
  8
40-OLCU
100
AcDbLine
 10
943.0
 20
600.0
 30
0.0
 11
938.5
 21
600.0
 31
0.0
  0
TEXT
  5
308
330
17
100
AcDbEntity
  8
40-OLCU
100
AcDbText
 10
943.1
 20
580.0
 30
0.0
 40
2.2
  1
t=2,00
 50
90.0
  7
TRK
 72
1
 11
943.1
 21
580.0
 31
0.0
100
AcDbText
 73
3
  0
LINE
  5
309
330
17
100
AcDbEntity
  8
40-OLCU
100
AcDbLine
 10
913.5
 20
556.0
 30
0.0
 11
936.5
 21
556.0
 31
0.0
  0
LINE
  5
30A
330
17
100
AcDbEntity
  8
40-OLCU
100
AcDbLine
 10
912.3
 20
554.8
 30
0.0
 11
914.7
 21
557.2
 31
0.0
  0
LINE
  5
30B
330
17
100
AcDbEntity
  8
40-OLCU
100
AcDbLine
 10
913.5
 20
554.5
 30
0.0
 11
913.5
 21
557.5
 31
0.0
  0
LINE
  5
30C
330
17
100
AcDbEntity
  8
40-OLCU
100
AcDbLine
 10
935.3
 20
554.8
 30
0.0
 11
937.7
 21
557.2
 31
0.0
  0
LINE
  5
30D
330
17
100
AcDbEntity
  8
40-OLCU
100
AcDbLine
 10
936.5
 20
554.5
 30
0.0
 11
936.5
 21
557.5
 31
0.0
  0
TEXT
  5
30E
330
17
100
AcDbEntity
  8
40-OLCU
100
AcDbText
 10
925.0
 20
555.0
 30
0.0
 40
2.2
  1
1,15 x 0,60 m
  7
TRK
 72
1
 11
925.0
 21
555.0
 31
0.0
100
AcDbText
 73
3
  0
LINE
  5
30F
330
17
100
AcDbEntity
  8
40-OLCU
100
AcDbLine
 10
900.0
 20
804.0
 30
0.0
 11
950.0
 21
804.0
 31
0.0
  0
LINE
  5
310
330
17
100
AcDbEntity
  8
40-OLCU
100
AcDbLine
 10
898.8
 20
802.8
 30
0.0
 11
901.2
 21
805.2
 31
0.0
  0
LINE
  5
311
330
17
100
AcDbEntity
  8
40-OLCU
100
AcDbLine
 10
900.0
 20
802.5
 30
0.0
 11
900.0
 21
805.5
 31
0.0
  0
LINE
  5
312
330
17
100
AcDbEntity
  8
40-OLCU
100
AcDbLine
 10
948.8
 20
802.8
 30
0.0
 11
951.2
 21
805.2
 31
0.0
  0
LINE
  5
313
330
17
100
AcDbEntity
  8
40-OLCU
100
AcDbLine
 10
950.0
 20
802.5
 30
0.0
 11
950.0
 21
805.5
 31
0.0
  0
TEXT
  5
314
330
17
100
AcDbEntity
  8
40-OLCU
100
AcDbText
 10
925.0
 20
805.0
 30
0.0
 40
2.2
  1
OG potans 2,5 m
  7
TRK
 72
1
 11
925.0
 21
805.0
 31
0.0
100
AcDbText
 73
1
  0
TEXT
  5
315
330
17
100
AcDbEntity
  8
02-BASLIK
100
AcDbText
 10
925.0
 20
547.0
 30
0.0
 40
2.8
  1
D3 / D4 - TAÞIYICI
  7
TRKB
 72
1
 11
925.0
 21
547.0
 31
0.0
100
AcDbText
 73
3
  0
TEXT
  5
316
330
17
100
AcDbEntity
  8
41-YAZI
100
AcDbText
 10
925.0
 20
542.5
 30
0.0
 40
2.0
  1
Tip 12U'' - Tepe kuvveti 1.000 kg - 361,85 kg
  7
TRK
 72
1
 11
925.0
 21
542.5
 31
0.0
100
AcDbText
 73
3
  0
TEXT
  5
317
330
17
100
AcDbEntity
  8
41-YAZI
100
AcDbText
 10
925.0
 20
539.0
 30
0.0
 40
2.0
  1
Temel 1,15x0,60x2,00 m - beton 1,518 m³ (C20/25)
  7
TRK
 72
1
 11
925.0
 21
539.0
 31
0.0
100
AcDbText
 73
3
  0
LWPOLYLINE
  5
318
330
17
100
AcDbEntity
  8
32-DETAY-TEMEL
370
50
100
AcDbPolyline
 90
4
 70
1
 10
1078.0
 20
554.0
 10
1102.0
 20
554.0
 10
1102.0
 20
604.0
 10
1078.0
 20
604.0
  0
HATCH
  5
319
330
17
100
AcDbEntity
  8
37-TARAMA
 62
7
100
AcDbHatch
 10
0.0
 20
0.0
 30
0.0
210
0.0
220
0.0
230
1.0
  2
AR-CONC
 70
0
 71
0
 91
1
 92
3
 72
0
 73
1
 93
4
 10
1078.0
 20
554.0
 10
1102.0
 20
554.0
 10
1102.0
 20
604.0
 10
1078.0
 20
604.0
 97
0
 75
1
 76
1
 52
0.0
 41
0.035
 77
0
 78
13
 53
50.0
 43
0.0
 44
0.0
 45
6.3764634149
 46
-0.5578679939
 79
2
 49
0.66675
 49
-7.33425
 53
355.0
 43
0.0
 44
0.0
 45
-1.2335197499
 46
6.6869895834
 79
2
 49
0.5334
 49
-5.867420446
 53
100.4514447
 43
0.531370245
 44
-0.0464888725
 45
5.1429436482
 46
6.1291213169
 79
2
 49
0.566650308
 49
-6.233158561
 53
46.1842
 43
0.0
 44
1.778
 45
9.4877664312
 46
-1.4714814776
 79
2
 49
1.000125
 49
-11.001375
 53
96.63555761
 43
0.7906465
 44
1.6553775
 45
8.3091446918
 46
8.6599143609
 79
2
 49
0.8499758099
 49
-9.3497462856
 53
351.18415117
 43
0.0
 44
1.778
 45
8.3091446923
 46
8.6599143605
 79
2
 49
0.8000988475
 49
-8.8010906172
 53
21.0
 43
0.889
 44
1.3335
 45
5.3065036944
 46
-3.5792819365
 79
2
 49
0.66675
 49
-7.33425
 53
326.0
 43
0.889
 44
1.3335
 45
2.1630709922
 46
6.4465788143
 79
2
 49
0.5334
 49
-5.8674
 53
71.451445
 43
1.331208641
 44
1.0352265035
 45
7.4695746748
 46
2.867296911
 79
2
 49
0.566650308
 49
-6.233147816
 53
37.5
 43
0.0
 44
0.0
 45
0.1081011138
 46
2.9594263606
 79
6
 49
0.0
 49
-5.79628
 49
0.0
 49
-5.9563
 49
0.0
 49
-5.889625
 53
7.5
 43
0.0
 44
0.0
 45
2.3386881879
 46
3.5063201186
 79
6
 49
0.0
 49
-3.39598
 49
0.0
 49
-5.66293
 49
0.0
 49
-2.244725
 53
-32.5
 43
-1.98247
 44
0.0
 45
4.7456708308
 46
-0.2005060397
 79
6
 49
0.0
 49
-2.2225
 49
0.0
 49
-6.9342
 49
0.0
 49
-9.20115
 53
-42.5
 43
-2.87147
 44
0.0
 45
5.1845213485
 46
0.8899271862
 79
6
 49
0.0
 49
-2.88925
 49
0.0
 49
-4.60502
 49
0.0
 49
-6.53415
 98
0
  0
LINE
  5
31A
330
17
100
AcDbEntity
  8
20-PROFIL-ARAZI
370
50
100
AcDbLine
 10
1028.0
 20
600.0
 30
0.0
 11
1078.0
 21
600.0
 31
0.0
  0
LINE
  5
31B
330
17
100
AcDbEntity
  8
20-PROFIL-ARAZI
370
50
100
AcDbLine
 10
1102.0
 20
600.0
 30
0.0
 11
1152.0
 21
600.0
 31
0.0
  0
HATCH
  5
31C
330
17
100
AcDbEntity
  8
37-TARAMA
 62
7
100
AcDbHatch
 10
0.0
 20
0.0
 30
0.0
210
0.0
220
0.0
230
1.0
  2
EARTH
 70
0
 71
0
 91
1
 92
3
 72
0
 73
1
 93
4
 10
1028.0
 20
597.0
 10
1078.0
 20
597.0
 10
1078.0
 20
600.0
 10
1028.0
 20
600.0
 97
0
 75
1
 76
1
 52
0.0
 41
0.12
 77
0
 78
6
 53
0.0
 43
0.0
 44
0.0
 45
0.762
 46
0.762
 79
2
 49
0.762
 49
-0.762
 53
0.0
 43
0.0
 44
0.28575
 45
0.762
 46
0.762
 79
2
 49
0.762
 49
-0.762
 53
0.0
 43
0.0
 44
0.5715
 45
0.762
 46
0.762
 79
2
 49
0.762
 49
-0.762
 53
90.0
 43
0.09525
 44
0.66675
 45
-0.762
 46
0.762
 79
2
 49
0.762
 49
-0.762
 53
90.0
 43
0.381
 44
0.66675
 45
-0.762
 46
0.762
 79
2
 49
0.762
 49
-0.762
 53
90.0
 43
0.66675
 44
0.66675
 45
-0.762
 46
0.762
 79
2
 49
0.762
 49
-0.762
 98
0
  0
HATCH
  5
31D
330
17
100
AcDbEntity
  8
37-TARAMA
 62
7
100
AcDbHatch
 10
0.0
 20
0.0
 30
0.0
210
0.0
220
0.0
230
1.0
  2
EARTH
 70
0
 71
0
 91
1
 92
3
 72
0
 73
1
 93
4
 10
1102.0
 20
597.0
 10
1152.0
 20
597.0
 10
1152.0
 20
600.0
 10
1102.0
 20
600.0
 97
0
 75
1
 76
1
 52
0.0
 41
0.12
 77
0
 78
6
 53
0.0
 43
0.0
 44
0.0
 45
0.762
 46
0.762
 79
2
 49
0.762
 49
-0.762
 53
0.0
 43
0.0
 44
0.28575
 45
0.762
 46
0.762
 79
2
 49
0.762
 49
-0.762
 53
0.0
 43
0.0
 44
0.5715
 45
0.762
 46
0.762
 79
2
 49
0.762
 49
-0.762
 53
90.0
 43
0.09525
 44
0.66675
 45
-0.762
 46
0.762
 79
2
 49
0.762
 49
-0.762
 53
90.0
 43
0.381
 44
0.66675
 45
-0.762
 46
0.762
 79
2
 49
0.762
 49
-0.762
 53
90.0
 43
0.66675
 44
0.66675
 45
-0.762
 46
0.762
 79
2
 49
0.762
 49
-0.762
 98
0
  0
LINE
  5
31E
330
17
100
AcDbEntity
  8
30-DETAY-DIREK
370
50
100
AcDbLine
 10
1081.0
 20
600.0
 30
0.0
 11
1087.2
 21
794.6
 31
0.0
  0
LINE
  5
31F
330
17
100
AcDbEntity
  8
30-DETAY-DIREK
370
50
100
AcDbLine
 10
1099.0
 20
600.0
 30
0.0
 11
1092.8
 21
794.6
 31
0.0
  0
LINE
  5
320
330
17
100
AcDbEntity
  8
30-DETAY-DIREK
370
50
100
AcDbLine
 10
1087.2
 20
794.6
 30
0.0
 11
1092.8
 21
794.6
 31
0.0
  0
LINE
  5
321
330
17
100
AcDbEntity
  8
30-DETAY-DIREK
  6
HIDDEN
 48
0.2
100
AcDbLine
 10
1081.0
 20
600.0
 30
0.0
 11
1081.4
 21
556.0
 31
0.0
  0
LINE
  5
322
330
17
100
AcDbEntity
  8
30-DETAY-DIREK
  6
HIDDEN
 48
0.2
100
AcDbLine
 10
1099.0
 20
600.0
 30
0.0
 11
1098.6
 21
556.0
 31
0.0
  0
LINE
  5
323
330
17
100
AcDbEntity
  8
31-DETAY-KAFES
100
AcDbLine
 10
1081.0
 20
600.0
 30
0.0
 11
1099.0
 21
600.0
 31
0.0
  0
LINE
  5
324
330
17
100
AcDbEntity
  8
31-DETAY-KAFES
100
AcDbLine
 10
1081.8857142857144
 20
627.8
 30
0.0
 11
1098.1142857142856
 21
627.8
 31
0.0
  0
LINE
  5
325
330
17
100
AcDbEntity
  8
31-DETAY-KAFES
100
AcDbLine
 10
1082.7714285714285
 20
655.6
 30
0.0
 11
1097.2285714285715
 21
655.6
 31
0.0
  0
LINE
  5
326
330
17
100
AcDbEntity
  8
31-DETAY-KAFES
100
AcDbLine
 10
1083.6571428571428
 20
683.4
 30
0.0
 11
1096.3428571428572
 21
683.4
 31
0.0
  0
LINE
  5
327
330
17
100
AcDbEntity
  8
31-DETAY-KAFES
100
AcDbLine
 10
1084.5428571428572
 20
711.2
 30
0.0
 11
1095.4571428571428
 21
711.2
 31
0.0
  0
LINE
  5
328
330
17
100
AcDbEntity
  8
31-DETAY-KAFES
100
AcDbLine
 10
1085.4285714285716
 20
739.0
 30
0.0
 11
1094.5714285714284
 21
739.0
 31
0.0
  0
LINE
  5
329
330
17
100
AcDbEntity
  8
31-DETAY-KAFES
100
AcDbLine
 10
1086.3142857142857
 20
766.8
 30
0.0
 11
1093.6857142857143
 21
766.8
 31
0.0
  0
LINE
  5
32A
330
17
100
AcDbEntity
  8
31-DETAY-KAFES
100
AcDbLine
 10
1087.2
 20
794.6
 30
0.0
 11
1092.8
 21
794.6
 31
0.0
  0
LWPOLYLINE
  5
32B
330
17
100
AcDbEntity
  8
31-DETAY-KAFES
100
AcDbPolyline
 90
15
 70
0
 10
1081.0
 20
600.0
 10
1098.557142857143
 20
613.9
 10
1081.8857142857144
 20
627.8
 10
1097.6714285714286
 20
641.7
 10
1082.7714285714285
 20
655.6
 10
1096.7857142857142
 20
669.5
 10
1083.6571428571428
 20
683.4
 10
1095.9
 20
697.3
 10
1084.5428571428572
 20
711.2
 10
1095.0142857142857
 20
725.1
 10
1085.4285714285716
 20
739.0
 10
1094.1285714285714
 20
752.9
 10
1086.3142857142857
 20
766.8
 10
1093.242857142857
 20
780.7
 10
1087.2
 20
794.6
  0
LWPOLYLINE
  5
32C
330
17
100
AcDbEntity
  8
30-DETAY-DIREK
370
35
100
AcDbPolyline
 90
4
 70
1
 10
1060.0
 20
790.2
 10
1120.0
 20
790.2
 10
1120.0
 20
791.8
 10
1060.0
 20
791.8
  0
CIRCLE
  5
32D
330
17
100
AcDbEntity
  8
33-DETAY-IZOLATOR
100
AcDbCircle
 10
1063.0
 20
791.0
 30
0.0
 40
2.2
  0
CIRCLE
  5
32E
330
17
100
AcDbEntity
  8
33-DETAY-IZOLATOR
100
AcDbCircle
 10
1063.0
 20
791.0
 30
0.0
 40
1.2
  0
CIRCLE
  5
32F
330
17
100
AcDbEntity
  8
34-DETAY-ILETKEN
100
AcDbCircle
 10
1063.0
 20
791.0
 30
0.0
 40
0.5
  0
TEXT
  5
330
330
17
100
AcDbEntity
  8
41-YAZI
100
AcDbText
 10
1063.0
 20
794.4
 30
0.0
 40
2.0
  1
L1
  7
TRK
 72
1
 11
1063.0
 21
794.4
 31
0.0
100
AcDbText
 73
1
  0
CIRCLE
  5
331
330
17
100
AcDbEntity
  8
33-DETAY-IZOLATOR
100
AcDbCircle
 10
1099.0
 20
791.0
 30
0.0
 40
2.2
  0
CIRCLE
  5
332
330
17
100
AcDbEntity
  8
33-DETAY-IZOLATOR
100
AcDbCircle
 10
1099.0
 20
791.0
 30
0.0
 40
1.2
  0
CIRCLE
  5
333
330
17
100
AcDbEntity
  8
34-DETAY-ILETKEN
100
AcDbCircle
 10
1099.0
 20
791.0
 30
0.0
 40
0.5
  0
TEXT
  5
334
330
17
100
AcDbEntity
  8
41-YAZI
100
AcDbText
 10
1099.0
 20
794.4
 30
0.0
 40
2.0
  1
L2
  7
TRK
 72
1
 11
1099.0
 21
794.4
 31
0.0
100
AcDbText
 73
1
  0
CIRCLE
  5
335
330
17
100
AcDbEntity
  8
33-DETAY-IZOLATOR
100
AcDbCircle
 10
1117.0
 20
791.0
 30
0.0
 40
2.2
  0
CIRCLE
  5
336
330
17
100
AcDbEntity
  8
33-DETAY-IZOLATOR
100
AcDbCircle
 10
1117.0
 20
791.0
 30
0.0
 40
1.2
  0
CIRCLE
  5
337
330
17
100
AcDbEntity
  8
34-DETAY-ILETKEN
100
AcDbCircle
 10
1117.0
 20
791.0
 30
0.0
 40
0.5
  0
TEXT
  5
338
330
17
100
AcDbEntity
  8
41-YAZI
100
AcDbText
 10
1117.0
 20
794.4
 30
0.0
 40
2.0
  1
L3
  7
TRK
 72
1
 11
1117.0
 21
794.4
 31
0.0
100
AcDbText
 73
1
  0
LWPOLYLINE
  5
339
330
17
100
AcDbEntity
  8
35-DETAY-AG
370
35
100
AcDbPolyline
 90
3
 70
0
 10
1093.8705035971223
 20
761.0
 10
1099.8705035971223
 20
761.0
 10
1099.8705035971223
 20
759.5
  0
CIRCLE
  5
33A
330
17
100
AcDbEntity
  8
35-DETAY-AG
100
AcDbCircle
 10
1099.8705035971223
 20
758.0
 30
0.0
 40
1.6
  0
TEXT
  5
33B
330
17
100
AcDbEntity
  8
35-DETAY-AG
100
AcDbText
 10
1102.3705035971223
 20
758.0
 30
0.0
 40
2.0
  1
AER 3x95+70
  7
TRK
 11
1102.3705035971223
 21
758.0
 31
0.0
100
AcDbText
 73
2
  0
TEXT
  5
33C
330
17
100
AcDbEntity
  8
35-DETAY-AG
100
AcDbText
 10
1102.3705035971223
 20
755.0
 30
0.0
 40
1.8
  1
germe pensi
  7
TRK
 11
1102.3705035971223
 21
755.0
 31
0.0
100
AcDbText
 73
2
  0
LWPOLYLINE
  5
33D
330
17
100
AcDbEntity
  8
36-DETAY-TOPRAKLAMA
100
AcDbPolyline
 90
3
 70
0
 10
1082.0
 20
612.0
 10
1070.0
 20
606.0
 10
1070.0
 20
584.0
  0
LINE
  5
33E
330
17
100
AcDbEntity
  8
36-DETAY-TOPRAKLAMA
370
50
100
AcDbLine
 10
1070.0
 20
584.0
 30
0.0
 11
1070.0
 21
554.0
 31
0.0
  0
TEXT
  5
33F
330
17
100
AcDbEntity
  8
36-DETAY-TOPRAKLAMA
100
AcDbText
 10
1068.8
 20
568.0
 30
0.0
 40
1.7
  1
Ø5/8" x 1,5 m
  7
TRK
 72
2
 11
1068.8
 21
568.0
 31
0.0
100
AcDbText
 73
2
  0
LINE
  5
340
330
17
100
AcDbEntity
  8
40-OLCU
100
AcDbLine
 10
1048.0
 20
600.0
 30
0.0
 11
1048.0
 21
794.6
 31
0.0
  0
LINE
  5
341
330
17
100
AcDbEntity
  8
40-OLCU
100
AcDbLine
 10
1046.8
 20
598.8
 30
0.0
 11
1049.2
 21
601.2
 31
0.0
  0
LINE
  5
342
330
17
100
AcDbEntity
  8
40-OLCU
100
AcDbLine
 10
1046.5
 20
600.0
 30
0.0
 11
1051.0
 21
600.0
 31
0.0
  0
LINE
  5
343
330
17
100
AcDbEntity
  8
40-OLCU
100
AcDbLine
 10
1046.8
 20
793.4
 30
0.0
 11
1049.2
 21
795.8000000000001
 31
0.0
  0
LINE
  5
344
330
17
100
AcDbEntity
  8
40-OLCU
100
AcDbLine
 10
1046.5
 20
794.6
 30
0.0
 11
1051.0
 21
794.6
 31
0.0
  0
TEXT
  5
345
330
17
100
AcDbEntity
  8
40-OLCU
100
AcDbText
 10
1046.4
 20
697.3
 30
0.0
 40
2.2
  1
9,73 m
 50
90.0
  7
TRK
 72
1
 11
1046.4
 21
697.3
 31
0.0
100
AcDbText
 73
1
  0
LINE
  5
346
330
17
100
AcDbEntity
  8
40-OLCU
100
AcDbLine
 10
1055.0
 20
600.0
 30
0.0
 11
1055.0
 21
791.0
 31
0.0
  0
LINE
  5
347
330
17
100
AcDbEntity
  8
40-OLCU
100
AcDbLine
 10
1053.8
 20
598.8
 30
0.0
 11
1056.2
 21
601.2
 31
0.0
  0
LINE
  5
348
330
17
100
AcDbEntity
  8
40-OLCU
100
AcDbLine
 10
1053.5
 20
600.0
 30
0.0
 11
1058.0
 21
600.0
 31
0.0
  0
LINE
  5
349
330
17
100
AcDbEntity
  8
40-OLCU
100
AcDbLine
 10
1053.8
 20
789.8
 30
0.0
 11
1056.2
 21
792.2
 31
0.0
  0
LINE
  5
34A
330
17
100
AcDbEntity
  8
40-OLCU
100
AcDbLine
 10
1053.5
 20
791.0
 30
0.0
 11
1058.0
 21
791.0
 31
0.0
  0
TEXT
  5
34B
330
17
100
AcDbEntity
  8
40-OLCU
100
AcDbText
 10
1053.4
 20
695.5
 30
0.0
 40
2.2
  1
9,55
 50
90.0
  7
TRK
 72
1
 11
1053.4
 21
695.5
 31
0.0
100
AcDbText
 73
1
  0
LINE
  5
34C
330
17
100
AcDbEntity
  8
40-OLCU
100
AcDbLine
 10
1062.0
 20
600.0
 30
0.0
 11
1062.0
 21
761.0
 31
0.0
  0
LINE
  5
34D
330
17
100
AcDbEntity
  8
40-OLCU
100
AcDbLine
 10
1060.8
 20
598.8
 30
0.0
 11
1063.2
 21
601.2
 31
0.0
  0
LINE
  5
34E
330
17
100
AcDbEntity
  8
40-OLCU
100
AcDbLine
 10
1060.5
 20
600.0
 30
0.0
 11
1065.0
 21
600.0
 31
0.0
  0
LINE
  5
34F
330
17
100
AcDbEntity
  8
40-OLCU
100
AcDbLine
 10
1060.8
 20
759.8
 30
0.0
 11
1063.2
 21
762.2
 31
0.0
  0
LINE
  5
350
330
17
100
AcDbEntity
  8
40-OLCU
100
AcDbLine
 10
1060.5
 20
761.0
 30
0.0
 11
1065.0
 21
761.0
 31
0.0
  0
TEXT
  5
351
330
17
100
AcDbEntity
  8
40-OLCU
100
AcDbText
 10
1060.4
 20
680.5
 30
0.0
 40
2.2
  1
8,05
 50
90.0
  7
TRK
 72
1
 11
1060.4
 21
680.5
 31
0.0
100
AcDbText
 73
1
  0
LINE
  5
352
330
17
100
AcDbEntity
  8
40-OLCU
100
AcDbLine
 10
1125.0
 20
761.0
 30
0.0
 11
1125.0
 21
791.0
 31
0.0
  0
LINE
  5
353
330
17
100
AcDbEntity
  8
40-OLCU
100
AcDbLine
 10
1123.8
 20
759.8
 30
0.0
 11
1126.2
 21
762.2
 31
0.0
  0
LINE
  5
354
330
17
100
AcDbEntity
  8
40-OLCU
100
AcDbLine
 10
1126.5
 20
761.0
 30
0.0
 11
1122.0
 21
761.0
 31
0.0
  0
LINE
  5
355
330
17
100
AcDbEntity
  8
40-OLCU
100
AcDbLine
 10
1123.8
 20
789.8
 30
0.0
 11
1126.2
 21
792.2
 31
0.0
  0
LINE
  5
356
330
17
100
AcDbEntity
  8
40-OLCU
100
AcDbLine
 10
1126.5
 20
791.0
 30
0.0
 11
1122.0
 21
791.0
 31
0.0
  0
TEXT
  5
357
330
17
100
AcDbEntity
  8
40-OLCU
100
AcDbText
 10
1126.6
 20
776.0
 30
0.0
 40
2.2
  1
\U+22651,50
 50
90.0
  7
TRK
 72
1
 11
1126.6
 21
776.0
 31
0.0
100
AcDbText
 73
3
  0
LINE
  5
358
330
17
100
AcDbEntity
  8
40-OLCU
100
AcDbLine
 10
1107.0
 20
554.0
 30
0.0
 11
1107.0
 21
600.0
 31
0.0
  0
LINE
  5
359
330
17
100
AcDbEntity
  8
40-OLCU
100
AcDbLine
 10
1105.8
 20
552.8
 30
0.0
 11
1108.2
 21
555.2
 31
0.0
  0
LINE
  5
35A
330
17
100
AcDbEntity
  8
40-OLCU
100
AcDbLine
 10
1108.5
 20
554.0
 30
0.0
 11
1104.0
 21
554.0
 31
0.0
  0
LINE
  5
35B
330
17
100
AcDbEntity
  8
40-OLCU
100
AcDbLine
 10
1105.8
 20
598.8
 30
0.0
 11
1108.2
 21
601.2
 31
0.0
  0
LINE
  5
35C
330
17
100
AcDbEntity
  8
40-OLCU
100
AcDbLine
 10
1108.5
 20
600.0
 30
0.0
 11
1104.0
 21
600.0
 31
0.0
  0
TEXT
  5
35D
330
17
100
AcDbEntity
  8
40-OLCU
100
AcDbText
 10
1108.6
 20
577.0
 30
0.0
 40
2.2
  1
t=2,30
 50
90.0
  7
TRK
 72
1
 11
1108.6
 21
577.0
 31
0.0
100
AcDbText
 73
3
  0
LINE
  5
35E
330
17
100
AcDbEntity
  8
40-OLCU
100
AcDbLine
 10
1078.0
 20
550.0
 30
0.0
 11
1102.0
 21
550.0
 31
0.0
  0
LINE
  5
35F
330
17
100
AcDbEntity
  8
40-OLCU
100
AcDbLine
 10
1076.8
 20
548.8
 30
0.0
 11
1079.2
 21
551.2
 31
0.0
  0
LINE
  5
360
330
17
100
AcDbEntity
  8
40-OLCU
100
AcDbLine
 10
1078.0
 20
548.5
 30
0.0
 11
1078.0
 21
551.5
 31
0.0
  0
LINE
  5
361
330
17
100
AcDbEntity
  8
40-OLCU
100
AcDbLine
 10
1100.8
 20
548.8
 30
0.0
 11
1103.2
 21
551.2
 31
0.0
  0
LINE
  5
362
330
17
100
AcDbEntity
  8
40-OLCU
100
AcDbLine
 10
1102.0
 20
548.5
 30
0.0
 11
1102.0
 21
551.5
 31
0.0
  0
TEXT
  5
363
330
17
100
AcDbEntity
  8
40-OLCU
100
AcDbText
 10
1090.0
 20
549.0
 30
0.0
 40
2.2
  1
1,20 x 1,20 m
  7
TRK
 72
1
 11
1090.0
 21
549.0
 31
0.0
100
AcDbText
 73
3
  0
LINE
  5
364
330
17
100
AcDbEntity
  8
40-OLCU
100
AcDbLine
 10
1060.0
 20
804.0
 30
0.0
 11
1120.0
 21
804.0
 31
0.0
  0
LINE
  5
365
330
17
100
AcDbEntity
  8
40-OLCU
100
AcDbLine
 10
1058.8
 20
802.8
 30
0.0
 11
1061.2
 21
805.2
 31
0.0
  0
LINE
  5
366
330
17
100
AcDbEntity
  8
40-OLCU
100
AcDbLine
 10
1060.0
 20
802.5
 30
0.0
 11
1060.0
 21
805.5
 31
0.0
  0
LINE
  5
367
330
17
100
AcDbEntity
  8
40-OLCU
100
AcDbLine
 10
1118.8
 20
802.8
 30
0.0
 11
1121.2
 21
805.2
 31
0.0
  0
LINE
  5
368
330
17
100
AcDbEntity
  8
40-OLCU
100
AcDbLine
 10
1120.0
 20
802.5
 30
0.0
 11
1120.0
 21
805.5
 31
0.0
  0
TEXT
  5
369
330
17
100
AcDbEntity
  8
40-OLCU
100
AcDbText
 10
1090.0
 20
805.0
 30
0.0
 40
2.2
  1
OG potans 3,0 m
  7
TRK
 72
1
 11
1090.0
 21
805.0
 31
0.0
100
AcDbText
 73
1
  0
TEXT
  5
36A
330
17
100
AcDbEntity
  8
02-BASLIK
100
AcDbText
 10
1090.0
 20
541.0
 30
0.0
 40
2.8
  1
D6 - NÝHAYET DÝREÐÝ
  7
TRKB
 72
1
 11
1090.0
 21
541.0
 31
0.0
100
AcDbText
 73
3
  0
TEXT
  5
36B
330
17
100
AcDbEntity
  8
41-YAZI
100
AcDbText
 10
1090.0
 20
536.5
 30
0.0
 40
2.0
  1
Tip K4'' - Tepe kuvveti 2.783 kg - 783,54 kg
  7
TRK
 72
1
 11
1090.0
 21
536.5
 31
0.0
100
AcDbText
 73
3
  0
TEXT
  5
36C
330
17
100
AcDbEntity
  8
41-YAZI
100
AcDbText
 10
1090.0
 20
533.0
 30
0.0
 40
2.0
  1
Temel 1,20x1,20x2,30 m - beton 3,600 m³ (C20/25)
  7
TRK
 72
1
 11
1090.0
 21
533.0
 31
0.0
100
AcDbText
 73
3
  0
TEXT
  5
36D
330
17
100
AcDbEntity
  8
02-BASLIK
100
AcDbText
 10
720.0
 20
510.0
 30
0.0
 40
4.0
  1
DETAYLAR
  7
TRKB
 11
720.0
 21
510.0
 31
0.0
100
AcDbText
  0
TEXT
  5
36E
330
17
100
AcDbEntity
  8
02-BASLIK
100
AcDbText
 10
750.0
 20
510.0
 30
0.0
 40
3.0
  1
Ö: 1/10
  7
TRK
 11
750.0
 21
510.0
 31
0.0
100
AcDbText
  0
LWPOLYLINE
  5
36F
330
17
100
AcDbEntity
  8
30-DETAY-DIREK
100
AcDbPolyline
 90
4
 70
1
 10
720.0
 20
484.0
 10
726.0
 20
484.0
 10
726.0
 20
492.0
 10
720.0
 20
492.0
  0
TEXT
  5
370
330
17
100
AcDbEntity
  8
41-YAZI
100
AcDbText
 10
723.0
 20
493.5
 30
0.0
 40
1.8
  1
potans
  7
TRK
 72
1
 11
723.0
 21
493.5
 31
0.0
100
AcDbText
 73
1
  0
LWPOLYLINE
  5
371
330
17
100
AcDbEntity
  8
33-DETAY-IZOLATOR
370
35
100
AcDbPolyline
 90
2
 70
0
 10
726.0
 20
488.0
 10
734.0
 20
488.0
  0
ARC
  5
372
330
17
100
AcDbEntity
  8
33-DETAY-IZOLATOR
100
AcDbCircle
 10
736.0
 20
488.0
 30
0.0
 40
2.5
100
AcDbArc
 50
90.0
 51
270.0
  0
TEXT
  5
373
330
17
100
AcDbEntity
  8
41-YAZI
100
AcDbText
 10
734.0
 20
482.0
 30
0.0
 40
1.8
  1
U-mapa
  7
TRK
 72
1
 11
734.0
 21
482.0
 31
0.0
100
AcDbText
 73
3
  0
LWPOLYLINE
  5
374
330
17
100
AcDbEntity
  8
33-DETAY-IZOLATOR
100
AcDbPolyline
 90
4
 70
1
 10
738.0
 20
487.0
 10
790.0
 20
487.0
 10
790.0
 20
489.0
 10
738.0
 20
489.0
  0
LWPOLYLINE
  5
375
330
17
100
AcDbEntity
  8
33-DETAY-IZOLATOR
100
AcDbPolyline
 90
4
 70
1
 10
742.0
 20
483.5
 10
743.2
 20
483.5
 10
743.2
 20
492.5
 10
742.0
 20
492.5
  0
LWPOLYLINE
  5
376
330
17
100
AcDbEntity
  8
33-DETAY-IZOLATOR
100
AcDbPolyline
 90
4
 70
1
 10
747.5
 20
483.5
 10
748.7
 20
483.5
 10
748.7
 20
492.5
 10
747.5
 20
492.5
  0
LWPOLYLINE
  5
377
330
17
100
AcDbEntity
  8
33-DETAY-IZOLATOR
100
AcDbPolyline
 90
4
 70
1
 10
753.0
 20
483.5
 10
754.2
 20
483.5
 10
754.2
 20
492.5
 10
753.0
 20
492.5
  0
LWPOLYLINE
  5
378
330
17
100
AcDbEntity
  8
33-DETAY-IZOLATOR
100
AcDbPolyline
 90
4
 70
1
 10
758.5
 20
483.5
 10
759.7
 20
483.5
 10
759.7
 20
492.5
 10
758.5
 20
492.5
  0
LWPOLYLINE
  5
379
330
17
100
AcDbEntity
  8
33-DETAY-IZOLATOR
100
AcDbPolyline
 90
4
 70
1
 10
764.0
 20
483.5
 10
765.2
 20
483.5
 10
765.2
 20
492.5
 10
764.0
 20
492.5
  0
LWPOLYLINE
  5
37A
330
17
100
AcDbEntity
  8
33-DETAY-IZOLATOR
100
AcDbPolyline
 90
4
 70
1
 10
769.5
 20
483.5
 10
770.7
 20
483.5
 10
770.7
 20
492.5
 10
769.5
 20
492.5
  0
LWPOLYLINE
  5
37B
330
17
100
AcDbEntity
  8
33-DETAY-IZOLATOR
100
AcDbPolyline
 90
4
 70
1
 10
775.0
 20
483.5
 10
776.2
 20
483.5
 10
776.2
 20
492.5
 10
775.0
 20
492.5
  0
LWPOLYLINE
  5
37C
330
17
100
AcDbEntity
  8
33-DETAY-IZOLATOR
100
AcDbPolyline
 90
4
 70
1
 10
780.5
 20
483.5
 10
781.7
 20
483.5
 10
781.7
 20
492.5
 10
780.5
 20
492.5
  0
LWPOLYLINE
  5
37D
330
17
100
AcDbEntity
  8
33-DETAY-IZOLATOR
100
AcDbPolyline
 90
4
 70
1
 10
786.0
 20
483.5
 10
787.2
 20
483.5
 10
787.2
 20
492.5
 10
786.0
 20
492.5
  0
TEXT
  5
37E
330
17
100
AcDbEntity
  8
41-YAZI
100
AcDbText
 10
764.0
 20
498.0
 30
0.0
 40
1.9
  1
36 kV 70 kN silikon kompozit gergi izolatörü
  7
TRK
 72
1
 11
764.0
 21
498.0
 31
0.0
100
AcDbText
 73
1
  0
LWPOLYLINE
  5
37F
330
17
100
AcDbEntity
  8
33-DETAY-IZOLATOR
370
35
100
AcDbPolyline
 90
2
 70
0
 10
790.0
 20
488.0
 10
796.0
 20
488.0
  0
TEXT
  5
380
330
17
100
AcDbEntity
  8
41-YAZI
100
AcDbText
 10
793.0
 20
493.5
 30
0.0
 40
1.8
  1
göz-çatal
  7
TRK
 72
1
 11
793.0
 21
493.5
 31
0.0
100
AcDbText
 73
1
  0
LWPOLYLINE
  5
381
330
17
100
AcDbEntity
  8
33-DETAY-IZOLATOR
100
AcDbPolyline
 90
4
 70
1
 10
796.0
 20
485.0
 10
810.0
 20
486.5
 10
810.0
 20
489.5
 10
796.0
 20
491.0
  0
TEXT
  5
382
330
17
100
AcDbEntity
  8
41-YAZI
100
AcDbText
 10
803.0
 20
482.0
 30
0.0
 40
1.8
  1
gergi klemensi 3/0
  7
TRK
 72
1
 11
803.0
 21
482.0
 31
0.0
100
AcDbText
 73
3
  0
LINE
  5
383
330
17
100
AcDbEntity
  8
34-DETAY-ILETKEN
370
50
100
AcDbLine
 10
810.0
 20
488.0
 30
0.0
 11
832.0
 21
488.0
 31
0.0
  0
TEXT
  5
384
330
17
100
AcDbEntity
  8
34-DETAY-ILETKEN
100
AcDbText
 10
821.0
 20
490.0
 30
0.0
 40
1.8
  1
Pigeon 3/0 AWG
  7
TRK
 72
1
 11
821.0
 21
490.0
 31
0.0
100
AcDbText
 73
1
  0
LWPOLYLINE
  5
385
330
17
100
AcDbEntity
  8
34-DETAY-ILETKEN
100
AcDbPolyline
 90
3
 70
0
 10
808.0
 20
489.5
 10
814.0
 20
497.0
 10
828.0
 20
498.0
  0
TEXT
  5
386
330
17
100
AcDbEntity
  8
34-DETAY-ILETKEN
100
AcDbText
 10
829.0
 20
498.0
 30
0.0
 40
1.8
  1
atlama (köprü)
  7
TRK
 11
829.0
 21
498.0
 31
0.0
100
AcDbText
 73
2
  0
TEXT
  5
387
330
17
100
AcDbEntity
  8
02-BASLIK
100
AcDbText
 10
720.0
 20
476.0
 30
0.0
 40
2.4
  1
A) GERGÝ ÝZOLATÖR TAKIMI (D1, D2, D5, D6, M)
  7
TRKB
 11
720.0
 21
476.0
 31
0.0
100
AcDbText
  0
LWPOLYLINE
  5
388
330
17
100
AcDbEntity
  8
30-DETAY-DIREK
100
AcDbPolyline
 90
4
 70
1
 10
873.0
 20
476.0
 10
897.0
 20
476.0
 10
897.0
 20
479.0
 10
873.0
 20
479.0
  0
TEXT
  5
389
330
17
100
AcDbEntity
  8
41-YAZI
100
AcDbText
 10
899.0
 20
477.5
 30
0.0
 40
1.8
  1
potans
  7
TRK
 11
899.0
 21
477.5
 31
0.0
100
AcDbText
 73
2
  0
LWPOLYLINE
  5
38A
330
17
100
AcDbEntity
  8
33-DETAY-IZOLATOR
100
AcDbPolyline
 90
4
 70
1
 10
884.0
 20
479.0
 10
886.0
 20
479.0
 10
886.0
 20
521.0
 10
884.0
 20
521.0
  0
LWPOLYLINE
  5
38B
330
17
100
AcDbEntity
  8
33-DETAY-IZOLATOR
100
AcDbPolyline
 90
4
 70
1
 10
880.0
 20
483.0
 10
890.0
 20
483.0
 10
890.0
 20
484.2
 10
880.0
 20
484.2
  0
LWPOLYLINE
  5
38C
330
17
100
AcDbEntity
  8
33-DETAY-IZOLATOR
100
AcDbPolyline
 90
4
 70
1
 10
880.0
 20
488.2
 10
890.0
 20
488.2
 10
890.0
 20
489.4
 10
880.0
 20
489.4
  0
LWPOLYLINE
  5
38D
330
17
100
AcDbEntity
  8
33-DETAY-IZOLATOR
100
AcDbPolyline
 90
4
 70
1
 10
880.0
 20
493.4
 10
890.0
 20
493.4
 10
890.0
 20
494.59999999999997
 10
880.0
 20
494.59999999999997
  0
LWPOLYLINE
  5
38E
330
17
100
AcDbEntity
  8
33-DETAY-IZOLATOR
100
AcDbPolyline
 90
4
 70
1
 10
880.0
 20
498.6
 10
890.0
 20
498.6
 10
890.0
 20
499.8
 10
880.0
 20
499.8
  0
LWPOLYLINE
  5
38F
330
17
100
AcDbEntity
  8
33-DETAY-IZOLATOR
100
AcDbPolyline
 90
4
 70
1
 10
880.0
 20
503.8
 10
890.0
 20
503.8
 10
890.0
 20
505.0
 10
880.0
 20
505.0
  0
LWPOLYLINE
  5
390
330
17
100
AcDbEntity
  8
33-DETAY-IZOLATOR
100
AcDbPolyline
 90
4
 70
1
 10
880.0
 20
509.0
 10
890.0
 20
509.0
 10
890.0
 20
510.2
 10
880.0
 20
510.2
  0
LWPOLYLINE
  5
391
330
17
100
AcDbEntity
  8
33-DETAY-IZOLATOR
100
AcDbPolyline
 90
4
 70
1
 10
880.0
 20
514.2
 10
890.0
 20
514.2
 10
890.0
 20
515.4000000000001
 10
880.0
 20
515.4000000000001
  0
LWPOLYLINE
  5
392
330
17
100
AcDbEntity
  8
33-DETAY-IZOLATOR
100
AcDbPolyline
 90
4
 70
1
 10
882.0
 20
521.0
 10
888.0
 20
521.0
 10
888.0
 20
525.0
 10
882.0
 20
525.0
  0
CIRCLE
  5
393
330
17
100
AcDbEntity
  8
34-DETAY-ILETKEN
100
AcDbCircle
 10
885.0
 20
526.5
 30
0.0
 40
0.8450000000000001
  0
LINE
  5
394
330
17
100
AcDbEntity
  8
34-DETAY-ILETKEN
100
AcDbLine
 10
871.0
 20
526.5
 30
0.0
 11
899.0
 21
526.5
 31
0.0
  0
TEXT
  5
395
330
17
100
AcDbEntity
  8
41-YAZI
100
AcDbText
 10
892.0
 20
529.0
 30
0.0
 40
1.8
  1
tepe klemensi + armor rod
  7
TRK
 11
892.0
 21
529.0
 31
0.0
100
AcDbText
 73
1
  0
TEXT
  5
396
330
17
100
AcDbEntity
  8
41-YAZI
100
AcDbText
 10
892.0
 20
501.0
 30
0.0
 40
1.8
  1
36 kV silikon line-post
  7
TRK
 11
892.0
 21
501.0
 31
0.0
100
AcDbText
 73
2
  0
TEXT
  5
397
330
17
100
AcDbEntity
  8
02-BASLIK
100
AcDbText
 10
855.0
 20
468.0
 30
0.0
 40
2.4
  1
B) MESNET ÝZOLATÖRÜ (D3, D4)
  7
TRKB
 11
855.0
 21
468.0
 31
0.0
100
AcDbText
  0
TEXT
  5
398
330
17
100
AcDbEntity
  8
02-BASLIK
100
AcDbText
 10
720.0
 20
452.0
 30
0.0
 40
4.0
  1
LEJANT
  7
TRKB
 11
720.0
 21
452.0
 31
0.0
100
AcDbText
  0
LWPOLYLINE
  5
399
330
17
100
AcDbEntity
  8
13-PLAN-DIREK
100
AcDbPolyline
 90
4
 70
1
 10
724.2
 20
443.2
 10
727.8
 20
443.2
 10
727.8
 20
446.8
 10
724.2
 20
446.8
  0
LINE
  5
39A
330
17
100
AcDbEntity
  8
13-PLAN-DIREK
100
AcDbLine
 10
724.2
 20
443.2
 30
0.0
 11
727.8
 21
446.8
 31
0.0
  0
LINE
  5
39B
330
17
100
AcDbEntity
  8
13-PLAN-DIREK
100
AcDbLine
 10
724.2
 20
446.8
 30
0.0
 11
727.8
 21
443.2
 31
0.0
  0
TEXT
  5
39C
330
17
100
AcDbEntity
  8
41-YAZI
100
AcDbText
 10
735.0
 20
445.0
 30
0.0
 40
2.2
  1
K tipi kafes demir direk (yeni, müþterek)
  7
TRK
 11
735.0
 21
445.0
 31
0.0
100
AcDbText
 73
2
  0
LWPOLYLINE
  5
39D
330
17
100
AcDbEntity
  8
13-PLAN-DIREK
100
AcDbPolyline
 90
4
 70
1
 10
724.8
 20
436.40000000000003
 10
727.2
 20
436.40000000000003
 10
727.2
 20
441.2
 10
724.8
 20
441.2
  0
LINE
  5
39E
330
17
100
AcDbEntity
  8
13-PLAN-DIREK
100
AcDbLine
 10
724.8
 20
436.40000000000003
 30
0.0
 11
727.2
 21
441.2
 31
0.0
  0
LINE
  5
39F
330
17
100
AcDbEntity
  8
13-PLAN-DIREK
100
AcDbLine
 10
724.8
 20
441.2
 30
0.0
 11
727.2
 21
436.40000000000003
 31
0.0
  0
TEXT
  5
3A0
330
17
100
AcDbEntity
  8
41-YAZI
100
AcDbText
 10
735.0
 20
438.8
 30
0.0
 40
2.2
  1
A tipi (U/I) demir direk (yeni, müþterek)
  7
TRK
 11
735.0
 21
438.8
 31
0.0
100
AcDbText
 73
2
  0
LWPOLYLINE
  5
3A1
330
17
100
AcDbEntity
  8
13-PLAN-DIREK
100
AcDbPolyline
 90
4
 70
1
 10
724.2
 20
430.8
 10
727.8
 20
430.8
 10
727.8
 20
434.40000000000003
 10
724.2
 20
434.40000000000003
  0
LINE
  5
3A2
330
17
100
AcDbEntity
  8
13-PLAN-DIREK
100
AcDbLine
 10
724.2
 20
430.8
 30
0.0
 11
727.8
 21
434.40000000000003
 31
0.0
  0
LINE
  5
3A3
330
17
100
AcDbEntity
  8
13-PLAN-DIREK
100
AcDbLine
 10
724.2
 20
434.40000000000003
 30
0.0
 11
727.8
 21
430.8
 31
0.0
  0
CIRCLE
  5
3A4
330
17
100
AcDbEntity
  8
38-SEKSIYONER
100
AcDbCircle
 10
726.0
 20
432.6
 30
0.0
 40
3.6
  0
TEXT
  5
3A5
330
17
100
AcDbEntity
  8
41-YAZI
100
AcDbText
 10
735.0
 20
432.6
 30
0.0
 40
2.2
  1
Seksiyoner (ayýrýcý) direði
  7
TRK
 11
735.0
 21
432.6
 31
0.0
100
AcDbText
 73
2
  0
LWPOLYLINE
  5
3A6
330
17
100
AcDbEntity
  8
13-PLAN-DIREK
100
AcDbPolyline
 90
4
 70
1
 10
724.2
 20
424.6
 10
727.8
 20
424.6
 10
727.8
 20
428.20000000000005
 10
724.2
 20
428.20000000000005
  0
LINE
  5
3A7
330
17
100
AcDbEntity
  8
13-PLAN-DIREK
100
AcDbLine
 10
724.2
 20
424.6
 30
0.0
 11
727.8
 21
428.20000000000005
 31
0.0
  0
LINE
  5
3A8
330
17
100
AcDbEntity
  8
13-PLAN-DIREK
100
AcDbLine
 10
724.2
 20
428.20000000000005
 30
0.0
 11
727.8
 21
424.6
 31
0.0
  0
LINE
  5
3A9
330
17
100
AcDbEntity
  8
13-PLAN-DIREK
370
70
100
AcDbLine
 10
722.8
 20
423.90000000000003
 30
0.0
 11
722.8
 21
428.90000000000003
 31
0.0
  0
TEXT
  5
3AA
330
17
100
AcDbEntity
  8
41-YAZI
100
AcDbText
 10
735.0
 20
426.40000000000003
 30
0.0
 40
2.2
  1
Nihayet direði
  7
TRK
 11
735.0
 21
426.40000000000003
 31
0.0
100
AcDbText
 73
2
  0
CIRCLE
  5
3AB
330
17
100
AcDbEntity
  8
12-PLAN-MEVCUT
100
AcDbCircle
 10
726.0
 20
420.20000000000005
 30
0.0
 40
1.8
  0
TEXT
  5
3AC
330
17
100
AcDbEntity
  8
41-YAZI
100
AcDbText
 10
735.0
 20
420.20000000000005
 30
0.0
 40
2.2
  1
Mevcut direk
  7
TRK
 11
735.0
 21
420.20000000000005
 31
0.0
100
AcDbText
 73
2
  0
LINE
  5
3AD
330
17
100
AcDbEntity
  8
10-PLAN-GUZERGAH
370
50
100
AcDbLine
 10
720.0
 20
414.00000000000006
 30
0.0
 11
732.0
 21
414.00000000000006
 31
0.0
  0
TEXT
  5
3AE
330
17
100
AcDbEntity
  8
41-YAZI
100
AcDbText
 10
735.0
 20
414.00000000000006
 30
0.0
 40
2.2
  1
OG hat 3x3/0 AWG Pigeon (34,5 kV)
  7
TRK
 11
735.0
 21
414.00000000000006
 31
0.0
100
AcDbText
 73
2
  0
LINE
  5
3AF
330
17
100
AcDbEntity
  8
11-PLAN-AG
  6
DASHED
 48
0.4
100
AcDbLine
 10
720.0
 20
407.80000000000007
 30
0.0
 11
732.0
 21
407.80000000000007
 31
0.0
  0
TEXT
  5
3B0
330
17
100
AcDbEntity
  8
41-YAZI
100
AcDbText
 10
735.0
 20
407.80000000000007
 30
0.0
 40
2.2
  1
AG hat AER (Alpek) 3x95+70 mm²
  7
TRK
 11
735.0
 21
407.80000000000007
 31
0.0
100
AcDbText
 73
2
  0
LINE
  5
3B1
330
17
100
AcDbEntity
  8
12-PLAN-MEVCUT
100
AcDbLine
 10
720.0
 20
401.6000000000001
 30
0.0
 11
732.0
 21
401.6000000000001
 31
0.0
  0
TEXT
  5
3B2
330
17
100
AcDbEntity
  8
41-YAZI
100
AcDbText
 10
735.0
 20
401.6000000000001
 30
0.0
 40
2.2
  1
Mevcut 34,5 kV ENH
  7
TRK
 11
735.0
 21
401.6000000000001
 31
0.0
100
AcDbText
 73
2
  0
ARC
  5
3B3
330
17
100
AcDbEntity
  8
15-PLAN-ACI
100
AcDbCircle
 10
723.0
 20
393.4000000000001
 30
0.0
 40
5.0
100
AcDbArc
 50
0.0
 51
70.0
  0
TEXT
  5
3B4
330
17
100
AcDbEntity
  8
15-PLAN-ACI
100
AcDbText
 10
727.0
 20
395.4000000000001
 30
0.0
 40
2.0
  1
\U+03b2
  7
TRK
 72
1
 11
727.0
 21
395.4000000000001
 31
0.0
100
AcDbText
 73
2
  0
TEXT
  5
3B5
330
17
100
AcDbEntity
  8
41-YAZI
100
AcDbText
 10
735.0
 20
395.4000000000001
 30
0.0
 40
2.2
  1
Hat iç açýsý (180° = düz)
  7
TRK
 11
735.0
 21
395.4000000000001
 31
0.0
100
AcDbText
 73
2
  0
TEXT
  5
3B6
330
17
100
AcDbEntity
  8
02-BASLIK
100
AcDbText
 10
40.0
 20
198.0
 30
0.0
 40
3.2
  1
DÝREK KARAKTERÝSTÝKLERÝ ÖZETÝ (ayrýntý: Pafta 2)
  7
TRKB
 11
40.0
 21
198.0
 31
0.0
100
AcDbText
 73
1
  0
LWPOLYLINE
  5
3B7
330
17
100
AcDbEntity
  8
43-TABLO-CERCEVE
100
AcDbPolyline
 90
4
 70
1
 10
40.0
 20
186.4
 10
284.0
 20
186.4
 10
284.0
 20
196.0
 10
40.0
 20
196.0
  0
LINE
  5
3B8
330
17
100
AcDbEntity
  8
43-TABLO-CERCEVE
100
AcDbLine
 10
40.0
 20
187.20000000000002
 30
0.0
 11
284.0
 21
187.20000000000002
 31
0.0
  0
TEXT
  5
3B9
330
17
100
AcDbEntity
  8
42-TABLO
100
AcDbText
 10
46.0
 20
191.2
 30
0.0
 40
2.1
  1
Direk
  7
TRKB
 72
1
 11
46.0
 21
191.2
 31
0.0
100
AcDbText
 73
2
  0
LINE
  5
3BA
330
17
100
AcDbEntity
  8
43-TABLO-CERCEVE
100
AcDbLine
 10
52.0
 20
196.0
 30
0.0
 11
52.0
 21
186.4
 31
0.0
  0
TEXT
  5
3BB
330
17
100
AcDbEntity
  8
42-TABLO
100
AcDbText
 10
74.0
 20
191.2
 30
0.0
 40
2.1
  1
Görevi
  7
TRKB
 72
1
 11
74.0
 21
191.2
 31
0.0
100
AcDbText
 73
2
  0
LINE
  5
3BC
330
17
100
AcDbEntity
  8
43-TABLO-CERCEVE
100
AcDbLine
 10
96.0
 20
196.0
 30
0.0
 11
96.0
 21
186.4
 31
0.0
  0
TEXT
  5
3BD
330
17
100
AcDbEntity
  8
42-TABLO
100
AcDbText
 10
104.0
 20
191.2
 30
0.0
 40
2.1
  1
Tip
  7
TRKB
 72
1
 11
104.0
 21
191.2
 31
0.0
100
AcDbText
 73
2
  0
LINE
  5
3BE
330
17
100
AcDbEntity
  8
43-TABLO-CERCEVE
100
AcDbLine
 10
112.0
 20
196.0
 30
0.0
 11
112.0
 21
186.4
 31
0.0
  0
TEXT
  5
3BF
330
17
100
AcDbEntity
  8
42-TABLO
100
AcDbText
 10
123.0
 20
192.79999999999998
 30
0.0
 40
2.1
  1
Katalog tepe
  7
TRKB
 72
1
 11
123.0
 21
192.79999999999998
 31
0.0
100
AcDbText
 73
2
  0
TEXT
  5
3C0
330
17
100
AcDbEntity
  8
42-TABLO
100
AcDbText
 10
123.0
 20
189.59999999999997
 30
0.0
 40
2.1
  1
kuvveti (kg)
  7
TRKB
 72
1
 11
123.0
 21
189.59999999999997
 31
0.0
100
AcDbText
 73
2
  0
LINE
  5
3C1
330
17
100
AcDbEntity
  8
43-TABLO-CERCEVE
100
AcDbLine
 10
134.0
 20
196.0
 30
0.0
 11
134.0
 21
186.4
 31
0.0
  0
TEXT
  5
3C2
330
17
100
AcDbEntity
  8
42-TABLO
100
AcDbText
 10
148.0
 20
192.79999999999998
 30
0.0
 40
2.1
  1
Hesap tepe kuvveti
  7
TRKB
 72
1
 11
148.0
 21
192.79999999999998
 31
0.0
100
AcDbText
 73
2
  0
TEXT
  5
3C3
330
17
100
AcDbEntity
  8
42-TABLO
100
AcDbText
 10
148.0
 20
189.59999999999997
 30
0.0
 40
2.1
  1
(kg)
  7
TRKB
 72
1
 11
148.0
 21
189.59999999999997
 31
0.0
100
AcDbText
 73
2
  0
LINE
  5
3C4
330
17
100
AcDbEntity
  8
43-TABLO-CERCEVE
100
AcDbLine
 10
162.0
 20
196.0
 30
0.0
 11
162.0
 21
186.4
 31
0.0
  0
TEXT
  5
3C5
330
17
100
AcDbEntity
  8
42-TABLO
100
AcDbText
 10
170.0
 20
191.2
 30
0.0
 40
2.1
  1
Kullaným
  7
TRKB
 72
1
 11
170.0
 21
191.2
 31
0.0
100
AcDbText
 73
2
  0
LINE
  5
3C6
330
17
100
AcDbEntity
  8
43-TABLO-CERCEVE
100
AcDbLine
 10
178.0
 20
196.0
 30
0.0
 11
178.0
 21
186.4
 31
0.0
  0
TEXT
  5
3C7
330
17
100
AcDbEntity
  8
42-TABLO
100
AcDbText
 10
188.0
 20
192.79999999999998
 30
0.0
 40
2.1
  1
Aðýrlýk
  7
TRKB
 72
1
 11
188.0
 21
192.79999999999998
 31
0.0
100
AcDbText
 73
2
  0
TEXT
  5
3C8
330
17
100
AcDbEntity
  8
42-TABLO
100
AcDbText
 10
188.0
 20
189.59999999999997
 30
0.0
 40
2.1
  1
(kg)
  7
TRKB
 72
1
 11
188.0
 21
189.59999999999997
 31
0.0
100
AcDbText
 73
2
  0
LINE
  5
3C9
330
17
100
AcDbEntity
  8
43-TABLO-CERCEVE
100
AcDbLine
 10
198.0
 20
196.0
 30
0.0
 11
198.0
 21
186.4
 31
0.0
  0
TEXT
  5
3CA
330
17
100
AcDbEntity
  8
42-TABLO
100
AcDbText
 10
214.0
 20
192.79999999999998
 30
0.0
 40
2.1
  1
Temel a×b×t
  7
TRKB
 72
1
 11
214.0
 21
192.79999999999998
 31
0.0
100
AcDbText
 73
2
  0
TEXT
  5
3CB
330
17
100
AcDbEntity
  8
42-TABLO
100
AcDbText
 10
214.0
 20
189.59999999999997
 30
0.0
 40
2.1
  1
(m)
  7
TRKB
 72
1
 11
214.0
 21
189.59999999999997
 31
0.0
100
AcDbText
 73
2
  0
LINE
  5
3CC
330
17
100
AcDbEntity
  8
43-TABLO-CERCEVE
100
AcDbLine
 10
230.0
 20
196.0
 30
0.0
 11
230.0
 21
186.4
 31
0.0
  0
TEXT
  5
3CD
330
17
100
AcDbEntity
  8
42-TABLO
100
AcDbText
 10
240.0
 20
192.79999999999998
 30
0.0
 40
2.1
  1
Beton
  7
TRKB
 72
1
 11
240.0
 21
192.79999999999998
 31
0.0
100
AcDbText
 73
2
  0
TEXT
  5
3CE
330
17
100
AcDbEntity
  8
42-TABLO
100
AcDbText
 10
240.0
 20
189.59999999999997
 30
0.0
 40
2.1
  1
(m³)
  7
TRKB
 72
1
 11
240.0
 21
189.59999999999997
 31
0.0
100
AcDbText
 73
2
  0
LINE
  5
3CF
330
17
100
AcDbEntity
  8
43-TABLO-CERCEVE
100
AcDbLine
 10
250.0
 20
196.0
 30
0.0
 11
250.0
 21
186.4
 31
0.0
  0
TEXT
  5
3D0
330
17
100
AcDbEntity
  8
42-TABLO
100
AcDbText
 10
267.0
 20
192.79999999999998
 30
0.0
 40
2.1
  1
Yerel koordinat
  7
TRKB
 72
1
 11
267.0
 21
192.79999999999998
 31
0.0
100
AcDbText
 73
2
  0
TEXT
  5
3D1
330
17
100
AcDbEntity
  8
42-TABLO
100
AcDbText
 10
267.0
 20
189.59999999999997
 30
0.0
 40
2.1
  1
X ; Y (m)
  7
TRKB
 72
1
 11
267.0
 21
189.59999999999997
 31
0.0
100
AcDbText
 73
2
  0
LINE
  5
3D2
330
17
100
AcDbEntity
  8
43-TABLO-CERCEVE
100
AcDbLine
 10
284.0
 20
196.0
 30
0.0
 11
284.0
 21
186.4
 31
0.0
  0
TEXT
  5
3D3
330
17
100
AcDbEntity
  8
42-TABLO
100
AcDbText
 10
46.0
 20
183.4
 30
0.0
 40
2.1
  1
D1
  7
TRK
 72
1
 11
46.0
 21
183.4
 31
0.0
100
AcDbText
 73
2
  0
LINE
  5
3D4
330
17
100
AcDbEntity
  8
42-TABLO
100
AcDbLine
 10
52.0
 20
186.4
 30
0.0
 11
52.0
 21
180.4
 31
0.0
  0
TEXT
  5
3D5
330
17
100
AcDbEntity
  8
42-TABLO
100
AcDbText
 10
74.0
 20
183.4
 30
0.0
 40
2.1
  1
Seksiyoner + köþe durdurucu
  7
TRK
 72
1
 11
74.0
 21
183.4
 31
0.0
100
AcDbText
 73
2
  0
LINE
  5
3D6
330
17
100
AcDbEntity
  8
42-TABLO
100
AcDbLine
 10
96.0
 20
186.4
 30
0.0
 11
96.0
 21
180.4
 31
0.0
  0
TEXT
  5
3D7
330
17
100
AcDbEntity
  8
42-TABLO
100
AcDbText
 10
104.0
 20
183.4
 30
0.0
 40
2.1
  1
K5''
  7
TRK
 72
1
 11
104.0
 21
183.4
 31
0.0
100
AcDbText
 73
2
  0
LINE
  5
3D8
330
17
100
AcDbEntity
  8
42-TABLO
100
AcDbLine
 10
112.0
 20
186.4
 30
0.0
 11
112.0
 21
180.4
 31
0.0
  0
TEXT
  5
3D9
330
17
100
AcDbEntity
  8
42-TABLO
100
AcDbText
 10
123.0
 20
183.4
 30
0.0
 40
2.1
  1
4.432
  7
TRK
 72
1
 11
123.0
 21
183.4
 31
0.0
100
AcDbText
 73
2
  0
LINE
  5
3DA
330
17
100
AcDbEntity
  8
42-TABLO
100
AcDbLine
 10
134.0
 20
186.4
 30
0.0
 11
134.0
 21
180.4
 31
0.0
  0
TEXT
  5
3DB
330
17
100
AcDbEntity
  8
42-TABLO
100
AcDbText
 10
148.0
 20
183.4
 30
0.0
 40
2.1
  1
2.847
  7
TRK
 72
1
 11
148.0
 21
183.4
 31
0.0
100
AcDbText
 73
2
  0
LINE
  5
3DC
330
17
100
AcDbEntity
  8
42-TABLO
100
AcDbLine
 10
162.0
 20
186.4
 30
0.0
 11
162.0
 21
180.4
 31
0.0
  0
TEXT
  5
3DD
330
17
100
AcDbEntity
  8
42-TABLO
100
AcDbText
 10
170.0
 20
183.4
 30
0.0
 40
2.1
  1
%64
  7
TRK
 72
1
 11
170.0
 21
183.4
 31
0.0
100
AcDbText
 73
2
  0
LINE
  5
3DE
330
17
100
AcDbEntity
  8
42-TABLO
100
AcDbLine
 10
178.0
 20
186.4
 30
0.0
 11
178.0
 21
180.4
 31
0.0
  0
TEXT
  5
3DF
330
17
100
AcDbEntity
  8
42-TABLO
100
AcDbText
 10
188.0
 20
183.4
 30
0.0
 40
2.1
  1
959,77
  7
TRK
 72
1
 11
188.0
 21
183.4
 31
0.0
100
AcDbText
 73
2
  0
LINE
  5
3E0
330
17
100
AcDbEntity
  8
42-TABLO
100
AcDbLine
 10
198.0
 20
186.4
 30
0.0
 11
198.0
 21
180.4
 31
0.0
  0
TEXT
  5
3E1
330
17
100
AcDbEntity
  8
42-TABLO
100
AcDbText
 10
214.0
 20
183.4
 30
0.0
 40
2.1
  1
1,20x1,20x2,40
  7
TRK
 72
1
 11
214.0
 21
183.4
 31
0.0
100
AcDbText
 73
2
  0
LINE
  5
3E2
330
17
100
AcDbEntity
  8
42-TABLO
100
AcDbLine
 10
230.0
 20
186.4
 30
0.0
 11
230.0
 21
180.4
 31
0.0
  0
TEXT
  5
3E3
330
17
100
AcDbEntity
  8
42-TABLO
100
AcDbText
 10
240.0
 20
183.4
 30
0.0
 40
2.1
  1
3,744
  7
TRK
 72
1
 11
240.0
 21
183.4
 31
0.0
100
AcDbText
 73
2
  0
LINE
  5
3E4
330
17
100
AcDbEntity
  8
42-TABLO
100
AcDbLine
 10
250.0
 20
186.4
 30
0.0
 11
250.0
 21
180.4
 31
0.0
  0
TEXT
  5
3E5
330
17
100
AcDbEntity
  8
42-TABLO
100
AcDbText
 10
267.0
 20
183.4
 30
0.0
 40
2.1
  1
0,00 ; 0,00
  7
TRK
 72
1
 11
267.0
 21
183.4
 31
0.0
100
AcDbText
 73
2
  0
LINE
  5
3E6
330
17
100
AcDbEntity
  8
42-TABLO
100
AcDbLine
 10
284.0
 20
186.4
 30
0.0
 11
284.0
 21
180.4
 31
0.0
  0
LINE
  5
3E7
330
17
100
AcDbEntity
  8
42-TABLO
100
AcDbLine
 10
40.0
 20
180.4
 30
0.0
 11
284.0
 21
180.4
 31
0.0
  0
TEXT
  5
3E8
330
17
100
AcDbEntity
  8
42-TABLO
100
AcDbText
 10
46.0
 20
177.4
 30
0.0
 40
2.1
  1
D2
  7
TRK
 72
1
 11
46.0
 21
177.4
 31
0.0
100
AcDbText
 73
2
  0
LINE
  5
3E9
330
17
100
AcDbEntity
  8
42-TABLO
100
AcDbLine
 10
52.0
 20
180.4
 30
0.0
 11
52.0
 21
174.4
 31
0.0
  0
TEXT
  5
3EA
330
17
100
AcDbEntity
  8
42-TABLO
100
AcDbText
 10
74.0
 20
177.4
 30
0.0
 40
2.1
  1
Köþe durdurucu
  7
TRK
 72
1
 11
74.0
 21
177.4
 31
0.0
100
AcDbText
 73
2
  0
LINE
  5
3EB
330
17
100
AcDbEntity
  8
42-TABLO
100
AcDbLine
 10
96.0
 20
180.4
 30
0.0
 11
96.0
 21
174.4
 31
0.0
  0
TEXT
  5
3EC
330
17
100
AcDbEntity
  8
42-TABLO
100
AcDbText
 10
104.0
 20
177.4
 30
0.0
 40
2.1
  1
K5''
  7
TRK
 72
1
 11
104.0
 21
177.4
 31
0.0
100
AcDbText
 73
2
  0
LINE
  5
3ED
330
17
100
AcDbEntity
  8
42-TABLO
100
AcDbLine
 10
112.0
 20
180.4
 30
0.0
 11
112.0
 21
174.4
 31
0.0
  0
TEXT
  5
3EE
330
17
100
AcDbEntity
  8
42-TABLO
100
AcDbText
 10
123.0
 20
177.4
 30
0.0
 40
2.1
  1
4.432
  7
TRK
 72
1
 11
123.0
 21
177.4
 31
0.0
100
AcDbText
 73
2
  0
LINE
  5
3EF
330
17
100
AcDbEntity
  8
42-TABLO
100
AcDbLine
 10
134.0
 20
180.4
 30
0.0
 11
134.0
 21
174.4
 31
0.0
  0
TEXT
  5
3F0
330
17
100
AcDbEntity
  8
42-TABLO
100
AcDbText
 10
148.0
 20
177.4
 30
0.0
 40
2.1
  1
3.121
  7
TRK
 72
1
 11
148.0
 21
177.4
 31
0.0
100
AcDbText
 73
2
  0
LINE
  5
3F1
330
17
100
AcDbEntity
  8
42-TABLO
100
AcDbLine
 10
162.0
 20
180.4
 30
0.0
 11
162.0
 21
174.4
 31
0.0
  0
TEXT
  5
3F2
330
17
100
AcDbEntity
  8
42-TABLO
100
AcDbText
 10
170.0
 20
177.4
 30
0.0
 40
2.1
  1
%70
  7
TRK
 72
1
 11
170.0
 21
177.4
 31
0.0
100
AcDbText
 73
2
  0
LINE
  5
3F3
330
17
100
AcDbEntity
  8
42-TABLO
100
AcDbLine
 10
178.0
 20
180.4
 30
0.0
 11
178.0
 21
174.4
 31
0.0
  0
TEXT
  5
3F4
330
17
100
AcDbEntity
  8
42-TABLO
100
AcDbText
 10
188.0
 20
177.4
 30
0.0
 40
2.1
  1
959,77
  7
TRK
 72
1
 11
188.0
 21
177.4
 31
0.0
100
AcDbText
 73
2
  0
LINE
  5
3F5
330
17
100
AcDbEntity
  8
42-TABLO
100
AcDbLine
 10
198.0
 20
180.4
 30
0.0
 11
198.0
 21
174.4
 31
0.0
  0
TEXT
  5
3F6
330
17
100
AcDbEntity
  8
42-TABLO
100
AcDbText
 10
214.0
 20
177.4
 30
0.0
 40
2.1
  1
1,20x1,20x2,40
  7
TRK
 72
1
 11
214.0
 21
177.4
 31
0.0
100
AcDbText
 73
2
  0
LINE
  5
3F7
330
17
100
AcDbEntity
  8
42-TABLO
100
AcDbLine
 10
230.0
 20
180.4
 30
0.0
 11
230.0
 21
174.4
 31
0.0
  0
TEXT
  5
3F8
330
17
100
AcDbEntity
  8
42-TABLO
100
AcDbText
 10
240.0
 20
177.4
 30
0.0
 40
2.1
  1
3,744
  7
TRK
 72
1
 11
240.0
 21
177.4
 31
0.0
100
AcDbText
 73
2
  0
LINE
  5
3F9
330
17
100
AcDbEntity
  8
42-TABLO
100
AcDbLine
 10
250.0
 20
180.4
 30
0.0
 11
250.0
 21
174.4
 31
0.0
  0
TEXT
  5
3FA
330
17
100
AcDbEntity
  8
42-TABLO
100
AcDbText
 10
267.0
 20
177.4
 30
0.0
 40
2.1
  1
-7,81 ; 44,32
  7
TRK
 72
1
 11
267.0
 21
177.4
 31
0.0
100
AcDbText
 73
2
  0
LINE
  5
3FB
330
17
100
AcDbEntity
  8
42-TABLO
100
AcDbLine
 10
284.0
 20
180.4
 30
0.0
 11
284.0
 21
174.4
 31
0.0
  0
LINE
  5
3FC
330
17
100
AcDbEntity
  8
42-TABLO
100
AcDbLine
 10
40.0
 20
174.4
 30
0.0
 11
284.0
 21
174.4
 31
0.0
  0
TEXT
  5
3FD
330
17
100
AcDbEntity
  8
42-TABLO
100
AcDbText
 10
46.0
 20
171.4
 30
0.0
 40
2.1
  1
D3
  7
TRK
 72
1
 11
46.0
 21
171.4
 31
0.0
100
AcDbText
 73
2
  0
LINE
  5
3FE
330
17
100
AcDbEntity
  8
42-TABLO
100
AcDbLine
 10
52.0
 20
174.4
 30
0.0
 11
52.0
 21
168.4
 31
0.0
  0
TEXT
  5
3FF
330
17
100
AcDbEntity
  8
42-TABLO
100
AcDbText
 10
74.0
 20
171.4
 30
0.0
 40
2.1
  1
Taþýyýcý
  7
TRK
 72
1
 11
74.0
 21
171.4
 31
0.0
100
AcDbText
 73
2
  0
LINE
  5
400
330
17
100
AcDbEntity
  8
42-TABLO
100
AcDbLine
 10
96.0
 20
174.4
 30
0.0
 11
96.0
 21
168.4
 31
0.0
  0
TEXT
  5
401
330
17
100
AcDbEntity
  8
42-TABLO
100
AcDbText
 10
104.0
 20
171.4
 30
0.0
 40
2.1
  1
12U''
  7
TRK
 72
1
 11
104.0
 21
171.4
 31
0.0
100
AcDbText
 73
2
  0
LINE
  5
402
330
17
100
AcDbEntity
  8
42-TABLO
100
AcDbLine
 10
112.0
 20
174.4
 30
0.0
 11
112.0
 21
168.4
 31
0.0
  0
TEXT
  5
403
330
17
100
AcDbEntity
  8
42-TABLO
100
AcDbText
 10
123.0
 20
171.4
 30
0.0
 40
2.1
  1
1.000
  7
TRK
 72
1
 11
123.0
 21
171.4
 31
0.0
100
AcDbText
 73
2
  0
LINE
  5
404
330
17
100
AcDbEntity
  8
42-TABLO
100
AcDbLine
 10
134.0
 20
174.4
 30
0.0
 11
134.0
 21
168.4
 31
0.0
  0
TEXT
  5
405
330
17
100
AcDbEntity
  8
42-TABLO
100
AcDbText
 10
148.0
 20
171.4
 30
0.0
 40
2.1
  1
200 / 183
  7
TRK
 72
1
 11
148.0
 21
171.4
 31
0.0
100
AcDbText
 73
2
  0
LINE
  5
406
330
17
100
AcDbEntity
  8
42-TABLO
100
AcDbLine
 10
162.0
 20
174.4
 30
0.0
 11
162.0
 21
168.4
 31
0.0
  0
TEXT
  5
407
330
17
100
AcDbEntity
  8
42-TABLO
100
AcDbText
 10
170.0
 20
171.4
 30
0.0
 40
2.1
  1
%94
  7
TRK
 72
1
 11
170.0
 21
171.4
 31
0.0
100
AcDbText
 73
2
  0
LINE
  5
408
330
17
100
AcDbEntity
  8
42-TABLO
100
AcDbLine
 10
178.0
 20
174.4
 30
0.0
 11
178.0
 21
168.4
 31
0.0
  0
TEXT
  5
409
330
17
100
AcDbEntity
  8
42-TABLO
100
AcDbText
 10
188.0
 20
171.4
 30
0.0
 40
2.1
  1
361,85
  7
TRK
 72
1
 11
188.0
 21
171.4
 31
0.0
100
AcDbText
 73
2
  0
LINE
  5
40A
330
17
100
AcDbEntity
  8
42-TABLO
100
AcDbLine
 10
198.0
 20
174.4
 30
0.0
 11
198.0
 21
168.4
 31
0.0
  0
TEXT
  5
40B
330
17
100
AcDbEntity
  8
42-TABLO
100
AcDbText
 10
214.0
 20
171.4
 30
0.0
 40
2.1
  1
1,15x0,60x2,00
  7
TRK
 72
1
 11
214.0
 21
171.4
 31
0.0
100
AcDbText
 73
2
  0
LINE
  5
40C
330
17
100
AcDbEntity
  8
42-TABLO
100
AcDbLine
 10
230.0
 20
174.4
 30
0.0
 11
230.0
 21
168.4
 31
0.0
  0
TEXT
  5
40D
330
17
100
AcDbEntity
  8
42-TABLO
100
AcDbText
 10
240.0
 20
171.4
 30
0.0
 40
2.1
  1
1,518
  7
TRK
 72
1
 11
240.0
 21
171.4
 31
0.0
100
AcDbText
 73
2
  0
LINE
  5
40E
330
17
100
AcDbEntity
  8
42-TABLO
100
AcDbLine
 10
250.0
 20
174.4
 30
0.0
 11
250.0
 21
168.4
 31
0.0
  0
TEXT
  5
40F
330
17
100
AcDbEntity
  8
42-TABLO
100
AcDbText
 10
267.0
 20
171.4
 30
0.0
 40
2.1
  1
42,19 ; 44,32
  7
TRK
 72
1
 11
267.0
 21
171.4
 31
0.0
100
AcDbText
 73
2
  0
LINE
  5
410
330
17
100
AcDbEntity
  8
42-TABLO
100
AcDbLine
 10
284.0
 20
174.4
 30
0.0
 11
284.0
 21
168.4
 31
0.0
  0
LINE
  5
411
330
17
100
AcDbEntity
  8
42-TABLO
100
AcDbLine
 10
40.0
 20
168.4
 30
0.0
 11
284.0
 21
168.4
 31
0.0
  0
TEXT
  5
412
330
17
100
AcDbEntity
  8
42-TABLO
100
AcDbText
 10
46.0
 20
165.4
 30
0.0
 40
2.1
  1
D4
  7
TRK
 72
1
 11
46.0
 21
165.4
 31
0.0
100
AcDbText
 73
2
  0
LINE
  5
413
330
17
100
AcDbEntity
  8
42-TABLO
100
AcDbLine
 10
52.0
 20
168.4
 30
0.0
 11
52.0
 21
162.4
 31
0.0
  0
TEXT
  5
414
330
17
100
AcDbEntity
  8
42-TABLO
100
AcDbText
 10
74.0
 20
165.4
 30
0.0
 40
2.1
  1
Taþýyýcý
  7
TRK
 72
1
 11
74.0
 21
165.4
 31
0.0
100
AcDbText
 73
2
  0
LINE
  5
415
330
17
100
AcDbEntity
  8
42-TABLO
100
AcDbLine
 10
96.0
 20
168.4
 30
0.0
 11
96.0
 21
162.4
 31
0.0
  0
TEXT
  5
416
330
17
100
AcDbEntity
  8
42-TABLO
100
AcDbText
 10
104.0
 20
165.4
 30
0.0
 40
2.1
  1
12U''
  7
TRK
 72
1
 11
104.0
 21
165.4
 31
0.0
100
AcDbText
 73
2
  0
LINE
  5
417
330
17
100
AcDbEntity
  8
42-TABLO
100
AcDbLine
 10
112.0
 20
168.4
 30
0.0
 11
112.0
 21
162.4
 31
0.0
  0
TEXT
  5
418
330
17
100
AcDbEntity
  8
42-TABLO
100
AcDbText
 10
123.0
 20
165.4
 30
0.0
 40
2.1
  1
1.000
  7
TRK
 72
1
 11
123.0
 21
165.4
 31
0.0
100
AcDbText
 73
2
  0
LINE
  5
419
330
17
100
AcDbEntity
  8
42-TABLO
100
AcDbLine
 10
134.0
 20
168.4
 30
0.0
 11
134.0
 21
162.4
 31
0.0
  0
TEXT
  5
41A
330
17
100
AcDbEntity
  8
42-TABLO
100
AcDbText
 10
148.0
 20
165.4
 30
0.0
 40
2.1
  1
200 / 183
  7
TRK
 72
1
 11
148.0
 21
165.4
 31
0.0
100
AcDbText
 73
2
  0
LINE
  5
41B
330
17
100
AcDbEntity
  8
42-TABLO
100
AcDbLine
 10
162.0
 20
168.4
 30
0.0
 11
162.0
 21
162.4
 31
0.0
  0
TEXT
  5
41C
330
17
100
AcDbEntity
  8
42-TABLO
100
AcDbText
 10
170.0
 20
165.4
 30
0.0
 40
2.1
  1
%94
  7
TRK
 72
1
 11
170.0
 21
165.4
 31
0.0
100
AcDbText
 73
2
  0
LINE
  5
41D
330
17
100
AcDbEntity
  8
42-TABLO
100
AcDbLine
 10
178.0
 20
168.4
 30
0.0
 11
178.0
 21
162.4
 31
0.0
  0
TEXT
  5
41E
330
17
100
AcDbEntity
  8
42-TABLO
100
AcDbText
 10
188.0
 20
165.4
 30
0.0
 40
2.1
  1
361,85
  7
TRK
 72
1
 11
188.0
 21
165.4
 31
0.0
100
AcDbText
 73
2
  0
LINE
  5
41F
330
17
100
AcDbEntity
  8
42-TABLO
100
AcDbLine
 10
198.0
 20
168.4
 30
0.0
 11
198.0
 21
162.4
 31
0.0
  0
TEXT
  5
420
330
17
100
AcDbEntity
  8
42-TABLO
100
AcDbText
 10
214.0
 20
165.4
 30
0.0
 40
2.1
  1
1,15x0,60x2,00
  7
TRK
 72
1
 11
214.0
 21
165.4
 31
0.0
100
AcDbText
 73
2
  0
LINE
  5
421
330
17
100
AcDbEntity
  8
42-TABLO
100
AcDbLine
 10
230.0
 20
168.4
 30
0.0
 11
230.0
 21
162.4
 31
0.0
  0
TEXT
  5
422
330
17
100
AcDbEntity
  8
42-TABLO
100
AcDbText
 10
240.0
 20
165.4
 30
0.0
 40
2.1
  1
1,518
  7
TRK
 72
1
 11
240.0
 21
165.4
 31
0.0
100
AcDbText
 73
2
  0
LINE
  5
423
330
17
100
AcDbEntity
  8
42-TABLO
100
AcDbLine
 10
250.0
 20
168.4
 30
0.0
 11
250.0
 21
162.4
 31
0.0
  0
TEXT
  5
424
330
17
100
AcDbEntity
  8
42-TABLO
100
AcDbText
 10
267.0
 20
165.4
 30
0.0
 40
2.1
  1
92,19 ; 44,32
  7
TRK
 72
1
 11
267.0
 21
165.4
 31
0.0
100
AcDbText
 73
2
  0
LINE
  5
425
330
17
100
AcDbEntity
  8
42-TABLO
100
AcDbLine
 10
284.0
 20
168.4
 30
0.0
 11
284.0
 21
162.4
 31
0.0
  0
LINE
  5
426
330
17
100
AcDbEntity
  8
42-TABLO
100
AcDbLine
 10
40.0
 20
162.4
 30
0.0
 11
284.0
 21
162.4
 31
0.0
  0
TEXT
  5
427
330
17
100
AcDbEntity
  8
42-TABLO
100
AcDbText
 10
46.0
 20
159.4
 30
0.0
 40
2.1
  1
D5
  7
TRK
 72
1
 11
46.0
 21
159.4
 31
0.0
100
AcDbText
 73
2
  0
LINE
  5
428
330
17
100
AcDbEntity
  8
42-TABLO
100
AcDbLine
 10
52.0
 20
162.4
 30
0.0
 11
52.0
 21
156.4
 31
0.0
  0
TEXT
  5
429
330
17
100
AcDbEntity
  8
42-TABLO
100
AcDbText
 10
74.0
 20
159.4
 30
0.0
 40
2.1
  1
Köþe durdurucu
  7
TRK
 72
1
 11
74.0
 21
159.4
 31
0.0
100
AcDbText
 73
2
  0
LINE
  5
42A
330
17
100
AcDbEntity
  8
42-TABLO
100
AcDbLine
 10
96.0
 20
162.4
 30
0.0
 11
96.0
 21
156.4
 31
0.0
  0
TEXT
  5
42B
330
17
100
AcDbEntity
  8
42-TABLO
100
AcDbText
 10
104.0
 20
159.4
 30
0.0
 40
2.1
  1
K5''
  7
TRK
 72
1
 11
104.0
 21
159.4
 31
0.0
100
AcDbText
 73
2
  0
LINE
  5
42C
330
17
100
AcDbEntity
  8
42-TABLO
100
AcDbLine
 10
112.0
 20
162.4
 30
0.0
 11
112.0
 21
156.4
 31
0.0
  0
TEXT
  5
42D
330
17
100
AcDbEntity
  8
42-TABLO
100
AcDbText
 10
123.0
 20
159.4
 30
0.0
 40
2.1
  1
4.432
  7
TRK
 72
1
 11
123.0
 21
159.4
 31
0.0
100
AcDbText
 73
2
  0
LINE
  5
42E
330
17
100
AcDbEntity
  8
42-TABLO
100
AcDbLine
 10
134.0
 20
162.4
 30
0.0
 11
134.0
 21
156.4
 31
0.0
  0
TEXT
  5
42F
330
17
100
AcDbEntity
  8
42-TABLO
100
AcDbText
 10
148.0
 20
159.4
 30
0.0
 40
2.1
  1
3.829
  7
TRK
 72
1
 11
148.0
 21
159.4
 31
0.0
100
AcDbText
 73
2
  0
LINE
  5
430
330
17
100
AcDbEntity
  8
42-TABLO
100
AcDbLine
 10
162.0
 20
162.4
 30
0.0
 11
162.0
 21
156.4
 31
0.0
  0
TEXT
  5
431
330
17
100
AcDbEntity
  8
42-TABLO
100
AcDbText
 10
170.0
 20
159.4
 30
0.0
 40
2.1
  1
%86
  7
TRK
 72
1
 11
170.0
 21
159.4
 31
0.0
100
AcDbText
 73
2
  0
LINE
  5
432
330
17
100
AcDbEntity
  8
42-TABLO
100
AcDbLine
 10
178.0
 20
162.4
 30
0.0
 11
178.0
 21
156.4
 31
0.0
  0
TEXT
  5
433
330
17
100
AcDbEntity
  8
42-TABLO
100
AcDbText
 10
188.0
 20
159.4
 30
0.0
 40
2.1
  1
959,77
  7
TRK
 72
1
 11
188.0
 21
159.4
 31
0.0
100
AcDbText
 73
2
  0
LINE
  5
434
330
17
100
AcDbEntity
  8
42-TABLO
100
AcDbLine
 10
198.0
 20
162.4
 30
0.0
 11
198.0
 21
156.4
 31
0.0
  0
TEXT
  5
435
330
17
100
AcDbEntity
  8
42-TABLO
100
AcDbText
 10
214.0
 20
159.4
 30
0.0
 40
2.1
  1
1,20x1,20x2,40
  7
TRK
 72
1
 11
214.0
 21
159.4
 31
0.0
100
AcDbText
 73
2
  0
LINE
  5
436
330
17
100
AcDbEntity
  8
42-TABLO
100
AcDbLine
 10
230.0
 20
162.4
 30
0.0
 11
230.0
 21
156.4
 31
0.0
  0
TEXT
  5
437
330
17
100
AcDbEntity
  8
42-TABLO
100
AcDbText
 10
240.0
 20
159.4
 30
0.0
 40
2.1
  1
3,744
  7
TRK
 72
1
 11
240.0
 21
159.4
 31
0.0
100
AcDbText
 73
2
  0
LINE
  5
438
330
17
100
AcDbEntity
  8
42-TABLO
100
AcDbLine
 10
250.0
 20
162.4
 30
0.0
 11
250.0
 21
156.4
 31
0.0
  0
TEXT
  5
439
330
17
100
AcDbEntity
  8
42-TABLO
100
AcDbText
 10
267.0
 20
159.4
 30
0.0
 40
2.1
  1
142,19 ; 44,32
  7
TRK
 72
1
 11
267.0
 21
159.4
 31
0.0
100
AcDbText
 73
2
  0
LINE
  5
43A
330
17
100
AcDbEntity
  8
42-TABLO
100
AcDbLine
 10
284.0
 20
162.4
 30
0.0
 11
284.0
 21
156.4
 31
0.0
  0
LINE
  5
43B
330
17
100
AcDbEntity
  8
42-TABLO
100
AcDbLine
 10
40.0
 20
156.4
 30
0.0
 11
284.0
 21
156.4
 31
0.0
  0
TEXT
  5
43C
330
17
100
AcDbEntity
  8
42-TABLO
100
AcDbText
 10
46.0
 20
153.4
 30
0.0
 40
2.1
  1
D6
  7
TRK
 72
1
 11
46.0
 21
153.4
 31
0.0
100
AcDbText
 73
2
  0
LINE
  5
43D
330
17
100
AcDbEntity
  8
42-TABLO
100
AcDbLine
 10
52.0
 20
156.4
 30
0.0
 11
52.0
 21
150.4
 31
0.0
  0
TEXT
  5
43E
330
17
100
AcDbEntity
  8
42-TABLO
100
AcDbText
 10
74.0
 20
153.4
 30
0.0
 40
2.1
  1
Nihayet
  7
TRK
 72
1
 11
74.0
 21
153.4
 31
0.0
100
AcDbText
 73
2
  0
LINE
  5
43F
330
17
100
AcDbEntity
  8
42-TABLO
100
AcDbLine
 10
96.0
 20
156.4
 30
0.0
 11
96.0
 21
150.4
 31
0.0
  0
TEXT
  5
440
330
17
100
AcDbEntity
  8
42-TABLO
100
AcDbText
 10
104.0
 20
153.4
 30
0.0
 40
2.1
  1
K4''
  7
TRK
 72
1
 11
104.0
 21
153.4
 31
0.0
100
AcDbText
 73
2
  0
LINE
  5
441
330
17
100
AcDbEntity
  8
42-TABLO
100
AcDbLine
 10
112.0
 20
156.4
 30
0.0
 11
112.0
 21
150.4
 31
0.0
  0
TEXT
  5
442
330
17
100
AcDbEntity
  8
42-TABLO
100
AcDbText
 10
123.0
 20
153.4
 30
0.0
 40
2.1
  1
2.783
  7
TRK
 72
1
 11
123.0
 21
153.4
 31
0.0
100
AcDbText
 73
2
  0
LINE
  5
443
330
17
100
AcDbEntity
  8
42-TABLO
100
AcDbLine
 10
134.0
 20
156.4
 30
0.0
 11
134.0
 21
150.4
 31
0.0
  0
TEXT
  5
444
330
17
100
AcDbEntity
  8
42-TABLO
100
AcDbText
 10
148.0
 20
153.4
 30
0.0
 40
2.1
  1
2.037
  7
TRK
 72
1
 11
148.0
 21
153.4
 31
0.0
100
AcDbText
 73
2
  0
LINE
  5
445
330
17
100
AcDbEntity
  8
42-TABLO
100
AcDbLine
 10
162.0
 20
156.4
 30
0.0
 11
162.0
 21
150.4
 31
0.0
  0
TEXT
  5
446
330
17
100
AcDbEntity
  8
42-TABLO
100
AcDbText
 10
170.0
 20
153.4
 30
0.0
 40
2.1
  1
%73
  7
TRK
 72
1
 11
170.0
 21
153.4
 31
0.0
100
AcDbText
 73
2
  0
LINE
  5
447
330
17
100
AcDbEntity
  8
42-TABLO
100
AcDbLine
 10
178.0
 20
156.4
 30
0.0
 11
178.0
 21
150.4
 31
0.0
  0
TEXT
  5
448
330
17
100
AcDbEntity
  8
42-TABLO
100
AcDbText
 10
188.0
 20
153.4
 30
0.0
 40
2.1
  1
783,54
  7
TRK
 72
1
 11
188.0
 21
153.4
 31
0.0
100
AcDbText
 73
2
  0
LINE
  5
449
330
17
100
AcDbEntity
  8
42-TABLO
100
AcDbLine
 10
198.0
 20
156.4
 30
0.0
 11
198.0
 21
150.4
 31
0.0
  0
TEXT
  5
44A
330
17
100
AcDbEntity
  8
42-TABLO
100
AcDbText
 10
214.0
 20
153.4
 30
0.0
 40
2.1
  1
1,20x1,20x2,30
  7
TRK
 72
1
 11
214.0
 21
153.4
 31
0.0
100
AcDbText
 73
2
  0
LINE
  5
44B
330
17
100
AcDbEntity
  8
42-TABLO
100
AcDbLine
 10
230.0
 20
156.4
 30
0.0
 11
230.0
 21
150.4
 31
0.0
  0
TEXT
  5
44C
330
17
100
AcDbEntity
  8
42-TABLO
100
AcDbText
 10
240.0
 20
153.4
 30
0.0
 40
2.1
  1
3,600
  7
TRK
 72
1
 11
240.0
 21
153.4
 31
0.0
100
AcDbText
 73
2
  0
LINE
  5
44D
330
17
100
AcDbEntity
  8
42-TABLO
100
AcDbLine
 10
250.0
 20
156.4
 30
0.0
 11
250.0
 21
150.4
 31
0.0
  0
TEXT
  5
44E
330
17
100
AcDbEntity
  8
42-TABLO
100
AcDbText
 10
267.0
 20
153.4
 30
0.0
 40
2.1
  1
107,71 ; 73,24
  7
TRK
 72
1
 11
267.0
 21
153.4
 31
0.0
100
AcDbText
 73
2
  0
LINE
  5
44F
330
17
100
AcDbEntity
  8
42-TABLO
100
AcDbLine
 10
284.0
 20
156.4
 30
0.0
 11
284.0
 21
150.4
 31
0.0
  0
LINE
  5
450
330
17
100
AcDbEntity
  8
42-TABLO
100
AcDbLine
 10
40.0
 20
150.4
 30
0.0
 11
284.0
 21
150.4
 31
0.0
  0
LINE
  5
451
330
17
100
AcDbEntity
  8
43-TABLO-CERCEVE
100
AcDbLine
 10
40.0
 20
196.0
 30
0.0
 11
40.0
 21
150.4
 31
0.0
  0
LINE
  5
452
330
17
100
AcDbEntity
  8
43-TABLO-CERCEVE
100
AcDbLine
 10
284.0
 20
196.0
 30
0.0
 11
284.0
 21
150.4
 31
0.0
  0
LINE
  5
453
330
17
100
AcDbEntity
  8
43-TABLO-CERCEVE
100
AcDbLine
 10
40.0
 20
150.4
 30
0.0
 11
284.0
 21
150.4
 31
0.0
  0
TEXT
  5
454
330
17
100
AcDbEntity
  8
41-YAZI
100
AcDbText
 10
40.0
 20
140.0
 30
0.0
 40
1.9
  1
Taþýyýcýlarda hesap tepe kuvveti: hatta dik rüzgâr (güçlü eksen) / iletken kopmasý (zayýf eksen).
  7
TRK
 11
40.0
 21
140.0
 31
0.0
100
AcDbText
  0
TEXT
  5
455
330
17
100
AcDbEntity
  8
41-YAZI
100
AcDbText
 10
40.0
 20
136.0
 30
0.0
 40
1.9
  1
Yerel koordinatlar D1 = (0;0) alýnarak verilmiþtir; gerçek koordinatlar aplikasyon ölçüsüyle belirlenecektir.
  7
TRK
 11
40.0
 21
136.0
 31
0.0
100
AcDbText
  0
TEXT
  5
456
330
17
100
AcDbEntity
  8
02-BASLIK
100
AcDbText
 10
720.0
 20
378.0
 30
0.0
 40
4.0
  1
GENEL TEKNÝK NOTLAR
  7
TRKB
 11
720.0
 21
378.0
 31
0.0
100
AcDbText
  0
TEXT
  5
457
330
17
100
AcDbEntity
  8
44-NOTLAR
100
AcDbText
 10
720.0
 20
371.0
 30
0.0
 40
2.05
  1
1.
  7
TRK
 11
720.0
 21
371.0
 31
0.0
100
AcDbText
  0
TEXT
  5
458
330
17
100
AcDbEntity
  8
44-NOTLAR
100
AcDbText
 10
726.0
 20
371.0
 30
0.0
 40
2.05
  1
Proje; Elektrik Kuvvetli Akým Tesisleri Yönetmeliði (EKATY), Elektrik Tesislerinde Topraklamalar Yönetmeliði,
  7
TRK
 11
726.0
 21
371.0
 31
0.0
100
AcDbText
  0
TEXT
  5
459
330
17
100
AcDbEntity
  8
44-NOTLAR
100
AcDbText
 10
726.0
 20
366.7
 30
0.0
 40
2.05
  1
Elektrik Tesisleri Proje Yönetmeliði, TEDAÞ teknik þartnameleri ve EMO proje esaslarýna göre hazýrlanmýþtýr.
  7
TRK
 11
726.0
 21
366.7
 31
0.0
100
AcDbText
  0
TEXT
  5
45A
330
17
100
AcDbEntity
  8
44-NOTLAR
100
AcDbText
 10
720.0
 20
362.4
 30
0.0
 40
2.05
  1
2.
  7
TRK
 11
720.0
 21
362.4
 31
0.0
100
AcDbText
  0
TEXT
  5
45B
330
17
100
AcDbEntity
  8
44-NOTLAR
100
AcDbText
 10
726.0
 20
362.4
 30
0.0
 40
2.05
  1
Hat III. buz yükü bölgesindedir: ek buz yükü 0,3·\U+221ad kg/m, en düþük -25 °C, en yüksek +40 °C (EKATY Çz.9).
  7
TRK
 11
726.0
 21
362.4
 31
0.0
100
AcDbText
  0
TEXT
  5
45C
330
17
100
AcDbEntity
  8
44-NOTLAR
100
AcDbText
 10
720.0
 20
358.09999999999997
 30
0.0
 40
2.05
  1
3.
  7
TRK
 11
720.0
 21
358.09999999999997
 31
0.0
100
AcDbText
  0
TEXT
  5
45D
330
17
100
AcDbEntity
  8
44-NOTLAR
100
AcDbText
 10
726.0
 20
358.09999999999997
 30
0.0
 40
2.05
  1
Direkler TEDAÞ müþterek (AG+OG) galvanizli kafes demir direk tipleridir (a=50 m, III. bölge, toprak üstü 9,73 m).
  7
TRK
 11
726.0
 21
358.09999999999997
 31
0.0
100
AcDbText
  0
TEXT
  5
45E
330
17
100
AcDbEntity
  8
44-NOTLAR
100
AcDbText
 10
720.0
 20
353.79999999999995
 30
0.0
 40
2.05
  1
4.
  7
TRK
 11
720.0
 21
353.79999999999995
 31
0.0
100
AcDbText
  0
TEXT
  5
45F
330
17
100
AcDbEntity
  8
44-NOTLAR
100
AcDbText
 10
726.0
 20
353.79999999999995
 30
0.0
 40
2.05
  1
OG iletken 3x3/0 AWG Pigeon; \U+03c3max = 5,0 kg/mm² (Tmax = 496,5 kg, -5 °C + buz) ile azaltýlmýþ çekilecektir.
  7
TRK
 11
726.0
 21
353.79999999999995
 31
0.0
100
AcDbText
  0
TEXT
  5
460
330
17
100
AcDbEntity
  8
44-NOTLAR
100
AcDbText
 10
720.0
 20
349.49999999999994
 30
0.0
 40
2.05
  1
5.
  7
TRK
 11
720.0
 21
349.49999999999994
 31
0.0
100
AcDbText
  0
TEXT
  5
461
330
17
100
AcDbEntity
  8
44-NOTLAR
100
AcDbText
 10
726.0
 20
349.49999999999994
 30
0.0
 40
2.05
  1
AG AER 3x95+70 mm²; taþýyýcý nötrde Tmax = 650 kg (-5 °C + buz). Sehimler Pafta 2 cetveline göre ayarlanacaktýr.
  7
TRK
 11
726.0
 21
349.49999999999994
 31
0.0
100
AcDbText
  0
TEXT
  5
462
330
17
100
AcDbEntity
  8
44-NOTLAR
100
AcDbText
 10
720.0
 20
345.19999999999993
 30
0.0
 40
2.05
  1
6.
  7
TRK
 11
720.0
 21
345.19999999999993
 31
0.0
100
AcDbText
  0
TEXT
  5
463
330
17
100
AcDbEntity
  8
44-NOTLAR
100
AcDbText
 10
726.0
 20
345.19999999999993
 30
0.0
 40
2.05
  1
Tüm OG izolatörleri 36 kV silikon kompozit olacaktýr: durdurucu/köþe/nihayette gergi, taþýyýcýda mesnet (line-post).
  7
TRK
 11
726.0
 21
345.19999999999993
 31
0.0
100
AcDbText
  0
TEXT
  5
464
330
17
100
AcDbEntity
  8
44-NOTLAR
100
AcDbText
 10
720.0
 20
340.8999999999999
 30
0.0
 40
2.05
  1
7.
  7
TRK
 11
720.0
 21
340.8999999999999
 31
0.0
100
AcDbText
  0
TEXT
  5
465
330
17
100
AcDbEntity
  8
44-NOTLAR
100
AcDbText
 10
726.0
 20
340.8999999999999
 30
0.0
 40
2.05
  1
D1'de 36 kV 630 A harici tip 3 kutuplu ayýrýcý (seksiyoner) tesis edilecek; kumanda kolu kilitli ve topraklý olacaktýr.
  7
TRK
 11
726.0
 21
340.8999999999999
 31
0.0
100
AcDbText
  0
TEXT
  5
466
330
17
100
AcDbEntity
  8
44-NOTLAR
100
AcDbText
 10
720.0
 20
336.5999999999999
 30
0.0
 40
2.05
  1
8.
  7
TRK
 11
720.0
 21
336.5999999999999
 31
0.0
100
AcDbText
  0
TEXT
  5
467
330
17
100
AcDbEntity
  8
44-NOTLAR
100
AcDbText
 10
726.0
 20
336.5999999999999
 30
0.0
 40
2.05
  1
OG ve AG baðlantý noktalarý arasýndaki düþey uzaklýk en az 1,50 m'dir (EKATY 44-d); D1'de ayýrýcý nedeniyle 2,50 m.
  7
TRK
 11
726.0
 21
336.5999999999999
 31
0.0
100
AcDbText
  0
TEXT
  5
468
330
17
100
AcDbEntity
  8
44-NOTLAR
100
AcDbText
 10
720.0
 20
332.2999999999999
 30
0.0
 40
2.05
  1
9.
  7
TRK
 11
720.0
 21
332.2999999999999
 31
0.0
100
AcDbText
  0
TEXT
  5
469
330
17
100
AcDbEntity
  8
44-NOTLAR
100
AcDbText
 10
726.0
 20
332.2999999999999
 30
0.0
 40
2.05
  1
En büyük salgýda yerden yükseklik OG \U+2265 7,0 m, AG (yalýtýlmýþ) \U+2265 5,0 m saðlanmýþtýr (EKATY Çz.8).
  7
TRK
 11
726.0
 21
332.2999999999999
 31
0.0
100
AcDbText
  0
TEXT
  5
46A
330
17
100
AcDbEntity
  8
44-NOTLAR
100
AcDbText
 10
720.0
 20
327.9999999999999
 30
0.0
 40
2.05
  1
10.
  7
TRK
 11
720.0
 21
327.9999999999999
 31
0.0
100
AcDbText
  0
TEXT
  5
46B
330
17
100
AcDbEntity
  8
44-NOTLAR
100
AcDbText
 10
726.0
 20
327.9999999999999
 30
0.0
 40
2.05
  1
Her direk koruma topraklamasý ile topraklanacak; D2 ve D6'da AG nötrü ayrýca topraklanacaktýr. Ölçüm tutanaða baðlanacak.
  7
TRK
 11
726.0
 21
327.9999999999999
 31
0.0
100
AcDbText
  0
TEXT
  5
46C
330
17
100
AcDbEntity
  8
44-NOTLAR
100
AcDbText
 10
720.0
 20
323.6999999999999
 30
0.0
 40
2.05
  1
11.
  7
TRK
 11
720.0
 21
323.6999999999999
 31
0.0
100
AcDbText
  0
TEXT
  5
46D
330
17
100
AcDbEntity
  8
44-NOTLAR
100
AcDbText
 10
726.0
 20
323.6999999999999
 30
0.0
 40
2.05
  1
Her direðe zeminden \U+22652,5 m'de ölüm tehlike levhasý ve \U+22654 m'de týrmanma engeli takýlacaktýr (EKATY 44-o, 44-p).
  7
TRK
 11
726.0
 21
323.6999999999999
 31
0.0
100
AcDbText
  0
TEXT
  5
46E
330
17
100
AcDbEntity
  8
44-NOTLAR
100
AcDbText
 10
720.0
 20
319.39999999999986
 30
0.0
 40
2.05
  1
12.
  7
TRK
 11
720.0
 21
319.39999999999986
 31
0.0
100
AcDbText
  0
TEXT
  5
46F
330
17
100
AcDbEntity
  8
44-NOTLAR
100
AcDbText
 10
726.0
 20
319.39999999999986
 30
0.0
 40
2.05
  1
Temeller C20/25 betonla monoblok dökülecek, üst yüzü zeminden 20 cm yüksek ve eðimli (yaðmurluk) yapýlacaktýr.
  7
TRK
 11
726.0
 21
319.39999999999986
 31
0.0
100
AcDbText
  0
TEXT
  5
470
330
17
100
AcDbEntity
  8
44-NOTLAR
100
AcDbText
 10
720.0
 20
315.09999999999985
 30
0.0
 40
2.05
  1
13.
  7
TRK
 11
720.0
 21
315.09999999999985
 31
0.0
100
AcDbText
  0
TEXT
  5
471
330
17
100
AcDbEntity
  8
44-NOTLAR
100
AcDbText
 10
726.0
 20
315.09999999999985
 30
0.0
 40
2.05
  1
Zemin emniyet gerilmesi \U+2265 1,0 kg/cm² ve yatak katsayýsý C(2m) \U+2265 8 kg/cm³ kabul edilmiþtir; farklý zeminde temel yeniden hesaplanacak.
  7
TRK
 11
726.0
 21
315.09999999999985
 31
0.0
100
AcDbText
  0
TEXT
  5
472
330
17
100
AcDbEntity
  8
44-NOTLAR
100
AcDbText
 10
720.0
 20
310.79999999999984
 30
0.0
 40
2.05
  1
14.
  7
TRK
 11
720.0
 21
310.79999999999984
 31
0.0
100
AcDbText
  0
TEXT
  5
473
330
17
100
AcDbEntity
  8
44-NOTLAR
100
AcDbText
 10
726.0
 20
310.79999999999984
 30
0.0
 40
2.05
  1
Arazi kotlarý ve azimutlar temsilidir; aplikasyon/halihazýr ölçüsünden sonra profil ve hesaplar güncellenecektir.
  7
TRK
 11
726.0
 21
310.79999999999984
 31
0.0
100
AcDbText
  0
TEXT
  5
474
330
17
100
AcDbEntity
  8
02-BASLIK
100
AcDbText
 10
720.0
 20
290.0
 30
0.0
 40
4.0
  1
TEK HAT ÞEMASI
  7
TRKB
 11
720.0
 21
290.0
 31
0.0
100
AcDbText
  0
LINE
  5
475
330
17
100
AcDbEntity
  8
12-PLAN-MEVCUT
370
50
100
AcDbLine
 10
724.0
 20
282.0
 30
0.0
 11
724.0
 21
254.0
 31
0.0
  0
TEXT
  5
476
330
17
100
AcDbEntity
  8
41-YAZI
100
AcDbText
 10
722.0
 20
284.0
 30
0.0
 40
2.0
  1
Mevcut 34,5 kV ENH
  7
TRK
 11
722.0
 21
284.0
 31
0.0
100
AcDbText
 73
1
  0
CIRCLE
  5
477
330
17
100
AcDbEntity
  8
12-PLAN-MEVCUT
100
AcDbCircle
 10
724.0
 20
268.0
 30
0.0
 40
0.9
  0
LINE
  5
478
330
17
100
AcDbEntity
  8
10-PLAN-GUZERGAH
370
50
100
AcDbLine
 10
724.0
 20
268.0
 30
0.0
 11
750.0
 21
268.0
 31
0.0
  0
TEXT
  5
479
330
17
100
AcDbEntity
  8
41-YAZI
100
AcDbText
 10
724.0
 20
265.0
 30
0.0
 40
2.0
  1
M
  7
TRK
 72
1
 11
724.0
 21
265.0
 31
0.0
100
AcDbText
 73
3
  0
TEXT
  5
47A
330
17
100
AcDbEntity
  8
41-YAZI
100
AcDbText
 10
737.0
 20
269.5
 30
0.0
 40
1.8
  1
3x3/0 AWG
  7
TRK
 72
1
 11
737.0
 21
269.5
 31
0.0
100
AcDbText
 73
1
  0
LINE
  5
47B
330
17
100
AcDbEntity
  8
38-SEKSIYONER
370
50
100
AcDbLine
 10
750.0
 20
268.0
 30
0.0
 11
754.0
 21
268.0
 31
0.0
  0
LINE
  5
47C
330
17
100
AcDbEntity
  8
38-SEKSIYONER
370
50
100
AcDbLine
 10
754.0
 20
268.0
 30
0.0
 11
761.0
 21
272.0
 31
0.0
  0
LINE
  5
47D
330
17
100
AcDbEntity
  8
38-SEKSIYONER
370
50
100
AcDbLine
 10
762.0
 20
266.5
 30
0.0
 11
762.0
 21
269.5
 31
0.0
  0
LINE
  5
47E
330
17
100
AcDbEntity
  8
38-SEKSIYONER
370
50
100
AcDbLine
 10
762.0
 20
268.0
 30
0.0
 11
766.0
 21
268.0
 31
0.0
  0
TEXT
  5
47F
330
17
100
AcDbEntity
  8
38-SEKSIYONER
100
AcDbText
 10
758.0
 20
274.0
 30
0.0
 40
2.0
  1
D1: 36 kV 630 A ayýrýcý
  7
TRKB
 72
1
 11
758.0
 21
274.0
 31
0.0
100
AcDbText
 73
1
  0
LINE
  5
480
330
17
100
AcDbEntity
  8
10-PLAN-GUZERGAH
370
50
100
AcDbLine
 10
766.0
 20
268.0
 30
0.0
 11
802.0
 21
268.0
 31
0.0
  0
TEXT
  5
481
330
17
100
AcDbEntity
  8
41-YAZI
100
AcDbText
 10
784.0
 20
269.5
 30
0.0
 40
1.8
  1
45 m
  7
TRK
 72
1
 11
784.0
 21
269.5
 31
0.0
100
AcDbText
 73
1
  0
CIRCLE
  5
482
330
17
100
AcDbEntity
  8
13-PLAN-DIREK
100
AcDbCircle
 10
802.0
 20
268.0
 30
0.0
 40
0.9
  0
TEXT
  5
483
330
17
100
AcDbEntity
  8
41-YAZI
100
AcDbText
 10
802.0
 20
271.5
 30
0.0
 40
2.0
  1
D2
  7
TRKB
 72
1
 11
802.0
 21
271.5
 31
0.0
100
AcDbText
 73
1
  0
LINE
  5
484
330
17
100
AcDbEntity
  8
10-PLAN-GUZERGAH
370
50
100
AcDbLine
 10
802.0
 20
268.0
 30
0.0
 11
838.0
 21
268.0
 31
0.0
  0
TEXT
  5
485
330
17
100
AcDbEntity
  8
41-YAZI
100
AcDbText
 10
820.0
 20
269.5
 30
0.0
 40
1.8
  1
50 m
  7
TRK
 72
1
 11
820.0
 21
269.5
 31
0.0
100
AcDbText
 73
1
  0
CIRCLE
  5
486
330
17
100
AcDbEntity
  8
13-PLAN-DIREK
100
AcDbCircle
 10
838.0
 20
268.0
 30
0.0
 40
0.9
  0
TEXT
  5
487
330
17
100
AcDbEntity
  8
41-YAZI
100
AcDbText
 10
838.0
 20
271.5
 30
0.0
 40
2.0
  1
D3
  7
TRKB
 72
1
 11
838.0
 21
271.5
 31
0.0
100
AcDbText
 73
1
  0
LINE
  5
488
330
17
100
AcDbEntity
  8
10-PLAN-GUZERGAH
370
50
100
AcDbLine
 10
838.0
 20
268.0
 30
0.0
 11
874.0
 21
268.0
 31
0.0
  0
TEXT
  5
489
330
17
100
AcDbEntity
  8
41-YAZI
100
AcDbText
 10
856.0
 20
269.5
 30
0.0
 40
1.8
  1
50 m
  7
TRK
 72
1
 11
856.0
 21
269.5
 31
0.0
100
AcDbText
 73
1
  0
CIRCLE
  5
48A
330
17
100
AcDbEntity
  8
13-PLAN-DIREK
100
AcDbCircle
 10
874.0
 20
268.0
 30
0.0
 40
0.9
  0
TEXT
  5
48B
330
17
100
AcDbEntity
  8
41-YAZI
100
AcDbText
 10
874.0
 20
271.5
 30
0.0
 40
2.0
  1
D4
  7
TRKB
 72
1
 11
874.0
 21
271.5
 31
0.0
100
AcDbText
 73
1
  0
LINE
  5
48C
330
17
100
AcDbEntity
  8
10-PLAN-GUZERGAH
370
50
100
AcDbLine
 10
874.0
 20
268.0
 30
0.0
 11
910.0
 21
268.0
 31
0.0
  0
TEXT
  5
48D
330
17
100
AcDbEntity
  8
41-YAZI
100
AcDbText
 10
892.0
 20
269.5
 30
0.0
 40
1.8
  1
50 m
  7
TRK
 72
1
 11
892.0
 21
269.5
 31
0.0
100
AcDbText
 73
1
  0
CIRCLE
  5
48E
330
17
100
AcDbEntity
  8
13-PLAN-DIREK
100
AcDbCircle
 10
910.0
 20
268.0
 30
0.0
 40
0.9
  0
TEXT
  5
48F
330
17
100
AcDbEntity
  8
41-YAZI
100
AcDbText
 10
910.0
 20
271.5
 30
0.0
 40
2.0
  1
D5
  7
TRKB
 72
1
 11
910.0
 21
271.5
 31
0.0
100
AcDbText
 73
1
  0
LINE
  5
490
330
17
100
AcDbEntity
  8
10-PLAN-GUZERGAH
370
50
100
AcDbLine
 10
910.0
 20
268.0
 30
0.0
 11
946.0
 21
268.0
 31
0.0
  0
TEXT
  5
491
330
17
100
AcDbEntity
  8
41-YAZI
100
AcDbText
 10
928.0
 20
269.5
 30
0.0
 40
1.8
  1
45 m
  7
TRK
 72
1
 11
928.0
 21
269.5
 31
0.0
100
AcDbText
 73
1
  0
CIRCLE
  5
492
330
17
100
AcDbEntity
  8
13-PLAN-DIREK
100
AcDbCircle
 10
946.0
 20
268.0
 30
0.0
 40
0.9
  0
TEXT
  5
493
330
17
100
AcDbEntity
  8
41-YAZI
100
AcDbText
 10
946.0
 20
271.5
 30
0.0
 40
2.0
  1
D6
  7
TRKB
 72
1
 11
946.0
 21
271.5
 31
0.0
100
AcDbText
 73
1
  0
LINE
  5
494
330
17
100
AcDbEntity
  8
13-PLAN-DIREK
370
70
100
AcDbLine
 10
946.0
 20
265.5
 30
0.0
 11
946.0
 21
270.5
 31
0.0
  0
TEXT
  5
495
330
17
100
AcDbEntity
  8
41-YAZI
100
AcDbText
 10
944.0
 20
264.0
 30
0.0
 40
1.8
  1
Nihayet (ileride devam/trafo için rezerv)
  7
TRK
 72
2
 11
944.0
 21
264.0
 31
0.0
100
AcDbText
 73
3
  0
LINE
  5
496
330
17
100
AcDbEntity
  8
11-PLAN-AG
  6
DASHED
370
35
 48
0.4
100
AcDbLine
 10
760.0
 20
252.0
 30
0.0
 11
946.0
 21
252.0
 31
0.0
  0
TEXT
  5
497
330
17
100
AcDbEntity
  8
41-YAZI
100
AcDbText
 10
760.0
 20
249.0
 30
0.0
 40
2.0
  1
AG: AER 3x95+70 mm², 0,4 kV (D1-D6, ayný direkler)
  7
TRK
 11
760.0
 21
249.0
 31
0.0
100
AcDbText
 73
3
  0
TEXT
  5
498
330
17
100
AcDbEntity
  8
41-YAZI
100
AcDbText
 10
760.0
 20
245.0
 30
0.0
 40
1.8
  1
Besleme/abone baðlantýlarý bu proje kapsamý dýþýndadýr.
  7
TRK
 11
760.0
 21
245.0
 31
0.0
100
AcDbText
 73
3
  0
TEXT
  5
499
330
17
100
AcDbEntity
  8
41-YAZI
100
AcDbText
 10
720.0
 20
236.0
 30
0.0
 40
2.0
  1
Topraklama: tüm direklerde koruma topraklamasý; D1'de halka (4 çubuk) + kumanda yeri potansiyel düzenlemesi;
  7
TRK
 11
720.0
 21
236.0
 31
0.0
100
AcDbText
  0
TEXT
  5
49A
330
17
100
AcDbEntity
  8
41-YAZI
100
AcDbText
 10
720.0
 20
232.0
 30
0.0
 40
2.0
  1
D2 ve D6'da AG nötr iþletme topraklamasý (koruma topraklamasýndan ayrý).
  7
TRK
 11
720.0
 21
232.0
 31
0.0
100
AcDbText
  0
LWPOLYLINE
  5
49B
330
17
100
AcDbEntity
  8
00-CERCEVE
370
18
100
AcDbPolyline
 90
4
 70
1
 10
1250.0
 20
0.0
 10
2439.0
 20
0.0
 10
2439.0
 20
841.0
 10
1250.0
 20
841.0
  0
LWPOLYLINE
  5
49C
330
17
100
AcDbEntity
  8
00-CERCEVE
100
AcDbPolyline
 90
4
 70
1
 10
1270.0
 20
10.0
 10
2429.0
 20
10.0
 10
2429.0
 20
831.0
 10
1270.0
 20
831.0
  0
LWPOLYLINE
  5
49D
330
17
100
AcDbEntity
  8
01-ANTET
370
50
100
AcDbPolyline
 90
4
 70
1
 10
2209.0
 20
10.0
 10
2429.0
 20
10.0
 10
2429.0
 20
128.0
 10
2209.0
 20
128.0
  0
TEXT
  5
49E
330
17
100
AcDbEntity
  8
01-ANTET
100
AcDbText
 10
2211.0
 20
124.0
 30
0.0
 40
2.2
  1
PROJE:
  7
TRKB
 11
2211.0
 21
124.0
 31
0.0
100
AcDbText
 73
3
  0
TEXT
  5
49F
330
17
100
AcDbEntity
  8
01-ANTET
100
AcDbText
 10
2231.0
 20
124.0
 30
0.0
 40
2.4
  1
34,5 kV 3x3/0 AWG (PIGEON) OG +
  7
TRKB
 11
2231.0
 21
124.0
 31
0.0
100
AcDbText
 73
3
  0
TEXT
  5
4A0
330
17
100
AcDbEntity
  8
01-ANTET
100
AcDbText
 10
2231.0
 20
120.0
 30
0.0
 40
2.4
  1
0,4 kV AER 3x95+70 mm² AG MÜÞTEREK
  7
TRKB
 11
2231.0
 21
120.0
 31
0.0
100
AcDbText
 73
3
  0
TEXT
  5
4A1
330
17
100
AcDbEntity
  8
01-ANTET
100
AcDbText
 10
2231.0
 20
116.0
 30
0.0
 40
2.4
  1
DEMÝR DÝREKLÝ HAVA HATTI (6 DÝREK, III. BUZ BÖLGESÝ)
  7
TRKB
 11
2231.0
 21
116.0
 31
0.0
100
AcDbText
 73
3
  0
LINE
  5
4A2
330
17
100
AcDbEntity
  8
01-ANTET
100
AcDbLine
 10
2209.0
 20
112.0
 30
0.0
 11
2429.0
 21
112.0
 31
0.0
  0
TEXT
  5
4A3
330
17
100
AcDbEntity
  8
01-ANTET
100
AcDbText
 10
2211.0
 20
109.0
 30
0.0
 40
2.2
  1
PAFTA ADI:
  7
TRKB
 11
2211.0
 21
109.0
 31
0.0
100
AcDbText
 73
3
  0
TEXT
  5
4A4
330
17
100
AcDbEntity
  8
01-ANTET
100
AcDbText
 10
2231.0
 20
109.0
 30
0.0
 40
2.2
  1
TEPE KUVVETÝ HESAP CETVELÝ, ÝLETKEN
  7
TRK
 11
2231.0
 21
109.0
 31
0.0
100
AcDbText
 73
3
  0
TEXT
  5
4A5
330
17
100
AcDbEntity
  8
01-ANTET
100
AcDbText
 10
2231.0
 20
105.4
 30
0.0
 40
2.2
  1
GERÝLME-SEHÝM, TEMEL VE MALZEME KEÞFÝ
  7
TRK
 11
2231.0
 21
105.4
 31
0.0
100
AcDbText
 73
3
  0
LINE
  5
4A6
330
17
100
AcDbEntity
  8
01-ANTET
100
AcDbLine
 10
2209.0
 20
97.0
 30
0.0
 11
2429.0
 21
97.0
 31
0.0
  0
TEXT
  5
4A7
330
17
100
AcDbEntity
  8
01-ANTET
100
AcDbText
 10
2211.0
 20
94.0
 30
0.0
 40
2.0
  1
ÝDARE / EDAÞ
  7
TRKB
 11
2211.0
 21
94.0
 31
0.0
100
AcDbText
 73
3
  0
TEXT
  5
4A8
330
17
100
AcDbEntity
  8
01-ANTET
100
AcDbText
 10
2249.0
 20
94.0
 30
0.0
 40
2.0
  1
……………………………… EDAÞ
  7
TRK
 11
2249.0
 21
94.0
 31
0.0
100
AcDbText
 73
3
  0
TEXT
  5
4A9
330
17
100
AcDbEntity
  8
01-ANTET
100
AcDbText
 10
2211.0
 20
89.8
 30
0.0
 40
2.0
  1
YER (ÝL/ÝLÇE/KÖY)
  7
TRKB
 11
2211.0
 21
89.8
 31
0.0
100
AcDbText
 73
3
  0
TEXT
  5
4AA
330
17
100
AcDbEntity
  8
01-ANTET
100
AcDbText
 10
2249.0
 20
89.8
 30
0.0
 40
2.0
  1
……………………………………………
  7
TRK
 11
2249.0
 21
89.8
 31
0.0
100
AcDbText
 73
3
  0
TEXT
  5
4AB
330
17
100
AcDbEntity
  8
01-ANTET
100
AcDbText
 10
2211.0
 20
85.6
 30
0.0
 40
2.0
  1
ÝÞ / ÞEBEKE NO
  7
TRKB
 11
2211.0
 21
85.6
 31
0.0
100
AcDbText
 73
3
  0
TEXT
  5
4AC
330
17
100
AcDbEntity
  8
01-ANTET
100
AcDbText
 10
2249.0
 20
85.6
 30
0.0
 40
2.0
  1
……………………
  7
TRK
 11
2249.0
 21
85.6
 31
0.0
100
AcDbText
 73
3
  0
TEXT
  5
4AD
330
17
100
AcDbEntity
  8
01-ANTET
100
AcDbText
 10
2211.0
 20
81.39999999999999
 30
0.0
 40
2.0
  1
DAYANAK
  7
TRKB
 11
2211.0
 21
81.39999999999999
 31
0.0
100
AcDbText
 73
3
  0
TEXT
  5
4AE
330
17
100
AcDbEntity
  8
01-ANTET
100
AcDbText
 10
2249.0
 20
81.39999999999999
 30
0.0
 40
2.0
  1
EKATY (R.G. 30.11.2000/24246), TEDAÞ þartnameleri
  7
TRK
 11
2249.0
 21
81.39999999999999
 31
0.0
100
AcDbText
 73
3
  0
TEXT
  5
4AF
330
17
100
AcDbEntity
  8
01-ANTET
100
AcDbText
 10
2211.0
 20
77.19999999999999
 30
0.0
 40
2.0
  1

  7
TRKB
 11
2211.0
 21
77.19999999999999
 31
0.0
100
AcDbText
 73
3
  0
TEXT
  5
4B0
330
17
100
AcDbEntity
  8
01-ANTET
100
AcDbText
 10
2249.0
 20
77.19999999999999
 30
0.0
 40
2.0
  1
Elektrik Tesisleri Proje Yönetmeliði, EMO esaslarý
  7
TRK
 11
2249.0
 21
77.19999999999999
 31
0.0
100
AcDbText
 73
3
  0
LINE
  5
4B1
330
17
100
AcDbEntity
  8
01-ANTET
100
AcDbLine
 10
2209.0
 20
73.59999999999998
 30
0.0
 11
2429.0
 21
73.59999999999998
 31
0.0
  0
LWPOLYLINE
  5
4B2
330
17
100
AcDbEntity
  8
01-ANTET
100
AcDbPolyline
 90
4
 70
1
 10
2209.0
 20
43.59999999999998
 10
2282.333333333333
 20
43.59999999999998
 10
2282.333333333333
 20
73.59999999999998
 10
2209.0
 20
73.59999999999998
  0
TEXT
  5
4B3
330
17
100
AcDbEntity
  8
01-ANTET
100
AcDbText
 10
2245.6666666666665
 20
71.09999999999998
 30
0.0
 40
2.0
  1
PROJEYÝ HAZIRLAYAN
  7
TRKB
 72
1
 11
2245.6666666666665
 21
71.09999999999998
 31
0.0
100
AcDbText
 73
3
  0
TEXT
  5
4B4
330
17
100
AcDbEntity
  8
01-ANTET
100
AcDbText
 10
2211.0
 20
64.59999999999998
 30
0.0
 40
1.9
  1
Adý Soyadý: ……………
  7
TRK
 11
2211.0
 21
64.59999999999998
 31
0.0
100
AcDbText
 73
3
  0
TEXT
  5
4B5
330
17
100
AcDbEntity
  8
01-ANTET
100
AcDbText
 10
2211.0
 20
59.59999999999998
 30
0.0
 40
1.9
  1
Elk. Müh. / EMO Sicil: ……
  7
TRK
 11
2211.0
 21
59.59999999999998
 31
0.0
100
AcDbText
 73
3
  0
TEXT
  5
4B6
330
17
100
AcDbEntity
  8
01-ANTET
100
AcDbText
 10
2211.0
 20
54.59999999999998
 30
0.0
 40
1.9
  1
Tarih: …/…/20…
  7
TRK
 11
2211.0
 21
54.59999999999998
 31
0.0
100
AcDbText
 73
3
  0
TEXT
  5
4B7
330
17
100
AcDbEntity
  8
01-ANTET
100
AcDbText
 10
2211.0
 20
49.59999999999998
 30
0.0
 40
1.9
  1
Ýmza:
  7
TRK
 11
2211.0
 21
49.59999999999998
 31
0.0
100
AcDbText
 73
3
  0
LWPOLYLINE
  5
4B8
330
17
100
AcDbEntity
  8
01-ANTET
100
AcDbPolyline
 90
4
 70
1
 10
2282.333333333333
 20
43.59999999999998
 10
2355.666666666667
 20
43.59999999999998
 10
2355.666666666667
 20
73.59999999999998
 10
2282.333333333333
 20
73.59999999999998
  0
TEXT
  5
4B9
330
17
100
AcDbEntity
  8
01-ANTET
100
AcDbText
 10
2319.0
 20
71.09999999999998
 30
0.0
 40
2.0
  1
KONTROL EDEN
  7
TRKB
 72
1
 11
2319.0
 21
71.09999999999998
 31
0.0
100
AcDbText
 73
3
  0
TEXT
  5
4BA
330
17
100
AcDbEntity
  8
01-ANTET
100
AcDbText
 10
2284.333333333333
 20
64.59999999999998
 30
0.0
 40
1.9
  1
Adý Soyadý: ……………
  7
TRK
 11
2284.333333333333
 21
64.59999999999998
 31
0.0
100
AcDbText
 73
3
  0
TEXT
  5
4BB
330
17
100
AcDbEntity
  8
01-ANTET
100
AcDbText
 10
2284.333333333333
 20
59.59999999999998
 30
0.0
 40
1.9
  1
Elk. Müh. / EMO Sicil: ……
  7
TRK
 11
2284.333333333333
 21
59.59999999999998
 31
0.0
100
AcDbText
 73
3
  0
TEXT
  5
4BC
330
17
100
AcDbEntity
  8
01-ANTET
100
AcDbText
 10
2284.333333333333
 20
54.59999999999998
 30
0.0
 40
1.9
  1
Tarih: …/…/20…
  7
TRK
 11
2284.333333333333
 21
54.59999999999998
 31
0.0
100
AcDbText
 73
3
  0
TEXT
  5
4BD
330
17
100
AcDbEntity
  8
01-ANTET
100
AcDbText
 10
2284.333333333333
 20
49.59999999999998
 30
0.0
 40
1.9
  1
Ýmza:
  7
TRK
 11
2284.333333333333
 21
49.59999999999998
 31
0.0
100
AcDbText
 73
3
  0
LWPOLYLINE
  5
4BE
330
17
100
AcDbEntity
  8
01-ANTET
100
AcDbPolyline
 90
4
 70
1
 10
2355.666666666667
 20
43.59999999999998
 10
2429.0
 20
43.59999999999998
 10
2429.0
 20
73.59999999999998
 10
2355.666666666667
 20
73.59999999999998
  0
TEXT
  5
4BF
330
17
100
AcDbEntity
  8
01-ANTET
100
AcDbText
 10
2392.3333333333335
 20
71.09999999999998
 30
0.0
 40
2.0
  1
ONAYLAYAN
  7
TRKB
 72
1
 11
2392.3333333333335
 21
71.09999999999998
 31
0.0
100
AcDbText
 73
3
  0
TEXT
  5
4C0
330
17
100
AcDbEntity
  8
01-ANTET
100
AcDbText
 10
2357.666666666667
 20
64.59999999999998
 30
0.0
 40
1.9
  1
Adý Soyadý: ……………
  7
TRK
 11
2357.666666666667
 21
64.59999999999998
 31
0.0
100
AcDbText
 73
3
  0
TEXT
  5
4C1
330
17
100
AcDbEntity
  8
01-ANTET
100
AcDbText
 10
2357.666666666667
 20
59.59999999999998
 30
0.0
 40
1.9
  1
Elk. Müh. / EMO Sicil: ……
  7
TRK
 11
2357.666666666667
 21
59.59999999999998
 31
0.0
100
AcDbText
 73
3
  0
TEXT
  5
4C2
330
17
100
AcDbEntity
  8
01-ANTET
100
AcDbText
 10
2357.666666666667
 20
54.59999999999998
 30
0.0
 40
1.9
  1
Tarih: …/…/20…
  7
TRK
 11
2357.666666666667
 21
54.59999999999998
 31
0.0
100
AcDbText
 73
3
  0
TEXT
  5
4C3
330
17
100
AcDbEntity
  8
01-ANTET
100
AcDbText
 10
2357.666666666667
 20
49.59999999999998
 30
0.0
 40
1.9
  1
Ýmza:
  7
TRK
 11
2357.666666666667
 21
49.59999999999998
 31
0.0
100
AcDbText
 73
3
  0
LINE
  5
4C4
330
17
100
AcDbEntity
  8
01-ANTET
100
AcDbLine
 10
2209.0
 20
43.59999999999998
 30
0.0
 11
2429.0
 21
43.59999999999998
 31
0.0
  0
TEXT
  5
4C5
330
17
100
AcDbEntity
  8
01-ANTET
100
AcDbText
 10
2211.0
 20
40.59999999999998
 30
0.0
 40
2.2
  1
ÖLÇEK: -
  7
TRKB
 11
2211.0
 21
40.59999999999998
 31
0.0
100
AcDbText
 73
3
  0
TEXT
  5
4C6
330
17
100
AcDbEntity
  8
01-ANTET
100
AcDbText
 10
2211.0
 20
35.59999999999998
 30
0.0
 40
2.2
  1
TARÝH: 10/2026
  7
TRK
 11
2211.0
 21
35.59999999999998
 31
0.0
100
AcDbText
 73
3
  0
TEXT
  5
4C7
330
17
100
AcDbEntity
  8
01-ANTET
100
AcDbText
 10
2211.0
 20
30.59999999999998
 30
0.0
 40
2.2
  1
REV: 0
  7
TRK
 11
2211.0
 21
30.59999999999998
 31
0.0
100
AcDbText
 73
3
  0
TEXT
  5
4C8
330
17
100
AcDbEntity
  8
01-ANTET
100
AcDbText
 10
2427.0
 20
40.59999999999998
 30
0.0
 40
3.2
  1
PAFTA NO: 2 / 2
  7
TRKB
 72
2
 11
2427.0
 21
40.59999999999998
 31
0.0
100
AcDbText
 73
3
  0
TEXT
  5
4C9
330
17
100
AcDbEntity
  8
01-ANTET
100
AcDbText
 10
2427.0
 20
34.59999999999998
 30
0.0
 40
2.0
  1
A0 (1189x841)
  7
TRK
 72
2
 11
2427.0
 21
34.59999999999998
 31
0.0
100
AcDbText
 73
3
  0
TEXT
  5
4CA
330
17
100
AcDbEntity
  8
02-BASLIK
100
AcDbText
 10
1280.0
 20
818.0
 30
0.0
 40
5.0
  1
34,5 kV 3x3/0 AWG (PIGEON) OG + 0,4 kV AER 3x95+70 mm² AG MÜÞTEREK DEMÝR DÝREKLÝ HAVA HATTI
  7
TRKB
 11
1280.0
 21
818.0
 31
0.0
100
AcDbText
  0
TEXT
  5
4CB
330
17
100
AcDbEntity
  8
02-BASLIK
100
AcDbText
 10
1280.0
 20
811.0
 30
0.0
 40
3.2
  1
MEKANÝK HESAPLAR VE MALZEME KEÞÝF CETVELÝ
  7
TRK
 11
1280.0
 21
811.0
 31
0.0
100
AcDbText
  0
TEXT
  5
4CC
330
17
100
AcDbEntity
  8
02-BASLIK
100
AcDbText
 10
1280.0
 20
800.0
 30
0.0
 40
4.0
  1
MALZEME VE ÝÞ KEÞÝF CETVELÝ
  7
TRKB
 11
1280.0
 21
800.0
 31
0.0
100
AcDbText
 73
1
  0
LWPOLYLINE
  5
4CD
330
17
100
AcDbEntity
  8
43-TABLO-CERCEVE
100
AcDbPolyline
 90
4
 70
1
 10
1280.0
 20
788.5
 10
1646.0
 20
788.5
 10
1646.0
 20
798.0
 10
1280.0
 20
798.0
  0
LINE
  5
4CE
330
17
100
AcDbEntity
  8
43-TABLO-CERCEVE
100
AcDbLine
 10
1280.0
 20
789.3
 30
0.0
 11
1646.0
 21
789.3
 31
0.0
  0
TEXT
  5
4CF
330
17
100
AcDbEntity
  8
42-TABLO
100
AcDbText
 10
1284.5
 20
794.8249999999999
 30
0.0
 40
2.05
  1
S.
  7
TRKB
 72
1
 11
1284.5
 21
794.8249999999999
 31
0.0
100
AcDbText
 73
2
  0
TEXT
  5
4D0
330
17
100
AcDbEntity
  8
42-TABLO
100
AcDbText
 10
1284.5
 20
791.675
 30
0.0
 40
2.05
  1
No
  7
TRKB
 72
1
 11
1284.5
 21
791.675
 31
0.0
100
AcDbText
 73
2
  0
LINE
  5
4D1
330
17
100
AcDbEntity
  8
43-TABLO-CERCEVE
100
AcDbLine
 10
1289.0
 20
798.0
 30
0.0
 11
1289.0
 21
788.5
 31
0.0
  0
TEXT
  5
4D2
330
17
100
AcDbEntity
  8
42-TABLO
100
AcDbText
 10
1298.0
 20
794.8249999999999
 30
0.0
 40
2.05
  1
TEDAÞ
  7
TRKB
 72
1
 11
1298.0
 21
794.8249999999999
 31
0.0
100
AcDbText
 73
2
  0
TEXT
  5
4D3
330
17
100
AcDbEntity
  8
42-TABLO
100
AcDbText
 10
1298.0
 20
791.675
 30
0.0
 40
2.05
  1
Poz No
  7
TRKB
 72
1
 11
1298.0
 21
791.675
 31
0.0
100
AcDbText
 73
2
  0
LINE
  5
4D4
330
17
100
AcDbEntity
  8
43-TABLO-CERCEVE
100
AcDbLine
 10
1307.0
 20
798.0
 30
0.0
 11
1307.0
 21
788.5
 31
0.0
  0
TEXT
  5
4D5
330
17
100
AcDbEntity
  8
42-TABLO
100
AcDbText
 10
1396.0
 20
793.25
 30
0.0
 40
2.05
  1
Malzeme / Ýþ Tanýmý
  7
TRKB
 72
1
 11
1396.0
 21
793.25
 31
0.0
100
AcDbText
 73
2
  0
LINE
  5
4D6
330
17
100
AcDbEntity
  8
43-TABLO-CERCEVE
100
AcDbLine
 10
1485.0
 20
798.0
 30
0.0
 11
1485.0
 21
788.5
 31
0.0
  0
TEXT
  5
4D7
330
17
100
AcDbEntity
  8
42-TABLO
100
AcDbText
 10
1491.0
 20
793.25
 30
0.0
 40
2.05
  1
Birim
  7
TRKB
 72
1
 11
1491.0
 21
793.25
 31
0.0
100
AcDbText
 73
2
  0
LINE
  5
4D8
330
17
100
AcDbEntity
  8
43-TABLO-CERCEVE
100
AcDbLine
 10
1497.0
 20
798.0
 30
0.0
 11
1497.0
 21
788.5
 31
0.0
  0
TEXT
  5
4D9
330
17
100
AcDbEntity
  8
42-TABLO
100
AcDbText
 10
1502.5
 20
793.25
 30
0.0
 40
2.05
  1
D1
  7
TRKB
 72
1
 11
1502.5
 21
793.25
 31
0.0
100
AcDbText
 73
2
  0
LINE
  5
4DA
330
17
100
AcDbEntity
  8
43-TABLO-CERCEVE
100
AcDbLine
 10
1508.0
 20
798.0
 30
0.0
 11
1508.0
 21
788.5
 31
0.0
  0
TEXT
  5
4DB
330
17
100
AcDbEntity
  8
42-TABLO
100
AcDbText
 10
1513.5
 20
793.25
 30
0.0
 40
2.05
  1
D2
  7
TRKB
 72
1
 11
1513.5
 21
793.25
 31
0.0
100
AcDbText
 73
2
  0
LINE
  5
4DC
330
17
100
AcDbEntity
  8
43-TABLO-CERCEVE
100
AcDbLine
 10
1519.0
 20
798.0
 30
0.0
 11
1519.0
 21
788.5
 31
0.0
  0
TEXT
  5
4DD
330
17
100
AcDbEntity
  8
42-TABLO
100
AcDbText
 10
1524.5
 20
793.25
 30
0.0
 40
2.05
  1
D3
  7
TRKB
 72
1
 11
1524.5
 21
793.25
 31
0.0
100
AcDbText
 73
2
  0
LINE
  5
4DE
330
17
100
AcDbEntity
  8
43-TABLO-CERCEVE
100
AcDbLine
 10
1530.0
 20
798.0
 30
0.0
 11
1530.0
 21
788.5
 31
0.0
  0
TEXT
  5
4DF
330
17
100
AcDbEntity
  8
42-TABLO
100
AcDbText
 10
1535.5
 20
793.25
 30
0.0
 40
2.05
  1
D4
  7
TRKB
 72
1
 11
1535.5
 21
793.25
 31
0.0
100
AcDbText
 73
2
  0
LINE
  5
4E0
330
17
100
AcDbEntity
  8
43-TABLO-CERCEVE
100
AcDbLine
 10
1541.0
 20
798.0
 30
0.0
 11
1541.0
 21
788.5
 31
0.0
  0
TEXT
  5
4E1
330
17
100
AcDbEntity
  8
42-TABLO
100
AcDbText
 10
1546.5
 20
793.25
 30
0.0
 40
2.05
  1
D5
  7
TRKB
 72
1
 11
1546.5
 21
793.25
 31
0.0
100
AcDbText
 73
2
  0
LINE
  5
4E2
330
17
100
AcDbEntity
  8
43-TABLO-CERCEVE
100
AcDbLine
 10
1552.0
 20
798.0
 30
0.0
 11
1552.0
 21
788.5
 31
0.0
  0
TEXT
  5
4E3
330
17
100
AcDbEntity
  8
42-TABLO
100
AcDbText
 10
1557.5
 20
793.25
 30
0.0
 40
2.05
  1
D6
  7
TRKB
 72
1
 11
1557.5
 21
793.25
 31
0.0
100
AcDbText
 73
2
  0
LINE
  5
4E4
330
17
100
AcDbEntity
  8
43-TABLO-CERCEVE
100
AcDbLine
 10
1563.0
 20
798.0
 30
0.0
 11
1563.0
 21
788.5
 31
0.0
  0
TEXT
  5
4E5
330
17
100
AcDbEntity
  8
42-TABLO
100
AcDbText
 10
1568.5
 20
793.25
 30
0.0
 40
2.05
  1
M
  7
TRKB
 72
1
 11
1568.5
 21
793.25
 31
0.0
100
AcDbText
 73
2
  0
LINE
  5
4E6
330
17
100
AcDbEntity
  8
43-TABLO-CERCEVE
100
AcDbLine
 10
1574.0
 20
798.0
 30
0.0
 11
1574.0
 21
788.5
 31
0.0
  0
TEXT
  5
4E7
330
17
100
AcDbEntity
  8
42-TABLO
100
AcDbText
 10
1581.0
 20
793.25
 30
0.0
 40
2.05
  1
Hat
  7
TRKB
 72
1
 11
1581.0
 21
793.25
 31
0.0
100
AcDbText
 73
2
  0
LINE
  5
4E8
330
17
100
AcDbEntity
  8
43-TABLO-CERCEVE
100
AcDbLine
 10
1588.0
 20
798.0
 30
0.0
 11
1588.0
 21
788.5
 31
0.0
  0
TEXT
  5
4E9
330
17
100
AcDbEntity
  8
42-TABLO
100
AcDbText
 10
1596.0
 20
793.25
 30
0.0
 40
2.05
  1
TOPLAM
  7
TRKB
 72
1
 11
1596.0
 21
793.25
 31
0.0
100
AcDbText
 73
2
  0
LINE
  5
4EA
330
17
100
AcDbEntity
  8
43-TABLO-CERCEVE
100
AcDbLine
 10
1604.0
 20
798.0
 30
0.0
 11
1604.0
 21
788.5
 31
0.0
  0
TEXT
  5
4EB
330
17
100
AcDbEntity
  8
42-TABLO
100
AcDbText
 10
1614.0
 20
794.8249999999999
 30
0.0
 40
2.05
  1
Birim
  7
TRKB
 72
1
 11
1614.0
 21
794.8249999999999
 31
0.0
100
AcDbText
 73
2
  0
TEXT
  5
4EC
330
17
100
AcDbEntity
  8
42-TABLO
100
AcDbText
 10
1614.0
 20
791.675
 30
0.0
 40
2.05
  1
Fiyat (TL)
  7
TRKB
 72
1
 11
1614.0
 21
791.675
 31
0.0
100
AcDbText
 73
2
  0
LINE
  5
4ED
330
17
100
AcDbEntity
  8
43-TABLO-CERCEVE
100
AcDbLine
 10
1624.0
 20
798.0
 30
0.0
 11
1624.0
 21
788.5
 31
0.0
  0
TEXT
  5
4EE
330
17
100
AcDbEntity
  8
42-TABLO
100
AcDbText
 10
1635.0
 20
794.8249999999999
 30
0.0
 40
2.05
  1
Tutar
  7
TRKB
 72
1
 11
1635.0
 21
794.8249999999999
 31
0.0
100
AcDbText
 73
2
  0
TEXT
  5
4EF
330
17
100
AcDbEntity
  8
42-TABLO
100
AcDbText
 10
1635.0
 20
791.675
 30
0.0
 40
2.05
  1
(TL)
  7
TRKB
 72
1
 11
1635.0
 21
791.675
 31
0.0
100
AcDbText
 73
2
  0
LINE
  5
4F0
330
17
100
AcDbEntity
  8
43-TABLO-CERCEVE
100
AcDbLine
 10
1646.0
 20
798.0
 30
0.0
 11
1646.0
 21
788.5
 31
0.0
  0
LWPOLYLINE
  5
4F1
330
17
100
AcDbEntity
  8
43-TABLO-CERCEVE
100
AcDbPolyline
 90
4
 70
1
 10
1280.0
 20
781.8
 10
1646.0
 20
781.8
 10
1646.0
 20
788.5
 10
1280.0
 20
788.5
  0
TEXT
  5
4F2
330
17
100
AcDbEntity
  8
42-TABLO
100
AcDbText
 10
1282.0
 20
785.15
 30
0.0
 40
2.214
  1
A. DÝREKLER VE TRAVERSLER
  7
TRKB
 11
1282.0
 21
785.15
 31
0.0
100
AcDbText
 73
2
  0
TEXT
  5
4F3
330
17
100
AcDbEntity
  8
42-TABLO
100
AcDbText
 10
1284.5
 20
778.4499999999999
 30
0.0
 40
2.05
  1
1
  7
TRK
 72
1
 11
1284.5
 21
778.4499999999999
 31
0.0
100
AcDbText
 73
2
  0
LINE
  5
4F4
330
17
100
AcDbEntity
  8
42-TABLO
100
AcDbLine
 10
1289.0
 20
781.8
 30
0.0
 11
1289.0
 21
775.0999999999999
 31
0.0
  0
TEXT
  5
4F5
330
17
100
AcDbEntity
  8
42-TABLO
100
AcDbText
 10
1298.0
 20
778.4499999999999
 30
0.0
 40
2.05
  1

  7
TRK
 72
1
 11
1298.0
 21
778.4499999999999
 31
0.0
100
AcDbText
 73
2
  0
LINE
  5
4F6
330
17
100
AcDbEntity
  8
42-TABLO
100
AcDbLine
 10
1307.0
 20
781.8
 30
0.0
 11
1307.0
 21
775.0999999999999
 31
0.0
  0
TEXT
  5
4F7
330
17
100
AcDbEntity
  8
42-TABLO
100
AcDbText
 10
1308.2
 20
778.4499999999999
 30
0.0
 40
2.05
  1
Galvanizli kafes demir direk, TEDAÞ müþterek (a=50 m) K5'' tipi, III. buz bölgesi (tam boy 12,03 m, 959,77 kg/ad)
  7
TRK
 11
1308.2
 21
778.4499999999999
 31
0.0
100
AcDbText
 73
2
  0
LINE
  5
4F8
330
17
100
AcDbEntity
  8
42-TABLO
100
AcDbLine
 10
1485.0
 20
781.8
 30
0.0
 11
1485.0
 21
775.0999999999999
 31
0.0
  0
TEXT
  5
4F9
330
17
100
AcDbEntity
  8
42-TABLO
100
AcDbText
 10
1491.0
 20
778.4499999999999
 30
0.0
 40
2.05
  1
Adet
  7
TRK
 72
1
 11
1491.0
 21
778.4499999999999
 31
0.0
100
AcDbText
 73
2
  0
LINE
  5
4FA
330
17
100
AcDbEntity
  8
42-TABLO
100
AcDbLine
 10
1497.0
 20
781.8
 30
0.0
 11
1497.0
 21
775.0999999999999
 31
0.0
  0
TEXT
  5
4FB
330
17
100
AcDbEntity
  8
42-TABLO
100
AcDbText
 10
1502.5
 20
778.4499999999999
 30
0.0
 40
2.05
  1
1
  7
TRK
 72
1
 11
1502.5
 21
778.4499999999999
 31
0.0
100
AcDbText
 73
2
  0
LINE
  5
4FC
330
17
100
AcDbEntity
  8
42-TABLO
100
AcDbLine
 10
1508.0
 20
781.8
 30
0.0
 11
1508.0
 21
775.0999999999999
 31
0.0
  0
TEXT
  5
4FD
330
17
100
AcDbEntity
  8
42-TABLO
100
AcDbText
 10
1513.5
 20
778.4499999999999
 30
0.0
 40
2.05
  1
1
  7
TRK
 72
1
 11
1513.5
 21
778.4499999999999
 31
0.0
100
AcDbText
 73
2
  0
LINE
  5
4FE
330
17
100
AcDbEntity
  8
42-TABLO
100
AcDbLine
 10
1519.0
 20
781.8
 30
0.0
 11
1519.0
 21
775.0999999999999
 31
0.0
  0
TEXT
  5
4FF
330
17
100
AcDbEntity
  8
42-TABLO
100
AcDbText
 10
1524.5
 20
778.4499999999999
 30
0.0
 40
2.05
  1

  7
TRK
 72
1
 11
1524.5
 21
778.4499999999999
 31
0.0
100
AcDbText
 73
2
  0
LINE
  5
500
330
17
100
AcDbEntity
  8
42-TABLO
100
AcDbLine
 10
1530.0
 20
781.8
 30
0.0
 11
1530.0
 21
775.0999999999999
 31
0.0
  0
TEXT
  5
501
330
17
100
AcDbEntity
  8
42-TABLO
100
AcDbText
 10
1535.5
 20
778.4499999999999
 30
0.0
 40
2.05
  1

  7
TRK
 72
1
 11
1535.5
 21
778.4499999999999
 31
0.0
100
AcDbText
 73
2
  0
LINE
  5
502
330
17
100
AcDbEntity
  8
42-TABLO
100
AcDbLine
 10
1541.0
 20
781.8
 30
0.0
 11
1541.0
 21
775.0999999999999
 31
0.0
  0
TEXT
  5
503
330
17
100
AcDbEntity
  8
42-TABLO
100
AcDbText
 10
1546.5
 20
778.4499999999999
 30
0.0
 40
2.05
  1
1
  7
TRK
 72
1
 11
1546.5
 21
778.4499999999999
 31
0.0
100
AcDbText
 73
2
  0
LINE
  5
504
330
17
100
AcDbEntity
  8
42-TABLO
100
AcDbLine
 10
1552.0
 20
781.8
 30
0.0
 11
1552.0
 21
775.0999999999999
 31
0.0
  0
TEXT
  5
505
330
17
100
AcDbEntity
  8
42-TABLO
100
AcDbText
 10
1557.5
 20
778.4499999999999
 30
0.0
 40
2.05
  1

  7
TRK
 72
1
 11
1557.5
 21
778.4499999999999
 31
0.0
100
AcDbText
 73
2
  0
LINE
  5
506
330
17
100
AcDbEntity
  8
42-TABLO
100
AcDbLine
 10
1563.0
 20
781.8
 30
0.0
 11
1563.0
 21
775.0999999999999
 31
0.0
  0
TEXT
  5
507
330
17
100
AcDbEntity
  8
42-TABLO
100
AcDbText
 10
1568.5
 20
778.4499999999999
 30
0.0
 40
2.05
  1

  7
TRK
 72
1
 11
1568.5
 21
778.4499999999999
 31
0.0
100
AcDbText
 73
2
  0
LINE
  5
508
330
17
100
AcDbEntity
  8
42-TABLO
100
AcDbLine
 10
1574.0
 20
781.8
 30
0.0
 11
1574.0
 21
775.0999999999999
 31
0.0
  0
TEXT
  5
509
330
17
100
AcDbEntity
  8
42-TABLO
100
AcDbText
 10
1581.0
 20
778.4499999999999
 30
0.0
 40
2.05
  1

  7
TRK
 72
1
 11
1581.0
 21
778.4499999999999
 31
0.0
100
AcDbText
 73
2
  0
LINE
  5
50A
330
17
100
AcDbEntity
  8
42-TABLO
100
AcDbLine
 10
1588.0
 20
781.8
 30
0.0
 11
1588.0
 21
775.0999999999999
 31
0.0
  0
TEXT
  5
50B
330
17
100
AcDbEntity
  8
42-TABLO
100
AcDbText
 10
1602.8
 20
778.4499999999999
 30
0.0
 40
2.05
  1
3
  7
TRK
 72
2
 11
1602.8
 21
778.4499999999999
 31
0.0
100
AcDbText
 73
2
  0
LINE
  5
50C
330
17
100
AcDbEntity
  8
42-TABLO
100
AcDbLine
 10
1604.0
 20
781.8
 30
0.0
 11
1604.0
 21
775.0999999999999
 31
0.0
  0
TEXT
  5
50D
330
17
100
AcDbEntity
  8
42-TABLO
100
AcDbText
 10
1622.8
 20
778.4499999999999
 30
0.0
 40
2.05
  1

  7
TRK
 72
2
 11
1622.8
 21
778.4499999999999
 31
0.0
100
AcDbText
 73
2
  0
LINE
  5
50E
330
17
100
AcDbEntity
  8
42-TABLO
100
AcDbLine
 10
1624.0
 20
781.8
 30
0.0
 11
1624.0
 21
775.0999999999999
 31
0.0
  0
TEXT
  5
50F
330
17
100
AcDbEntity
  8
42-TABLO
100
AcDbText
 10
1644.8
 20
778.4499999999999
 30
0.0
 40
2.05
  1

  7
TRK
 72
2
 11
1644.8
 21
778.4499999999999
 31
0.0
100
AcDbText
 73
2
  0
LINE
  5
510
330
17
100
AcDbEntity
  8
42-TABLO
100
AcDbLine
 10
1646.0
 20
781.8
 30
0.0
 11
1646.0
 21
775.0999999999999
 31
0.0
  0
LINE
  5
511
330
17
100
AcDbEntity
  8
42-TABLO
100
AcDbLine
 10
1280.0
 20
775.0999999999999
 30
0.0
 11
1646.0
 21
775.0999999999999
 31
0.0
  0
TEXT
  5
512
330
17
100
AcDbEntity
  8
42-TABLO
100
AcDbText
 10
1284.5
 20
771.7499999999999
 30
0.0
 40
2.05
  1
2
  7
TRK
 72
1
 11
1284.5
 21
771.7499999999999
 31
0.0
100
AcDbText
 73
2
  0
LINE
  5
513
330
17
100
AcDbEntity
  8
42-TABLO
100
AcDbLine
 10
1289.0
 20
775.0999999999999
 30
0.0
 11
1289.0
 21
768.3999999999999
 31
0.0
  0
TEXT
  5
514
330
17
100
AcDbEntity
  8
42-TABLO
100
AcDbText
 10
1298.0
 20
771.7499999999999
 30
0.0
 40
2.05
  1

  7
TRK
 72
1
 11
1298.0
 21
771.7499999999999
 31
0.0
100
AcDbText
 73
2
  0
LINE
  5
515
330
17
100
AcDbEntity
  8
42-TABLO
100
AcDbLine
 10
1307.0
 20
775.0999999999999
 30
0.0
 11
1307.0
 21
768.3999999999999
 31
0.0
  0
TEXT
  5
516
330
17
100
AcDbEntity
  8
42-TABLO
100
AcDbText
 10
1308.2
 20
771.7499999999999
 30
0.0
 40
2.05
  1
Galvanizli kafes demir direk, TEDAÞ müþterek (a=50 m) K4'' tipi, III. buz bölgesi (tam boy 11,93 m, 783,54 kg/ad)
  7
TRK
 11
1308.2
 21
771.7499999999999
 31
0.0
100
AcDbText
 73
2
  0
LINE
  5
517
330
17
100
AcDbEntity
  8
42-TABLO
100
AcDbLine
 10
1485.0
 20
775.0999999999999
 30
0.0
 11
1485.0
 21
768.3999999999999
 31
0.0
  0
TEXT
  5
518
330
17
100
AcDbEntity
  8
42-TABLO
100
AcDbText
 10
1491.0
 20
771.7499999999999
 30
0.0
 40
2.05
  1
Adet
  7
TRK
 72
1
 11
1491.0
 21
771.7499999999999
 31
0.0
100
AcDbText
 73
2
  0
LINE
  5
519
330
17
100
AcDbEntity
  8
42-TABLO
100
AcDbLine
 10
1497.0
 20
775.0999999999999
 30
0.0
 11
1497.0
 21
768.3999999999999
 31
0.0
  0
TEXT
  5
51A
330
17
100
AcDbEntity
  8
42-TABLO
100
AcDbText
 10
1502.5
 20
771.7499999999999
 30
0.0
 40
2.05
  1

  7
TRK
 72
1
 11
1502.5
 21
771.7499999999999
 31
0.0
100
AcDbText
 73
2
  0
LINE
  5
51B
330
17
100
AcDbEntity
  8
42-TABLO
100
AcDbLine
 10
1508.0
 20
775.0999999999999
 30
0.0
 11
1508.0
 21
768.3999999999999
 31
0.0
  0
TEXT
  5
51C
330
17
100
AcDbEntity
  8
42-TABLO
100
AcDbText
 10
1513.5
 20
771.7499999999999
 30
0.0
 40
2.05
  1

  7
TRK
 72
1
 11
1513.5
 21
771.7499999999999
 31
0.0
100
AcDbText
 73
2
  0
LINE
  5
51D
330
17
100
AcDbEntity
  8
42-TABLO
100
AcDbLine
 10
1519.0
 20
775.0999999999999
 30
0.0
 11
1519.0
 21
768.3999999999999
 31
0.0
  0
TEXT
  5
51E
330
17
100
AcDbEntity
  8
42-TABLO
100
AcDbText
 10
1524.5
 20
771.7499999999999
 30
0.0
 40
2.05
  1

  7
TRK
 72
1
 11
1524.5
 21
771.7499999999999
 31
0.0
100
AcDbText
 73
2
  0
LINE
  5
51F
330
17
100
AcDbEntity
  8
42-TABLO
100
AcDbLine
 10
1530.0
 20
775.0999999999999
 30
0.0
 11
1530.0
 21
768.3999999999999
 31
0.0
  0
TEXT
  5
520
330
17
100
AcDbEntity
  8
42-TABLO
100
AcDbText
 10
1535.5
 20
771.7499999999999
 30
0.0
 40
2.05
  1

  7
TRK
 72
1
 11
1535.5
 21
771.7499999999999
 31
0.0
100
AcDbText
 73
2
  0
LINE
  5
521
330
17
100
AcDbEntity
  8
42-TABLO
100
AcDbLine
 10
1541.0
 20
775.0999999999999
 30
0.0
 11
1541.0
 21
768.3999999999999
 31
0.0
  0
TEXT
  5
522
330
17
100
AcDbEntity
  8
42-TABLO
100
AcDbText
 10
1546.5
 20
771.7499999999999
 30
0.0
 40
2.05
  1

  7
TRK
 72
1
 11
1546.5
 21
771.7499999999999
 31
0.0
100
AcDbText
 73
2
  0
LINE
  5
523
330
17
100
AcDbEntity
  8
42-TABLO
100
AcDbLine
 10
1552.0
 20
775.0999999999999
 30
0.0
 11
1552.0
 21
768.3999999999999
 31
0.0
  0
TEXT
  5
524
330
17
100
AcDbEntity
  8
42-TABLO
100
AcDbText
 10
1557.5
 20
771.7499999999999
 30
0.0
 40
2.05
  1
1
  7
TRK
 72
1
 11
1557.5
 21
771.7499999999999
 31
0.0
100
AcDbText
 73
2
  0
LINE
  5
525
330
17
100
AcDbEntity
  8
42-TABLO
100
AcDbLine
 10
1563.0
 20
775.0999999999999
 30
0.0
 11
1563.0
 21
768.3999999999999
 31
0.0
  0
TEXT
  5
526
330
17
100
AcDbEntity
  8
42-TABLO
100
AcDbText
 10
1568.5
 20
771.7499999999999
 30
0.0
 40
2.05
  1

  7
TRK
 72
1
 11
1568.5
 21
771.7499999999999
 31
0.0
100
AcDbText
 73
2
  0
LINE
  5
527
330
17
100
AcDbEntity
  8
42-TABLO
100
AcDbLine
 10
1574.0
 20
775.0999999999999
 30
0.0
 11
1574.0
 21
768.3999999999999
 31
0.0
  0
TEXT
  5
528
330
17
100
AcDbEntity
  8
42-TABLO
100
AcDbText
 10
1581.0
 20
771.7499999999999
 30
0.0
 40
2.05
  1

  7
TRK
 72
1
 11
1581.0
 21
771.7499999999999
 31
0.0
100
AcDbText
 73
2
  0
LINE
  5
529
330
17
100
AcDbEntity
  8
42-TABLO
100
AcDbLine
 10
1588.0
 20
775.0999999999999
 30
0.0
 11
1588.0
 21
768.3999999999999
 31
0.0
  0
TEXT
  5
52A
330
17
100
AcDbEntity
  8
42-TABLO
100
AcDbText
 10
1602.8
 20
771.7499999999999
 30
0.0
 40
2.05
  1
1
  7
TRK
 72
2
 11
1602.8
 21
771.7499999999999
 31
0.0
100
AcDbText
 73
2
  0
LINE
  5
52B
330
17
100
AcDbEntity
  8
42-TABLO
100
AcDbLine
 10
1604.0
 20
775.0999999999999
 30
0.0
 11
1604.0
 21
768.3999999999999
 31
0.0
  0
TEXT
  5
52C
330
17
100
AcDbEntity
  8
42-TABLO
100
AcDbText
 10
1622.8
 20
771.7499999999999
 30
0.0
 40
2.05
  1

  7
TRK
 72
2
 11
1622.8
 21
771.7499999999999
 31
0.0
100
AcDbText
 73
2
  0
LINE
  5
52D
330
17
100
AcDbEntity
  8
42-TABLO
100
AcDbLine
 10
1624.0
 20
775.0999999999999
 30
0.0
 11
1624.0
 21
768.3999999999999
 31
0.0
  0
TEXT
  5
52E
330
17
100
AcDbEntity
  8
42-TABLO
100
AcDbText
 10
1644.8
 20
771.7499999999999
 30
0.0
 40
2.05
  1

  7
TRK
 72
2
 11
1644.8
 21
771.7499999999999
 31
0.0
100
AcDbText
 73
2
  0
LINE
  5
52F
330
17
100
AcDbEntity
  8
42-TABLO
100
AcDbLine
 10
1646.0
 20
775.0999999999999
 30
0.0
 11
1646.0
 21
768.3999999999999
 31
0.0
  0
LINE
  5
530
330
17
100
AcDbEntity
  8
42-TABLO
100
AcDbLine
 10
1280.0
 20
768.3999999999999
 30
0.0
 11
1646.0
 21
768.3999999999999
 31
0.0
  0
TEXT
  5
531
330
17
100
AcDbEntity
  8
42-TABLO
100
AcDbText
 10
1284.5
 20
765.0499999999998
 30
0.0
 40
2.05
  1
3
  7
TRK
 72
1
 11
1284.5
 21
765.0499999999998
 31
0.0
100
AcDbText
 73
2
  0
LINE
  5
532
330
17
100
AcDbEntity
  8
42-TABLO
100
AcDbLine
 10
1289.0
 20
768.3999999999999
 30
0.0
 11
1289.0
 21
761.6999999999998
 31
0.0
  0
TEXT
  5
533
330
17
100
AcDbEntity
  8
42-TABLO
100
AcDbText
 10
1298.0
 20
765.0499999999998
 30
0.0
 40
2.05
  1

  7
TRK
 72
1
 11
1298.0
 21
765.0499999999998
 31
0.0
100
AcDbText
 73
2
  0
LINE
  5
534
330
17
100
AcDbEntity
  8
42-TABLO
100
AcDbLine
 10
1307.0
 20
768.3999999999999
 30
0.0
 11
1307.0
 21
761.6999999999998
 31
0.0
  0
TEXT
  5
535
330
17
100
AcDbEntity
  8
42-TABLO
100
AcDbText
 10
1308.2
 20
765.0499999999998
 30
0.0
 40
2.05
  1
Galvanizli kafes demir direk, TEDAÞ müþterek (a=50 m) 12U'' tipi, III. buz bölgesi (tam boy 11,63 m, 361,85 kg/ad)
  7
TRK
 11
1308.2
 21
765.0499999999998
 31
0.0
100
AcDbText
 73
2
  0
LINE
  5
536
330
17
100
AcDbEntity
  8
42-TABLO
100
AcDbLine
 10
1485.0
 20
768.3999999999999
 30
0.0
 11
1485.0
 21
761.6999999999998
 31
0.0
  0
TEXT
  5
537
330
17
100
AcDbEntity
  8
42-TABLO
100
AcDbText
 10
1491.0
 20
765.0499999999998
 30
0.0
 40
2.05
  1
Adet
  7
TRK
 72
1
 11
1491.0
 21
765.0499999999998
 31
0.0
100
AcDbText
 73
2
  0
LINE
  5
538
330
17
100
AcDbEntity
  8
42-TABLO
100
AcDbLine
 10
1497.0
 20
768.3999999999999
 30
0.0
 11
1497.0
 21
761.6999999999998
 31
0.0
  0
TEXT
  5
539
330
17
100
AcDbEntity
  8
42-TABLO
100
AcDbText
 10
1502.5
 20
765.0499999999998
 30
0.0
 40
2.05
  1

  7
TRK
 72
1
 11
1502.5
 21
765.0499999999998
 31
0.0
100
AcDbText
 73
2
  0
LINE
  5
53A
330
17
100
AcDbEntity
  8
42-TABLO
100
AcDbLine
 10
1508.0
 20
768.3999999999999
 30
0.0
 11
1508.0
 21
761.6999999999998
 31
0.0
  0
TEXT
  5
53B
330
17
100
AcDbEntity
  8
42-TABLO
100
AcDbText
 10
1513.5
 20
765.0499999999998
 30
0.0
 40
2.05
  1

  7
TRK
 72
1
 11
1513.5
 21
765.0499999999998
 31
0.0
100
AcDbText
 73
2
  0
LINE
  5
53C
330
17
100
AcDbEntity
  8
42-TABLO
100
AcDbLine
 10
1519.0
 20
768.3999999999999
 30
0.0
 11
1519.0
 21
761.6999999999998
 31
0.0
  0
TEXT
  5
53D
330
17
100
AcDbEntity
  8
42-TABLO
100
AcDbText
 10
1524.5
 20
765.0499999999998
 30
0.0
 40
2.05
  1
1
  7
TRK
 72
1
 11
1524.5
 21
765.0499999999998
 31
0.0
100
AcDbText
 73
2
  0
LINE
  5
53E
330
17
100
AcDbEntity
  8
42-TABLO
100
AcDbLine
 10
1530.0
 20
768.3999999999999
 30
0.0
 11
1530.0
 21
761.6999999999998
 31
0.0
  0
TEXT
  5
53F
330
17
100
AcDbEntity
  8
42-TABLO
100
AcDbText
 10
1535.5
 20
765.0499999999998
 30
0.0
 40
2.05
  1
1
  7
TRK
 72
1
 11
1535.5
 21
765.0499999999998
 31
0.0
100
AcDbText
 73
2
  0
LINE
  5
540
330
17
100
AcDbEntity
  8
42-TABLO
100
AcDbLine
 10
1541.0
 20
768.3999999999999
 30
0.0
 11
1541.0
 21
761.6999999999998
 31
0.0
  0
TEXT
  5
541
330
17
100
AcDbEntity
  8
42-TABLO
100
AcDbText
 10
1546.5
 20
765.0499999999998
 30
0.0
 40
2.05
  1

  7
TRK
 72
1
 11
1546.5
 21
765.0499999999998
 31
0.0
100
AcDbText
 73
2
  0
LINE
  5
542
330
17
100
AcDbEntity
  8
42-TABLO
100
AcDbLine
 10
1552.0
 20
768.3999999999999
 30
0.0
 11
1552.0
 21
761.6999999999998
 31
0.0
  0
TEXT
  5
543
330
17
100
AcDbEntity
  8
42-TABLO
100
AcDbText
 10
1557.5
 20
765.0499999999998
 30
0.0
 40
2.05
  1

  7
TRK
 72
1
 11
1557.5
 21
765.0499999999998
 31
0.0
100
AcDbText
 73
2
  0
LINE
  5
544
330
17
100
AcDbEntity
  8
42-TABLO
100
AcDbLine
 10
1563.0
 20
768.3999999999999
 30
0.0
 11
1563.0
 21
761.6999999999998
 31
0.0
  0
TEXT
  5
545
330
17
100
AcDbEntity
  8
42-TABLO
100
AcDbText
 10
1568.5
 20
765.0499999999998
 30
0.0
 40
2.05
  1

  7
TRK
 72
1
 11
1568.5
 21
765.0499999999998
 31
0.0
100
AcDbText
 73
2
  0
LINE
  5
546
330
17
100
AcDbEntity
  8
42-TABLO
100
AcDbLine
 10
1574.0
 20
768.3999999999999
 30
0.0
 11
1574.0
 21
761.6999999999998
 31
0.0
  0
TEXT
  5
547
330
17
100
AcDbEntity
  8
42-TABLO
100
AcDbText
 10
1581.0
 20
765.0499999999998
 30
0.0
 40
2.05
  1

  7
TRK
 72
1
 11
1581.0
 21
765.0499999999998
 31
0.0
100
AcDbText
 73
2
  0
LINE
  5
548
330
17
100
AcDbEntity
  8
42-TABLO
100
AcDbLine
 10
1588.0
 20
768.3999999999999
 30
0.0
 11
1588.0
 21
761.6999999999998
 31
0.0
  0
TEXT
  5
549
330
17
100
AcDbEntity
  8
42-TABLO
100
AcDbText
 10
1602.8
 20
765.0499999999998
 30
0.0
 40
2.05
  1
2
  7
TRK
 72
2
 11
1602.8
 21
765.0499999999998
 31
0.0
100
AcDbText
 73
2
  0
LINE
  5
54A
330
17
100
AcDbEntity
  8
42-TABLO
100
AcDbLine
 10
1604.0
 20
768.3999999999999
 30
0.0
 11
1604.0
 21
761.6999999999998
 31
0.0
  0
TEXT
  5
54B
330
17
100
AcDbEntity
  8
42-TABLO
100
AcDbText
 10
1622.8
 20
765.0499999999998
 30
0.0
 40
2.05
  1

  7
TRK
 72
2
 11
1622.8
 21
765.0499999999998
 31
0.0
100
AcDbText
 73
2
  0
LINE
  5
54C
330
17
100
AcDbEntity
  8
42-TABLO
100
AcDbLine
 10
1624.0
 20
768.3999999999999
 30
0.0
 11
1624.0
 21
761.6999999999998
 31
0.0
  0
TEXT
  5
54D
330
17
100
AcDbEntity
  8
42-TABLO
100
AcDbText
 10
1644.8
 20
765.0499999999998
 30
0.0
 40
2.05
  1

  7
TRK
 72
2
 11
1644.8
 21
765.0499999999998
 31
0.0
100
AcDbText
 73
2
  0
LINE
  5
54E
330
17
100
AcDbEntity
  8
42-TABLO
100
AcDbLine
 10
1646.0
 20
768.3999999999999
 30
0.0
 11
1646.0
 21
761.6999999999998
 31
0.0
  0
LINE
  5
54F
330
17
100
AcDbEntity
  8
42-TABLO
100
AcDbLine
 10
1280.0
 20
761.6999999999998
 30
0.0
 11
1646.0
 21
761.6999999999998
 31
0.0
  0
TEXT
  5
550
330
17
100
AcDbEntity
  8
42-TABLO
100
AcDbText
 10
1284.5
 20
758.3499999999998
 30
0.0
 40
2.05
  1
4
  7
TRK
 72
1
 11
1284.5
 21
758.3499999999998
 31
0.0
100
AcDbText
 73
2
  0
LINE
  5
551
330
17
100
AcDbEntity
  8
42-TABLO
100
AcDbLine
 10
1289.0
 20
761.6999999999998
 30
0.0
 11
1289.0
 21
754.9999999999998
 31
0.0
  0
TEXT
  5
552
330
17
100
AcDbEntity
  8
42-TABLO
100
AcDbText
 10
1298.0
 20
758.3499999999998
 30
0.0
 40
2.05
  1

  7
TRK
 72
1
 11
1298.0
 21
758.3499999999998
 31
0.0
100
AcDbText
 73
2
  0
LINE
  5
553
330
17
100
AcDbEntity
  8
42-TABLO
100
AcDbLine
 10
1307.0
 20
761.6999999999998
 30
0.0
 11
1307.0
 21
754.9999999999998
 31
0.0
  0
TEXT
  5
554
330
17
100
AcDbEntity
  8
42-TABLO
100
AcDbText
 10
1308.2
 20
758.3499999999998
 30
0.0
 40
2.05
  1
Galvanizli demir direk toplam aðýrlýðý (birim fiyat kg üzerinden ise)
  7
TRK
 11
1308.2
 21
758.3499999999998
 31
0.0
100
AcDbText
 73
2
  0
LINE
  5
555
330
17
100
AcDbEntity
  8
42-TABLO
100
AcDbLine
 10
1485.0
 20
761.6999999999998
 30
0.0
 11
1485.0
 21
754.9999999999998
 31
0.0
  0
TEXT
  5
556
330
17
100
AcDbEntity
  8
42-TABLO
100
AcDbText
 10
1491.0
 20
758.3499999999998
 30
0.0
 40
2.05
  1
kg
  7
TRK
 72
1
 11
1491.0
 21
758.3499999999998
 31
0.0
100
AcDbText
 73
2
  0
LINE
  5
557
330
17
100
AcDbEntity
  8
42-TABLO
100
AcDbLine
 10
1497.0
 20
761.6999999999998
 30
0.0
 11
1497.0
 21
754.9999999999998
 31
0.0
  0
TEXT
  5
558
330
17
100
AcDbEntity
  8
42-TABLO
100
AcDbText
 10
1502.5
 20
758.3499999999998
 30
0.0
 40
2.05
  1
959,77
  7
TRK
 72
1
 11
1502.5
 21
758.3499999999998
 31
0.0
100
AcDbText
 73
2
  0
LINE
  5
559
330
17
100
AcDbEntity
  8
42-TABLO
100
AcDbLine
 10
1508.0
 20
761.6999999999998
 30
0.0
 11
1508.0
 21
754.9999999999998
 31
0.0
  0
TEXT
  5
55A
330
17
100
AcDbEntity
  8
42-TABLO
100
AcDbText
 10
1513.5
 20
758.3499999999998
 30
0.0
 40
2.05
  1
959,77
  7
TRK
 72
1
 11
1513.5
 21
758.3499999999998
 31
0.0
100
AcDbText
 73
2
  0
LINE
  5
55B
330
17
100
AcDbEntity
  8
42-TABLO
100
AcDbLine
 10
1519.0
 20
761.6999999999998
 30
0.0
 11
1519.0
 21
754.9999999999998
 31
0.0
  0
TEXT
  5
55C
330
17
100
AcDbEntity
  8
42-TABLO
100
AcDbText
 10
1524.5
 20
758.3499999999998
 30
0.0
 40
2.05
  1
361,85
  7
TRK
 72
1
 11
1524.5
 21
758.3499999999998
 31
0.0
100
AcDbText
 73
2
  0
LINE
  5
55D
330
17
100
AcDbEntity
  8
42-TABLO
100
AcDbLine
 10
1530.0
 20
761.6999999999998
 30
0.0
 11
1530.0
 21
754.9999999999998
 31
0.0
  0
TEXT
  5
55E
330
17
100
AcDbEntity
  8
42-TABLO
100
AcDbText
 10
1535.5
 20
758.3499999999998
 30
0.0
 40
2.05
  1
361,85
  7
TRK
 72
1
 11
1535.5
 21
758.3499999999998
 31
0.0
100
AcDbText
 73
2
  0
LINE
  5
55F
330
17
100
AcDbEntity
  8
42-TABLO
100
AcDbLine
 10
1541.0
 20
761.6999999999998
 30
0.0
 11
1541.0
 21
754.9999999999998
 31
0.0
  0
TEXT
  5
560
330
17
100
AcDbEntity
  8
42-TABLO
100
AcDbText
 10
1546.5
 20
758.3499999999998
 30
0.0
 40
2.05
  1
959,77
  7
TRK
 72
1
 11
1546.5
 21
758.3499999999998
 31
0.0
100
AcDbText
 73
2
  0
LINE
  5
561
330
17
100
AcDbEntity
  8
42-TABLO
100
AcDbLine
 10
1552.0
 20
761.6999999999998
 30
0.0
 11
1552.0
 21
754.9999999999998
 31
0.0
  0
TEXT
  5
562
330
17
100
AcDbEntity
  8
42-TABLO
100
AcDbText
 10
1557.5
 20
758.3499999999998
 30
0.0
 40
2.05
  1
783,54
  7
TRK
 72
1
 11
1557.5
 21
758.3499999999998
 31
0.0
100
AcDbText
 73
2
  0
LINE
  5
563
330
17
100
AcDbEntity
  8
42-TABLO
100
AcDbLine
 10
1563.0
 20
761.6999999999998
 30
0.0
 11
1563.0
 21
754.9999999999998
 31
0.0
  0
TEXT
  5
564
330
17
100
AcDbEntity
  8
42-TABLO
100
AcDbText
 10
1568.5
 20
758.3499999999998
 30
0.0
 40
2.05
  1

  7
TRK
 72
1
 11
1568.5
 21
758.3499999999998
 31
0.0
100
AcDbText
 73
2
  0
LINE
  5
565
330
17
100
AcDbEntity
  8
42-TABLO
100
AcDbLine
 10
1574.0
 20
761.6999999999998
 30
0.0
 11
1574.0
 21
754.9999999999998
 31
0.0
  0
TEXT
  5
566
330
17
100
AcDbEntity
  8
42-TABLO
100
AcDbText
 10
1581.0
 20
758.3499999999998
 30
0.0
 40
2.05
  1

  7
TRK
 72
1
 11
1581.0
 21
758.3499999999998
 31
0.0
100
AcDbText
 73
2
  0
LINE
  5
567
330
17
100
AcDbEntity
  8
42-TABLO
100
AcDbLine
 10
1588.0
 20
761.6999999999998
 30
0.0
 11
1588.0
 21
754.9999999999998
 31
0.0
  0
TEXT
  5
568
330
17
100
AcDbEntity
  8
42-TABLO
100
AcDbText
 10
1602.8
 20
758.3499999999998
 30
0.0
 40
2.05
  1
4.386,6
  7
TRK
 72
2
 11
1602.8
 21
758.3499999999998
 31
0.0
100
AcDbText
 73
2
  0
LINE
  5
569
330
17
100
AcDbEntity
  8
42-TABLO
100
AcDbLine
 10
1604.0
 20
761.6999999999998
 30
0.0
 11
1604.0
 21
754.9999999999998
 31
0.0
  0
TEXT
  5
56A
330
17
100
AcDbEntity
  8
42-TABLO
100
AcDbText
 10
1622.8
 20
758.3499999999998
 30
0.0
 40
2.05
  1

  7
TRK
 72
2
 11
1622.8
 21
758.3499999999998
 31
0.0
100
AcDbText
 73
2
  0
LINE
  5
56B
330
17
100
AcDbEntity
  8
42-TABLO
100
AcDbLine
 10
1624.0
 20
761.6999999999998
 30
0.0
 11
1624.0
 21
754.9999999999998
 31
0.0
  0
TEXT
  5
56C
330
17
100
AcDbEntity
  8
42-TABLO
100
AcDbText
 10
1644.8
 20
758.3499999999998
 30
0.0
 40
2.05
  1

  7
TRK
 72
2
 11
1644.8
 21
758.3499999999998
 31
0.0
100
AcDbText
 73
2
  0
LINE
  5
56D
330
17
100
AcDbEntity
  8
42-TABLO
100
AcDbLine
 10
1646.0
 20
761.6999999999998
 30
0.0
 11
1646.0
 21
754.9999999999998
 31
0.0
  0
LINE
  5
56E
330
17
100
AcDbEntity
  8
42-TABLO
100
AcDbLine
 10
1280.0
 20
754.9999999999998
 30
0.0
 11
1646.0
 21
754.9999999999998
 31
0.0
  0
TEXT
  5
56F
330
17
100
AcDbEntity
  8
42-TABLO
100
AcDbText
 10
1284.5
 20
751.6499999999997
 30
0.0
 40
2.05
  1
5
  7
TRK
 72
1
 11
1284.5
 21
751.6499999999997
 31
0.0
100
AcDbText
 73
2
  0
LINE
  5
570
330
17
100
AcDbEntity
  8
42-TABLO
100
AcDbLine
 10
1289.0
 20
754.9999999999998
 30
0.0
 11
1289.0
 21
748.2999999999997
 31
0.0
  0
TEXT
  5
571
330
17
100
AcDbEntity
  8
42-TABLO
100
AcDbText
 10
1298.0
 20
751.6499999999997
 30
0.0
 40
2.05
  1

  7
TRK
 72
1
 11
1298.0
 21
751.6499999999997
 31
0.0
100
AcDbText
 73
2
  0
LINE
  5
572
330
17
100
AcDbEntity
  8
42-TABLO
100
AcDbLine
 10
1307.0
 20
754.9999999999998
 30
0.0
 11
1307.0
 21
748.2999999999997
 31
0.0
  0
TEXT
  5
573
330
17
100
AcDbEntity
  8
42-TABLO
100
AcDbText
 10
1308.2
 20
751.6499999999997
 30
0.0
 40
2.05
  1
OG durdurucu (gergi) potans 3,0 m, galvanizli, müþterek direk için (açýortaya dik)
  7
TRK
 11
1308.2
 21
751.6499999999997
 31
0.0
100
AcDbText
 73
2
  0
LINE
  5
574
330
17
100
AcDbEntity
  8
42-TABLO
100
AcDbLine
 10
1485.0
 20
754.9999999999998
 30
0.0
 11
1485.0
 21
748.2999999999997
 31
0.0
  0
TEXT
  5
575
330
17
100
AcDbEntity
  8
42-TABLO
100
AcDbText
 10
1491.0
 20
751.6499999999997
 30
0.0
 40
2.05
  1
Adet
  7
TRK
 72
1
 11
1491.0
 21
751.6499999999997
 31
0.0
100
AcDbText
 73
2
  0
LINE
  5
576
330
17
100
AcDbEntity
  8
42-TABLO
100
AcDbLine
 10
1497.0
 20
754.9999999999998
 30
0.0
 11
1497.0
 21
748.2999999999997
 31
0.0
  0
TEXT
  5
577
330
17
100
AcDbEntity
  8
42-TABLO
100
AcDbText
 10
1502.5
 20
751.6499999999997
 30
0.0
 40
2.05
  1
1
  7
TRK
 72
1
 11
1502.5
 21
751.6499999999997
 31
0.0
100
AcDbText
 73
2
  0
LINE
  5
578
330
17
100
AcDbEntity
  8
42-TABLO
100
AcDbLine
 10
1508.0
 20
754.9999999999998
 30
0.0
 11
1508.0
 21
748.2999999999997
 31
0.0
  0
TEXT
  5
579
330
17
100
AcDbEntity
  8
42-TABLO
100
AcDbText
 10
1513.5
 20
751.6499999999997
 30
0.0
 40
2.05
  1
1
  7
TRK
 72
1
 11
1513.5
 21
751.6499999999997
 31
0.0
100
AcDbText
 73
2
  0
LINE
  5
57A
330
17
100
AcDbEntity
  8
42-TABLO
100
AcDbLine
 10
1519.0
 20
754.9999999999998
 30
0.0
 11
1519.0
 21
748.2999999999997
 31
0.0
  0
TEXT
  5
57B
330
17
100
AcDbEntity
  8
42-TABLO
100
AcDbText
 10
1524.5
 20
751.6499999999997
 30
0.0
 40
2.05
  1

  7
TRK
 72
1
 11
1524.5
 21
751.6499999999997
 31
0.0
100
AcDbText
 73
2
  0
LINE
  5
57C
330
17
100
AcDbEntity
  8
42-TABLO
100
AcDbLine
 10
1530.0
 20
754.9999999999998
 30
0.0
 11
1530.0
 21
748.2999999999997
 31
0.0
  0
TEXT
  5
57D
330
17
100
AcDbEntity
  8
42-TABLO
100
AcDbText
 10
1535.5
 20
751.6499999999997
 30
0.0
 40
2.05
  1

  7
TRK
 72
1
 11
1535.5
 21
751.6499999999997
 31
0.0
100
AcDbText
 73
2
  0
LINE
  5
57E
330
17
100
AcDbEntity
  8
42-TABLO
100
AcDbLine
 10
1541.0
 20
754.9999999999998
 30
0.0
 11
1541.0
 21
748.2999999999997
 31
0.0
  0
TEXT
  5
57F
330
17
100
AcDbEntity
  8
42-TABLO
100
AcDbText
 10
1546.5
 20
751.6499999999997
 30
0.0
 40
2.05
  1
1
  7
TRK
 72
1
 11
1546.5
 21
751.6499999999997
 31
0.0
100
AcDbText
 73
2
  0
LINE
  5
580
330
17
100
AcDbEntity
  8
42-TABLO
100
AcDbLine
 10
1552.0
 20
754.9999999999998
 30
0.0
 11
1552.0
 21
748.2999999999997
 31
0.0
  0
TEXT
  5
581
330
17
100
AcDbEntity
  8
42-TABLO
100
AcDbText
 10
1557.5
 20
751.6499999999997
 30
0.0
 40
2.05
  1
1
  7
TRK
 72
1
 11
1557.5
 21
751.6499999999997
 31
0.0
100
AcDbText
 73
2
  0
LINE
  5
582
330
17
100
AcDbEntity
  8
42-TABLO
100
AcDbLine
 10
1563.0
 20
754.9999999999998
 30
0.0
 11
1563.0
 21
748.2999999999997
 31
0.0
  0
TEXT
  5
583
330
17
100
AcDbEntity
  8
42-TABLO
100
AcDbText
 10
1568.5
 20
751.6499999999997
 30
0.0
 40
2.05
  1

  7
TRK
 72
1
 11
1568.5
 21
751.6499999999997
 31
0.0
100
AcDbText
 73
2
  0
LINE
  5
584
330
17
100
AcDbEntity
  8
42-TABLO
100
AcDbLine
 10
1574.0
 20
754.9999999999998
 30
0.0
 11
1574.0
 21
748.2999999999997
 31
0.0
  0
TEXT
  5
585
330
17
100
AcDbEntity
  8
42-TABLO
100
AcDbText
 10
1581.0
 20
751.6499999999997
 30
0.0
 40
2.05
  1

  7
TRK
 72
1
 11
1581.0
 21
751.6499999999997
 31
0.0
100
AcDbText
 73
2
  0
LINE
  5
586
330
17
100
AcDbEntity
  8
42-TABLO
100
AcDbLine
 10
1588.0
 20
754.9999999999998
 30
0.0
 11
1588.0
 21
748.2999999999997
 31
0.0
  0
TEXT
  5
587
330
17
100
AcDbEntity
  8
42-TABLO
100
AcDbText
 10
1602.8
 20
751.6499999999997
 30
0.0
 40
2.05
  1
4
  7
TRK
 72
2
 11
1602.8
 21
751.6499999999997
 31
0.0
100
AcDbText
 73
2
  0
LINE
  5
588
330
17
100
AcDbEntity
  8
42-TABLO
100
AcDbLine
 10
1604.0
 20
754.9999999999998
 30
0.0
 11
1604.0
 21
748.2999999999997
 31
0.0
  0
TEXT
  5
589
330
17
100
AcDbEntity
  8
42-TABLO
100
AcDbText
 10
1622.8
 20
751.6499999999997
 30
0.0
 40
2.05
  1

  7
TRK
 72
2
 11
1622.8
 21
751.6499999999997
 31
0.0
100
AcDbText
 73
2
  0
LINE
  5
58A
330
17
100
AcDbEntity
  8
42-TABLO
100
AcDbLine
 10
1624.0
 20
754.9999999999998
 30
0.0
 11
1624.0
 21
748.2999999999997
 31
0.0
  0
TEXT
  5
58B
330
17
100
AcDbEntity
  8
42-TABLO
100
AcDbText
 10
1644.8
 20
751.6499999999997
 30
0.0
 40
2.05
  1

  7
TRK
 72
2
 11
1644.8
 21
751.6499999999997
 31
0.0
100
AcDbText
 73
2
  0
LINE
  5
58C
330
17
100
AcDbEntity
  8
42-TABLO
100
AcDbLine
 10
1646.0
 20
754.9999999999998
 30
0.0
 11
1646.0
 21
748.2999999999997
 31
0.0
  0
LINE
  5
58D
330
17
100
AcDbEntity
  8
42-TABLO
100
AcDbLine
 10
1280.0
 20
748.2999999999997
 30
0.0
 11
1646.0
 21
748.2999999999997
 31
0.0
  0
TEXT
  5
58E
330
17
100
AcDbEntity
  8
42-TABLO
100
AcDbText
 10
1284.5
 20
744.9499999999997
 30
0.0
 40
2.05
  1
6
  7
TRK
 72
1
 11
1284.5
 21
744.9499999999997
 31
0.0
100
AcDbText
 73
2
  0
LINE
  5
58F
330
17
100
AcDbEntity
  8
42-TABLO
100
AcDbLine
 10
1289.0
 20
748.2999999999997
 30
0.0
 11
1289.0
 21
741.5999999999997
 31
0.0
  0
TEXT
  5
590
330
17
100
AcDbEntity
  8
42-TABLO
100
AcDbText
 10
1298.0
 20
744.9499999999997
 30
0.0
 40
2.05
  1

  7
TRK
 72
1
 11
1298.0
 21
744.9499999999997
 31
0.0
100
AcDbText
 73
2
  0
LINE
  5
591
330
17
100
AcDbEntity
  8
42-TABLO
100
AcDbLine
 10
1307.0
 20
748.2999999999997
 30
0.0
 11
1307.0
 21
741.5999999999997
 31
0.0
  0
TEXT
  5
592
330
17
100
AcDbEntity
  8
42-TABLO
100
AcDbText
 10
1308.2
 20
744.9499999999997
 30
0.0
 40
2.05
  1
OG taþýyýcý potans 2,5 m, galvanizli, müþterek direk için
  7
TRK
 11
1308.2
 21
744.9499999999997
 31
0.0
100
AcDbText
 73
2
  0
LINE
  5
593
330
17
100
AcDbEntity
  8
42-TABLO
100
AcDbLine
 10
1485.0
 20
748.2999999999997
 30
0.0
 11
1485.0
 21
741.5999999999997
 31
0.0
  0
TEXT
  5
594
330
17
100
AcDbEntity
  8
42-TABLO
100
AcDbText
 10
1491.0
 20
744.9499999999997
 30
0.0
 40
2.05
  1
Adet
  7
TRK
 72
1
 11
1491.0
 21
744.9499999999997
 31
0.0
100
AcDbText
 73
2
  0
LINE
  5
595
330
17
100
AcDbEntity
  8
42-TABLO
100
AcDbLine
 10
1497.0
 20
748.2999999999997
 30
0.0
 11
1497.0
 21
741.5999999999997
 31
0.0
  0
TEXT
  5
596
330
17
100
AcDbEntity
  8
42-TABLO
100
AcDbText
 10
1502.5
 20
744.9499999999997
 30
0.0
 40
2.05
  1

  7
TRK
 72
1
 11
1502.5
 21
744.9499999999997
 31
0.0
100
AcDbText
 73
2
  0
LINE
  5
597
330
17
100
AcDbEntity
  8
42-TABLO
100
AcDbLine
 10
1508.0
 20
748.2999999999997
 30
0.0
 11
1508.0
 21
741.5999999999997
 31
0.0
  0
TEXT
  5
598
330
17
100
AcDbEntity
  8
42-TABLO
100
AcDbText
 10
1513.5
 20
744.9499999999997
 30
0.0
 40
2.05
  1

  7
TRK
 72
1
 11
1513.5
 21
744.9499999999997
 31
0.0
100
AcDbText
 73
2
  0
LINE
  5
599
330
17
100
AcDbEntity
  8
42-TABLO
100
AcDbLine
 10
1519.0
 20
748.2999999999997
 30
0.0
 11
1519.0
 21
741.5999999999997
 31
0.0
  0
TEXT
  5
59A
330
17
100
AcDbEntity
  8
42-TABLO
100
AcDbText
 10
1524.5
 20
744.9499999999997
 30
0.0
 40
2.05
  1
1
  7
TRK
 72
1
 11
1524.5
 21
744.9499999999997
 31
0.0
100
AcDbText
 73
2
  0
LINE
  5
59B
330
17
100
AcDbEntity
  8
42-TABLO
100
AcDbLine
 10
1530.0
 20
748.2999999999997
 30
0.0
 11
1530.0
 21
741.5999999999997
 31
0.0
  0
TEXT
  5
59C
330
17
100
AcDbEntity
  8
42-TABLO
100
AcDbText
 10
1535.5
 20
744.9499999999997
 30
0.0
 40
2.05
  1
1
  7
TRK
 72
1
 11
1535.5
 21
744.9499999999997
 31
0.0
100
AcDbText
 73
2
  0
LINE
  5
59D
330
17
100
AcDbEntity
  8
42-TABLO
100
AcDbLine
 10
1541.0
 20
748.2999999999997
 30
0.0
 11
1541.0
 21
741.5999999999997
 31
0.0
  0
TEXT
  5
59E
330
17
100
AcDbEntity
  8
42-TABLO
100
AcDbText
 10
1546.5
 20
744.9499999999997
 30
0.0
 40
2.05
  1

  7
TRK
 72
1
 11
1546.5
 21
744.9499999999997
 31
0.0
100
AcDbText
 73
2
  0
LINE
  5
59F
330
17
100
AcDbEntity
  8
42-TABLO
100
AcDbLine
 10
1552.0
 20
748.2999999999997
 30
0.0
 11
1552.0
 21
741.5999999999997
 31
0.0
  0
TEXT
  5
5A0
330
17
100
AcDbEntity
  8
42-TABLO
100
AcDbText
 10
1557.5
 20
744.9499999999997
 30
0.0
 40
2.05
  1

  7
TRK
 72
1
 11
1557.5
 21
744.9499999999997
 31
0.0
100
AcDbText
 73
2
  0
LINE
  5
5A1
330
17
100
AcDbEntity
  8
42-TABLO
100
AcDbLine
 10
1563.0
 20
748.2999999999997
 30
0.0
 11
1563.0
 21
741.5999999999997
 31
0.0
  0
TEXT
  5
5A2
330
17
100
AcDbEntity
  8
42-TABLO
100
AcDbText
 10
1568.5
 20
744.9499999999997
 30
0.0
 40
2.05
  1

  7
TRK
 72
1
 11
1568.5
 21
744.9499999999997
 31
0.0
100
AcDbText
 73
2
  0
LINE
  5
5A3
330
17
100
AcDbEntity
  8
42-TABLO
100
AcDbLine
 10
1574.0
 20
748.2999999999997
 30
0.0
 11
1574.0
 21
741.5999999999997
 31
0.0
  0
TEXT
  5
5A4
330
17
100
AcDbEntity
  8
42-TABLO
100
AcDbText
 10
1581.0
 20
744.9499999999997
 30
0.0
 40
2.05
  1

  7
TRK
 72
1
 11
1581.0
 21
744.9499999999997
 31
0.0
100
AcDbText
 73
2
  0
LINE
  5
5A5
330
17
100
AcDbEntity
  8
42-TABLO
100
AcDbLine
 10
1588.0
 20
748.2999999999997
 30
0.0
 11
1588.0
 21
741.5999999999997
 31
0.0
  0
TEXT
  5
5A6
330
17
100
AcDbEntity
  8
42-TABLO
100
AcDbText
 10
1602.8
 20
744.9499999999997
 30
0.0
 40
2.05
  1
2
  7
TRK
 72
2
 11
1602.8
 21
744.9499999999997
 31
0.0
100
AcDbText
 73
2
  0
LINE
  5
5A7
330
17
100
AcDbEntity
  8
42-TABLO
100
AcDbLine
 10
1604.0
 20
748.2999999999997
 30
0.0
 11
1604.0
 21
741.5999999999997
 31
0.0
  0
TEXT
  5
5A8
330
17
100
AcDbEntity
  8
42-TABLO
100
AcDbText
 10
1622.8
 20
744.9499999999997
 30
0.0
 40
2.05
  1

  7
TRK
 72
2
 11
1622.8
 21
744.9499999999997
 31
0.0
100
AcDbText
 73
2
  0
LINE
  5
5A9
330
17
100
AcDbEntity
  8
42-TABLO
100
AcDbLine
 10
1624.0
 20
748.2999999999997
 30
0.0
 11
1624.0
 21
741.5999999999997
 31
0.0
  0
TEXT
  5
5AA
330
17
100
AcDbEntity
  8
42-TABLO
100
AcDbText
 10
1644.8
 20
744.9499999999997
 30
0.0
 40
2.05
  1

  7
TRK
 72
2
 11
1644.8
 21
744.9499999999997
 31
0.0
100
AcDbText
 73
2
  0
LINE
  5
5AB
330
17
100
AcDbEntity
  8
42-TABLO
100
AcDbLine
 10
1646.0
 20
748.2999999999997
 30
0.0
 11
1646.0
 21
741.5999999999997
 31
0.0
  0
LINE
  5
5AC
330
17
100
AcDbEntity
  8
42-TABLO
100
AcDbLine
 10
1280.0
 20
741.5999999999997
 30
0.0
 11
1646.0
 21
741.5999999999997
 31
0.0
  0
TEXT
  5
5AD
330
17
100
AcDbEntity
  8
42-TABLO
100
AcDbText
 10
1284.5
 20
738.2499999999997
 30
0.0
 40
2.05
  1
7
  7
TRK
 72
1
 11
1284.5
 21
738.2499999999997
 31
0.0
100
AcDbText
 73
2
  0
LINE
  5
5AE
330
17
100
AcDbEntity
  8
42-TABLO
100
AcDbLine
 10
1289.0
 20
741.5999999999997
 30
0.0
 11
1289.0
 21
734.8999999999996
 31
0.0
  0
TEXT
  5
5AF
330
17
100
AcDbEntity
  8
42-TABLO
100
AcDbText
 10
1298.0
 20
738.2499999999997
 30
0.0
 40
2.05
  1

  7
TRK
 72
1
 11
1298.0
 21
738.2499999999997
 31
0.0
100
AcDbText
 73
2
  0
LINE
  5
5B0
330
17
100
AcDbEntity
  8
42-TABLO
100
AcDbLine
 10
1307.0
 20
741.5999999999997
 30
0.0
 11
1307.0
 21
734.8999999999996
 31
0.0
  0
TEXT
  5
5B1
330
17
100
AcDbEntity
  8
42-TABLO
100
AcDbText
 10
1308.2
 20
738.2499999999997
 30
0.0
 40
2.05
  1
Ayýrýcý (seksiyoner) montaj kaidesi, galvanizli, demir direk için
  7
TRK
 11
1308.2
 21
738.2499999999997
 31
0.0
100
AcDbText
 73
2
  0
LINE
  5
5B2
330
17
100
AcDbEntity
  8
42-TABLO
100
AcDbLine
 10
1485.0
 20
741.5999999999997
 30
0.0
 11
1485.0
 21
734.8999999999996
 31
0.0
  0
TEXT
  5
5B3
330
17
100
AcDbEntity
  8
42-TABLO
100
AcDbText
 10
1491.0
 20
738.2499999999997
 30
0.0
 40
2.05
  1
Adet
  7
TRK
 72
1
 11
1491.0
 21
738.2499999999997
 31
0.0
100
AcDbText
 73
2
  0
LINE
  5
5B4
330
17
100
AcDbEntity
  8
42-TABLO
100
AcDbLine
 10
1497.0
 20
741.5999999999997
 30
0.0
 11
1497.0
 21
734.8999999999996
 31
0.0
  0
TEXT
  5
5B5
330
17
100
AcDbEntity
  8
42-TABLO
100
AcDbText
 10
1502.5
 20
738.2499999999997
 30
0.0
 40
2.05
  1
1
  7
TRK
 72
1
 11
1502.5
 21
738.2499999999997
 31
0.0
100
AcDbText
 73
2
  0
LINE
  5
5B6
330
17
100
AcDbEntity
  8
42-TABLO
100
AcDbLine
 10
1508.0
 20
741.5999999999997
 30
0.0
 11
1508.0
 21
734.8999999999996
 31
0.0
  0
TEXT
  5
5B7
330
17
100
AcDbEntity
  8
42-TABLO
100
AcDbText
 10
1513.5
 20
738.2499999999997
 30
0.0
 40
2.05
  1

  7
TRK
 72
1
 11
1513.5
 21
738.2499999999997
 31
0.0
100
AcDbText
 73
2
  0
LINE
  5
5B8
330
17
100
AcDbEntity
  8
42-TABLO
100
AcDbLine
 10
1519.0
 20
741.5999999999997
 30
0.0
 11
1519.0
 21
734.8999999999996
 31
0.0
  0
TEXT
  5
5B9
330
17
100
AcDbEntity
  8
42-TABLO
100
AcDbText
 10
1524.5
 20
738.2499999999997
 30
0.0
 40
2.05
  1

  7
TRK
 72
1
 11
1524.5
 21
738.2499999999997
 31
0.0
100
AcDbText
 73
2
  0
LINE
  5
5BA
330
17
100
AcDbEntity
  8
42-TABLO
100
AcDbLine
 10
1530.0
 20
741.5999999999997
 30
0.0
 11
1530.0
 21
734.8999999999996
 31
0.0
  0
TEXT
  5
5BB
330
17
100
AcDbEntity
  8
42-TABLO
100
AcDbText
 10
1535.5
 20
738.2499999999997
 30
0.0
 40
2.05
  1

  7
TRK
 72
1
 11
1535.5
 21
738.2499999999997
 31
0.0
100
AcDbText
 73
2
  0
LINE
  5
5BC
330
17
100
AcDbEntity
  8
42-TABLO
100
AcDbLine
 10
1541.0
 20
741.5999999999997
 30
0.0
 11
1541.0
 21
734.8999999999996
 31
0.0
  0
TEXT
  5
5BD
330
17
100
AcDbEntity
  8
42-TABLO
100
AcDbText
 10
1546.5
 20
738.2499999999997
 30
0.0
 40
2.05
  1

  7
TRK
 72
1
 11
1546.5
 21
738.2499999999997
 31
0.0
100
AcDbText
 73
2
  0
LINE
  5
5BE
330
17
100
AcDbEntity
  8
42-TABLO
100
AcDbLine
 10
1552.0
 20
741.5999999999997
 30
0.0
 11
1552.0
 21
734.8999999999996
 31
0.0
  0
TEXT
  5
5BF
330
17
100
AcDbEntity
  8
42-TABLO
100
AcDbText
 10
1557.5
 20
738.2499999999997
 30
0.0
 40
2.05
  1

  7
TRK
 72
1
 11
1557.5
 21
738.2499999999997
 31
0.0
100
AcDbText
 73
2
  0
LINE
  5
5C0
330
17
100
AcDbEntity
  8
42-TABLO
100
AcDbLine
 10
1563.0
 20
741.5999999999997
 30
0.0
 11
1563.0
 21
734.8999999999996
 31
0.0
  0
TEXT
  5
5C1
330
17
100
AcDbEntity
  8
42-TABLO
100
AcDbText
 10
1568.5
 20
738.2499999999997
 30
0.0
 40
2.05
  1

  7
TRK
 72
1
 11
1568.5
 21
738.2499999999997
 31
0.0
100
AcDbText
 73
2
  0
LINE
  5
5C2
330
17
100
AcDbEntity
  8
42-TABLO
100
AcDbLine
 10
1574.0
 20
741.5999999999997
 30
0.0
 11
1574.0
 21
734.8999999999996
 31
0.0
  0
TEXT
  5
5C3
330
17
100
AcDbEntity
  8
42-TABLO
100
AcDbText
 10
1581.0
 20
738.2499999999997
 30
0.0
 40
2.05
  1

  7
TRK
 72
1
 11
1581.0
 21
738.2499999999997
 31
0.0
100
AcDbText
 73
2
  0
LINE
  5
5C4
330
17
100
AcDbEntity
  8
42-TABLO
100
AcDbLine
 10
1588.0
 20
741.5999999999997
 30
0.0
 11
1588.0
 21
734.8999999999996
 31
0.0
  0
TEXT
  5
5C5
330
17
100
AcDbEntity
  8
42-TABLO
100
AcDbText
 10
1602.8
 20
738.2499999999997
 30
0.0
 40
2.05
  1
1
  7
TRK
 72
2
 11
1602.8
 21
738.2499999999997
 31
0.0
100
AcDbText
 73
2
  0
LINE
  5
5C6
330
17
100
AcDbEntity
  8
42-TABLO
100
AcDbLine
 10
1604.0
 20
741.5999999999997
 30
0.0
 11
1604.0
 21
734.8999999999996
 31
0.0
  0
TEXT
  5
5C7
330
17
100
AcDbEntity
  8
42-TABLO
100
AcDbText
 10
1622.8
 20
738.2499999999997
 30
0.0
 40
2.05
  1

  7
TRK
 72
2
 11
1622.8
 21
738.2499999999997
 31
0.0
100
AcDbText
 73
2
  0
LINE
  5
5C8
330
17
100
AcDbEntity
  8
42-TABLO
100
AcDbLine
 10
1624.0
 20
741.5999999999997
 30
0.0
 11
1624.0
 21
734.8999999999996
 31
0.0
  0
TEXT
  5
5C9
330
17
100
AcDbEntity
  8
42-TABLO
100
AcDbText
 10
1644.8
 20
738.2499999999997
 30
0.0
 40
2.05
  1

  7
TRK
 72
2
 11
1644.8
 21
738.2499999999997
 31
0.0
100
AcDbText
 73
2
  0
LINE
  5
5CA
330
17
100
AcDbEntity
  8
42-TABLO
100
AcDbLine
 10
1646.0
 20
741.5999999999997
 30
0.0
 11
1646.0
 21
734.8999999999996
 31
0.0
  0
LINE
  5
5CB
330
17
100
AcDbEntity
  8
42-TABLO
100
AcDbLine
 10
1280.0
 20
734.8999999999996
 30
0.0
 11
1646.0
 21
734.8999999999996
 31
0.0
  0
TEXT
  5
5CC
330
17
100
AcDbEntity
  8
42-TABLO
100
AcDbText
 10
1284.5
 20
731.5499999999996
 30
0.0
 40
2.05
  1
8
  7
TRK
 72
1
 11
1284.5
 21
731.5499999999996
 31
0.0
100
AcDbText
 73
2
  0
LINE
  5
5CD
330
17
100
AcDbEntity
  8
42-TABLO
100
AcDbLine
 10
1289.0
 20
734.8999999999996
 30
0.0
 11
1289.0
 21
728.1999999999996
 31
0.0
  0
TEXT
  5
5CE
330
17
100
AcDbEntity
  8
42-TABLO
100
AcDbText
 10
1298.0
 20
731.5499999999996
 30
0.0
 40
2.05
  1

  7
TRK
 72
1
 11
1298.0
 21
731.5499999999996
 31
0.0
100
AcDbText
 73
2
  0
LINE
  5
5CF
330
17
100
AcDbEntity
  8
42-TABLO
100
AcDbLine
 10
1307.0
 20
734.8999999999996
 30
0.0
 11
1307.0
 21
728.1999999999996
 31
0.0
  0
TEXT
  5
5D0
330
17
100
AcDbEntity
  8
42-TABLO
100
AcDbText
 10
1308.2
 20
731.5499999999996
 30
0.0
 40
2.05
  1
Galvanizli cývata-somun-pul takýmý M16x60 (travers/konsol baðlantý)
  7
TRK
 11
1308.2
 21
731.5499999999996
 31
0.0
100
AcDbText
 73
2
  0
LINE
  5
5D1
330
17
100
AcDbEntity
  8
42-TABLO
100
AcDbLine
 10
1485.0
 20
734.8999999999996
 30
0.0
 11
1485.0
 21
728.1999999999996
 31
0.0
  0
TEXT
  5
5D2
330
17
100
AcDbEntity
  8
42-TABLO
100
AcDbText
 10
1491.0
 20
731.5499999999996
 30
0.0
 40
2.05
  1
Takým
  7
TRK
 72
1
 11
1491.0
 21
731.5499999999996
 31
0.0
100
AcDbText
 73
2
  0
LINE
  5
5D3
330
17
100
AcDbEntity
  8
42-TABLO
100
AcDbLine
 10
1497.0
 20
734.8999999999996
 30
0.0
 11
1497.0
 21
728.1999999999996
 31
0.0
  0
TEXT
  5
5D4
330
17
100
AcDbEntity
  8
42-TABLO
100
AcDbText
 10
1502.5
 20
731.5499999999996
 30
0.0
 40
2.05
  1
16
  7
TRK
 72
1
 11
1502.5
 21
731.5499999999996
 31
0.0
100
AcDbText
 73
2
  0
LINE
  5
5D5
330
17
100
AcDbEntity
  8
42-TABLO
100
AcDbLine
 10
1508.0
 20
734.8999999999996
 30
0.0
 11
1508.0
 21
728.1999999999996
 31
0.0
  0
TEXT
  5
5D6
330
17
100
AcDbEntity
  8
42-TABLO
100
AcDbText
 10
1513.5
 20
731.5499999999996
 30
0.0
 40
2.05
  1
12
  7
TRK
 72
1
 11
1513.5
 21
731.5499999999996
 31
0.0
100
AcDbText
 73
2
  0
LINE
  5
5D7
330
17
100
AcDbEntity
  8
42-TABLO
100
AcDbLine
 10
1519.0
 20
734.8999999999996
 30
0.0
 11
1519.0
 21
728.1999999999996
 31
0.0
  0
TEXT
  5
5D8
330
17
100
AcDbEntity
  8
42-TABLO
100
AcDbText
 10
1524.5
 20
731.5499999999996
 30
0.0
 40
2.05
  1
8
  7
TRK
 72
1
 11
1524.5
 21
731.5499999999996
 31
0.0
100
AcDbText
 73
2
  0
LINE
  5
5D9
330
17
100
AcDbEntity
  8
42-TABLO
100
AcDbLine
 10
1530.0
 20
734.8999999999996
 30
0.0
 11
1530.0
 21
728.1999999999996
 31
0.0
  0
TEXT
  5
5DA
330
17
100
AcDbEntity
  8
42-TABLO
100
AcDbText
 10
1535.5
 20
731.5499999999996
 30
0.0
 40
2.05
  1
8
  7
TRK
 72
1
 11
1535.5
 21
731.5499999999996
 31
0.0
100
AcDbText
 73
2
  0
LINE
  5
5DB
330
17
100
AcDbEntity
  8
42-TABLO
100
AcDbLine
 10
1541.0
 20
734.8999999999996
 30
0.0
 11
1541.0
 21
728.1999999999996
 31
0.0
  0
TEXT
  5
5DC
330
17
100
AcDbEntity
  8
42-TABLO
100
AcDbText
 10
1546.5
 20
731.5499999999996
 30
0.0
 40
2.05
  1
12
  7
TRK
 72
1
 11
1546.5
 21
731.5499999999996
 31
0.0
100
AcDbText
 73
2
  0
LINE
  5
5DD
330
17
100
AcDbEntity
  8
42-TABLO
100
AcDbLine
 10
1552.0
 20
734.8999999999996
 30
0.0
 11
1552.0
 21
728.1999999999996
 31
0.0
  0
TEXT
  5
5DE
330
17
100
AcDbEntity
  8
42-TABLO
100
AcDbText
 10
1557.5
 20
731.5499999999996
 30
0.0
 40
2.05
  1
10
  7
TRK
 72
1
 11
1557.5
 21
731.5499999999996
 31
0.0
100
AcDbText
 73
2
  0
LINE
  5
5DF
330
17
100
AcDbEntity
  8
42-TABLO
100
AcDbLine
 10
1563.0
 20
734.8999999999996
 30
0.0
 11
1563.0
 21
728.1999999999996
 31
0.0
  0
TEXT
  5
5E0
330
17
100
AcDbEntity
  8
42-TABLO
100
AcDbText
 10
1568.5
 20
731.5499999999996
 30
0.0
 40
2.05
  1

  7
TRK
 72
1
 11
1568.5
 21
731.5499999999996
 31
0.0
100
AcDbText
 73
2
  0
LINE
  5
5E1
330
17
100
AcDbEntity
  8
42-TABLO
100
AcDbLine
 10
1574.0
 20
734.8999999999996
 30
0.0
 11
1574.0
 21
728.1999999999996
 31
0.0
  0
TEXT
  5
5E2
330
17
100
AcDbEntity
  8
42-TABLO
100
AcDbText
 10
1581.0
 20
731.5499999999996
 30
0.0
 40
2.05
  1

  7
TRK
 72
1
 11
1581.0
 21
731.5499999999996
 31
0.0
100
AcDbText
 73
2
  0
LINE
  5
5E3
330
17
100
AcDbEntity
  8
42-TABLO
100
AcDbLine
 10
1588.0
 20
734.8999999999996
 30
0.0
 11
1588.0
 21
728.1999999999996
 31
0.0
  0
TEXT
  5
5E4
330
17
100
AcDbEntity
  8
42-TABLO
100
AcDbText
 10
1602.8
 20
731.5499999999996
 30
0.0
 40
2.05
  1
66
  7
TRK
 72
2
 11
1602.8
 21
731.5499999999996
 31
0.0
100
AcDbText
 73
2
  0
LINE
  5
5E5
330
17
100
AcDbEntity
  8
42-TABLO
100
AcDbLine
 10
1604.0
 20
734.8999999999996
 30
0.0
 11
1604.0
 21
728.1999999999996
 31
0.0
  0
TEXT
  5
5E6
330
17
100
AcDbEntity
  8
42-TABLO
100
AcDbText
 10
1622.8
 20
731.5499999999996
 30
0.0
 40
2.05
  1

  7
TRK
 72
2
 11
1622.8
 21
731.5499999999996
 31
0.0
100
AcDbText
 73
2
  0
LINE
  5
5E7
330
17
100
AcDbEntity
  8
42-TABLO
100
AcDbLine
 10
1624.0
 20
734.8999999999996
 30
0.0
 11
1624.0
 21
728.1999999999996
 31
0.0
  0
TEXT
  5
5E8
330
17
100
AcDbEntity
  8
42-TABLO
100
AcDbText
 10
1644.8
 20
731.5499999999996
 30
0.0
 40
2.05
  1

  7
TRK
 72
2
 11
1644.8
 21
731.5499999999996
 31
0.0
100
AcDbText
 73
2
  0
LINE
  5
5E9
330
17
100
AcDbEntity
  8
42-TABLO
100
AcDbLine
 10
1646.0
 20
734.8999999999996
 30
0.0
 11
1646.0
 21
728.1999999999996
 31
0.0
  0
LINE
  5
5EA
330
17
100
AcDbEntity
  8
42-TABLO
100
AcDbLine
 10
1280.0
 20
728.1999999999996
 30
0.0
 11
1646.0
 21
728.1999999999996
 31
0.0
  0
LWPOLYLINE
  5
5EB
330
17
100
AcDbEntity
  8
43-TABLO-CERCEVE
100
AcDbPolyline
 90
4
 70
1
 10
1280.0
 20
721.4999999999995
 10
1646.0
 20
721.4999999999995
 10
1646.0
 20
728.1999999999996
 10
1280.0
 20
728.1999999999996
  0
TEXT
  5
5EC
330
17
100
AcDbEntity
  8
42-TABLO
100
AcDbText
 10
1282.0
 20
724.8499999999996
 30
0.0
 40
2.214
  1
B. ÝLETKEN VE KABLOLAR
  7
TRKB
 11
1282.0
 21
724.8499999999996
 31
0.0
100
AcDbText
 73
2
  0
TEXT
  5
5ED
330
17
100
AcDbEntity
  8
42-TABLO
100
AcDbText
 10
1284.5
 20
718.1499999999995
 30
0.0
 40
2.05
  1
9
  7
TRK
 72
1
 11
1284.5
 21
718.1499999999995
 31
0.0
100
AcDbText
 73
2
  0
LINE
  5
5EE
330
17
100
AcDbEntity
  8
42-TABLO
100
AcDbLine
 10
1289.0
 20
721.4999999999995
 30
0.0
 11
1289.0
 21
714.7999999999995
 31
0.0
  0
TEXT
  5
5EF
330
17
100
AcDbEntity
  8
42-TABLO
100
AcDbText
 10
1298.0
 20
718.1499999999995
 30
0.0
 40
2.05
  1

  7
TRK
 72
1
 11
1298.0
 21
718.1499999999995
 31
0.0
100
AcDbText
 73
2
  0
LINE
  5
5F0
330
17
100
AcDbEntity
  8
42-TABLO
100
AcDbLine
 10
1307.0
 20
721.4999999999995
 30
0.0
 11
1307.0
 21
714.7999999999995
 31
0.0
  0
TEXT
  5
5F1
330
17
100
AcDbEntity
  8
42-TABLO
100
AcDbText
 10
1308.2
 20
718.1499999999995
 30
0.0
 40
2.05
  1
3/0 AWG (Pigeon) ACSR 6/1 çelik özlü alüminyum iletken (99,30 mm²)
  7
TRK
 11
1308.2
 21
718.1499999999995
 31
0.0
100
AcDbText
 73
2
  0
LINE
  5
5F2
330
17
100
AcDbEntity
  8
42-TABLO
100
AcDbLine
 10
1485.0
 20
721.4999999999995
 30
0.0
 11
1485.0
 21
714.7999999999995
 31
0.0
  0
TEXT
  5
5F3
330
17
100
AcDbEntity
  8
42-TABLO
100
AcDbText
 10
1491.0
 20
718.1499999999995
 30
0.0
 40
2.05
  1
m
  7
TRK
 72
1
 11
1491.0
 21
718.1499999999995
 31
0.0
100
AcDbText
 73
2
  0
LINE
  5
5F4
330
17
100
AcDbEntity
  8
42-TABLO
100
AcDbLine
 10
1497.0
 20
721.4999999999995
 30
0.0
 11
1497.0
 21
714.7999999999995
 31
0.0
  0
TEXT
  5
5F5
330
17
100
AcDbEntity
  8
42-TABLO
100
AcDbText
 10
1502.5
 20
718.1499999999995
 30
0.0
 40
2.05
  1
15
  7
TRK
 72
1
 11
1502.5
 21
718.1499999999995
 31
0.0
100
AcDbText
 73
2
  0
LINE
  5
5F6
330
17
100
AcDbEntity
  8
42-TABLO
100
AcDbLine
 10
1508.0
 20
721.4999999999995
 30
0.0
 11
1508.0
 21
714.7999999999995
 31
0.0
  0
TEXT
  5
5F7
330
17
100
AcDbEntity
  8
42-TABLO
100
AcDbText
 10
1513.5
 20
718.1499999999995
 30
0.0
 40
2.05
  1
9
  7
TRK
 72
1
 11
1513.5
 21
718.1499999999995
 31
0.0
100
AcDbText
 73
2
  0
LINE
  5
5F8
330
17
100
AcDbEntity
  8
42-TABLO
100
AcDbLine
 10
1519.0
 20
721.4999999999995
 30
0.0
 11
1519.0
 21
714.7999999999995
 31
0.0
  0
TEXT
  5
5F9
330
17
100
AcDbEntity
  8
42-TABLO
100
AcDbText
 10
1524.5
 20
718.1499999999995
 30
0.0
 40
2.05
  1

  7
TRK
 72
1
 11
1524.5
 21
718.1499999999995
 31
0.0
100
AcDbText
 73
2
  0
LINE
  5
5FA
330
17
100
AcDbEntity
  8
42-TABLO
100
AcDbLine
 10
1530.0
 20
721.4999999999995
 30
0.0
 11
1530.0
 21
714.7999999999995
 31
0.0
  0
TEXT
  5
5FB
330
17
100
AcDbEntity
  8
42-TABLO
100
AcDbText
 10
1535.5
 20
718.1499999999995
 30
0.0
 40
2.05
  1

  7
TRK
 72
1
 11
1535.5
 21
718.1499999999995
 31
0.0
100
AcDbText
 73
2
  0
LINE
  5
5FC
330
17
100
AcDbEntity
  8
42-TABLO
100
AcDbLine
 10
1541.0
 20
721.4999999999995
 30
0.0
 11
1541.0
 21
714.7999999999995
 31
0.0
  0
TEXT
  5
5FD
330
17
100
AcDbEntity
  8
42-TABLO
100
AcDbText
 10
1546.5
 20
718.1499999999995
 30
0.0
 40
2.05
  1
9
  7
TRK
 72
1
 11
1546.5
 21
718.1499999999995
 31
0.0
100
AcDbText
 73
2
  0
LINE
  5
5FE
330
17
100
AcDbEntity
  8
42-TABLO
100
AcDbLine
 10
1552.0
 20
721.4999999999995
 30
0.0
 11
1552.0
 21
714.7999999999995
 31
0.0
  0
TEXT
  5
5FF
330
17
100
AcDbEntity
  8
42-TABLO
100
AcDbText
 10
1557.5
 20
718.1499999999995
 30
0.0
 40
2.05
  1

  7
TRK
 72
1
 11
1557.5
 21
718.1499999999995
 31
0.0
100
AcDbText
 73
2
  0
LINE
  5
600
330
17
100
AcDbEntity
  8
42-TABLO
100
AcDbLine
 10
1563.0
 20
721.4999999999995
 30
0.0
 11
1563.0
 21
714.7999999999995
 31
0.0
  0
TEXT
  5
601
330
17
100
AcDbEntity
  8
42-TABLO
100
AcDbText
 10
1568.5
 20
718.1499999999995
 30
0.0
 40
2.05
  1
12
  7
TRK
 72
1
 11
1568.5
 21
718.1499999999995
 31
0.0
100
AcDbText
 73
2
  0
LINE
  5
602
330
17
100
AcDbEntity
  8
42-TABLO
100
AcDbLine
 10
1574.0
 20
721.4999999999995
 30
0.0
 11
1574.0
 21
714.7999999999995
 31
0.0
  0
TEXT
  5
603
330
17
100
AcDbEntity
  8
42-TABLO
100
AcDbText
 10
1581.0
 20
718.1499999999995
 30
0.0
 40
2.05
  1
841,50
  7
TRK
 72
1
 11
1581.0
 21
718.1499999999995
 31
0.0
100
AcDbText
 73
2
  0
LINE
  5
604
330
17
100
AcDbEntity
  8
42-TABLO
100
AcDbLine
 10
1588.0
 20
721.4999999999995
 30
0.0
 11
1588.0
 21
714.7999999999995
 31
0.0
  0
TEXT
  5
605
330
17
100
AcDbEntity
  8
42-TABLO
100
AcDbText
 10
1602.8
 20
718.1499999999995
 30
0.0
 40
2.05
  1
886,50
  7
TRK
 72
2
 11
1602.8
 21
718.1499999999995
 31
0.0
100
AcDbText
 73
2
  0
LINE
  5
606
330
17
100
AcDbEntity
  8
42-TABLO
100
AcDbLine
 10
1604.0
 20
721.4999999999995
 30
0.0
 11
1604.0
 21
714.7999999999995
 31
0.0
  0
TEXT
  5
607
330
17
100
AcDbEntity
  8
42-TABLO
100
AcDbText
 10
1622.8
 20
718.1499999999995
 30
0.0
 40
2.05
  1

  7
TRK
 72
2
 11
1622.8
 21
718.1499999999995
 31
0.0
100
AcDbText
 73
2
  0
LINE
  5
608
330
17
100
AcDbEntity
  8
42-TABLO
100
AcDbLine
 10
1624.0
 20
721.4999999999995
 30
0.0
 11
1624.0
 21
714.7999999999995
 31
0.0
  0
TEXT
  5
609
330
17
100
AcDbEntity
  8
42-TABLO
100
AcDbText
 10
1644.8
 20
718.1499999999995
 30
0.0
 40
2.05
  1

  7
TRK
 72
2
 11
1644.8
 21
718.1499999999995
 31
0.0
100
AcDbText
 73
2
  0
LINE
  5
60A
330
17
100
AcDbEntity
  8
42-TABLO
100
AcDbLine
 10
1646.0
 20
721.4999999999995
 30
0.0
 11
1646.0
 21
714.7999999999995
 31
0.0
  0
LINE
  5
60B
330
17
100
AcDbEntity
  8
42-TABLO
100
AcDbLine
 10
1280.0
 20
714.7999999999995
 30
0.0
 11
1646.0
 21
714.7999999999995
 31
0.0
  0
TEXT
  5
60C
330
17
100
AcDbEntity
  8
42-TABLO
100
AcDbText
 10
1284.5
 20
711.4499999999995
 30
0.0
 40
2.05
  1
10
  7
TRK
 72
1
 11
1284.5
 21
711.4499999999995
 31
0.0
100
AcDbText
 73
2
  0
LINE
  5
60D
330
17
100
AcDbEntity
  8
42-TABLO
100
AcDbLine
 10
1289.0
 20
714.7999999999995
 30
0.0
 11
1289.0
 21
708.0999999999995
 31
0.0
  0
TEXT
  5
60E
330
17
100
AcDbEntity
  8
42-TABLO
100
AcDbText
 10
1298.0
 20
711.4499999999995
 30
0.0
 40
2.05
  1

  7
TRK
 72
1
 11
1298.0
 21
711.4499999999995
 31
0.0
100
AcDbText
 73
2
  0
LINE
  5
60F
330
17
100
AcDbEntity
  8
42-TABLO
100
AcDbLine
 10
1307.0
 20
714.7999999999995
 30
0.0
 11
1307.0
 21
708.0999999999995
 31
0.0
  0
TEXT
  5
610
330
17
100
AcDbEntity
  8
42-TABLO
100
AcDbText
 10
1308.2
 20
711.4499999999995
 30
0.0
 40
2.05
  1
AER (Alpek) 3x95+70 mm² alüminyum iletkenli, izoleli havai hat kablosu (0,6/1 kV)
  7
TRK
 11
1308.2
 21
711.4499999999995
 31
0.0
100
AcDbText
 73
2
  0
LINE
  5
611
330
17
100
AcDbEntity
  8
42-TABLO
100
AcDbLine
 10
1485.0
 20
714.7999999999995
 30
0.0
 11
1485.0
 21
708.0999999999995
 31
0.0
  0
TEXT
  5
612
330
17
100
AcDbEntity
  8
42-TABLO
100
AcDbText
 10
1491.0
 20
711.4499999999995
 30
0.0
 40
2.05
  1
m
  7
TRK
 72
1
 11
1491.0
 21
711.4499999999995
 31
0.0
100
AcDbText
 73
2
  0
LINE
  5
613
330
17
100
AcDbEntity
  8
42-TABLO
100
AcDbLine
 10
1497.0
 20
714.7999999999995
 30
0.0
 11
1497.0
 21
708.0999999999995
 31
0.0
  0
TEXT
  5
614
330
17
100
AcDbEntity
  8
42-TABLO
100
AcDbText
 10
1502.5
 20
711.4499999999995
 30
0.0
 40
2.05
  1

  7
TRK
 72
1
 11
1502.5
 21
711.4499999999995
 31
0.0
100
AcDbText
 73
2
  0
LINE
  5
615
330
17
100
AcDbEntity
  8
42-TABLO
100
AcDbLine
 10
1508.0
 20
714.7999999999995
 30
0.0
 11
1508.0
 21
708.0999999999995
 31
0.0
  0
TEXT
  5
616
330
17
100
AcDbEntity
  8
42-TABLO
100
AcDbText
 10
1513.5
 20
711.4499999999995
 30
0.0
 40
2.05
  1

  7
TRK
 72
1
 11
1513.5
 21
711.4499999999995
 31
0.0
100
AcDbText
 73
2
  0
LINE
  5
617
330
17
100
AcDbEntity
  8
42-TABLO
100
AcDbLine
 10
1519.0
 20
714.7999999999995
 30
0.0
 11
1519.0
 21
708.0999999999995
 31
0.0
  0
TEXT
  5
618
330
17
100
AcDbEntity
  8
42-TABLO
100
AcDbText
 10
1524.5
 20
711.4499999999995
 30
0.0
 40
2.05
  1

  7
TRK
 72
1
 11
1524.5
 21
711.4499999999995
 31
0.0
100
AcDbText
 73
2
  0
LINE
  5
619
330
17
100
AcDbEntity
  8
42-TABLO
100
AcDbLine
 10
1530.0
 20
714.7999999999995
 30
0.0
 11
1530.0
 21
708.0999999999995
 31
0.0
  0
TEXT
  5
61A
330
17
100
AcDbEntity
  8
42-TABLO
100
AcDbText
 10
1535.5
 20
711.4499999999995
 30
0.0
 40
2.05
  1

  7
TRK
 72
1
 11
1535.5
 21
711.4499999999995
 31
0.0
100
AcDbText
 73
2
  0
LINE
  5
61B
330
17
100
AcDbEntity
  8
42-TABLO
100
AcDbLine
 10
1541.0
 20
714.7999999999995
 30
0.0
 11
1541.0
 21
708.0999999999995
 31
0.0
  0
TEXT
  5
61C
330
17
100
AcDbEntity
  8
42-TABLO
100
AcDbText
 10
1546.5
 20
711.4499999999995
 30
0.0
 40
2.05
  1

  7
TRK
 72
1
 11
1546.5
 21
711.4499999999995
 31
0.0
100
AcDbText
 73
2
  0
LINE
  5
61D
330
17
100
AcDbEntity
  8
42-TABLO
100
AcDbLine
 10
1552.0
 20
714.7999999999995
 30
0.0
 11
1552.0
 21
708.0999999999995
 31
0.0
  0
TEXT
  5
61E
330
17
100
AcDbEntity
  8
42-TABLO
100
AcDbText
 10
1557.5
 20
711.4499999999995
 30
0.0
 40
2.05
  1

  7
TRK
 72
1
 11
1557.5
 21
711.4499999999995
 31
0.0
100
AcDbText
 73
2
  0
LINE
  5
61F
330
17
100
AcDbEntity
  8
42-TABLO
100
AcDbLine
 10
1563.0
 20
714.7999999999995
 30
0.0
 11
1563.0
 21
708.0999999999995
 31
0.0
  0
TEXT
  5
620
330
17
100
AcDbEntity
  8
42-TABLO
100
AcDbText
 10
1568.5
 20
711.4499999999995
 30
0.0
 40
2.05
  1

  7
TRK
 72
1
 11
1568.5
 21
711.4499999999995
 31
0.0
100
AcDbText
 73
2
  0
LINE
  5
621
330
17
100
AcDbEntity
  8
42-TABLO
100
AcDbLine
 10
1574.0
 20
714.7999999999995
 30
0.0
 11
1574.0
 21
708.0999999999995
 31
0.0
  0
TEXT
  5
622
330
17
100
AcDbEntity
  8
42-TABLO
100
AcDbText
 10
1581.0
 20
711.4499999999995
 30
0.0
 40
2.05
  1
257,20
  7
TRK
 72
1
 11
1581.0
 21
711.4499999999995
 31
0.0
100
AcDbText
 73
2
  0
LINE
  5
623
330
17
100
AcDbEntity
  8
42-TABLO
100
AcDbLine
 10
1588.0
 20
714.7999999999995
 30
0.0
 11
1588.0
 21
708.0999999999995
 31
0.0
  0
TEXT
  5
624
330
17
100
AcDbEntity
  8
42-TABLO
100
AcDbText
 10
1602.8
 20
711.4499999999995
 30
0.0
 40
2.05
  1
257,20
  7
TRK
 72
2
 11
1602.8
 21
711.4499999999995
 31
0.0
100
AcDbText
 73
2
  0
LINE
  5
625
330
17
100
AcDbEntity
  8
42-TABLO
100
AcDbLine
 10
1604.0
 20
714.7999999999995
 30
0.0
 11
1604.0
 21
708.0999999999995
 31
0.0
  0
TEXT
  5
626
330
17
100
AcDbEntity
  8
42-TABLO
100
AcDbText
 10
1622.8
 20
711.4499999999995
 30
0.0
 40
2.05
  1

  7
TRK
 72
2
 11
1622.8
 21
711.4499999999995
 31
0.0
100
AcDbText
 73
2
  0
LINE
  5
627
330
17
100
AcDbEntity
  8
42-TABLO
100
AcDbLine
 10
1624.0
 20
714.7999999999995
 30
0.0
 11
1624.0
 21
708.0999999999995
 31
0.0
  0
TEXT
  5
628
330
17
100
AcDbEntity
  8
42-TABLO
100
AcDbText
 10
1644.8
 20
711.4499999999995
 30
0.0
 40
2.05
  1

  7
TRK
 72
2
 11
1644.8
 21
711.4499999999995
 31
0.0
100
AcDbText
 73
2
  0
LINE
  5
629
330
17
100
AcDbEntity
  8
42-TABLO
100
AcDbLine
 10
1646.0
 20
714.7999999999995
 30
0.0
 11
1646.0
 21
708.0999999999995
 31
0.0
  0
LINE
  5
62A
330
17
100
AcDbEntity
  8
42-TABLO
100
AcDbLine
 10
1280.0
 20
708.0999999999995
 30
0.0
 11
1646.0
 21
708.0999999999995
 31
0.0
  0
LWPOLYLINE
  5
62B
330
17
100
AcDbEntity
  8
43-TABLO-CERCEVE
100
AcDbPolyline
 90
4
 70
1
 10
1280.0
 20
701.3999999999994
 10
1646.0
 20
701.3999999999994
 10
1646.0
 20
708.0999999999995
 10
1280.0
 20
708.0999999999995
  0
TEXT
  5
62C
330
17
100
AcDbEntity
  8
42-TABLO
100
AcDbText
 10
1282.0
 20
704.7499999999994
 30
0.0
 40
2.214
  1
C. OG ÝZOLATÖR VE BAÐLANTI MALZEMELERÝ
  7
TRKB
 11
1282.0
 21
704.7499999999994
 31
0.0
100
AcDbText
 73
2
  0
TEXT
  5
62D
330
17
100
AcDbEntity
  8
42-TABLO
100
AcDbText
 10
1284.5
 20
698.0499999999994
 30
0.0
 40
2.05
  1
11
  7
TRK
 72
1
 11
1284.5
 21
698.0499999999994
 31
0.0
100
AcDbText
 73
2
  0
LINE
  5
62E
330
17
100
AcDbEntity
  8
42-TABLO
100
AcDbLine
 10
1289.0
 20
701.3999999999994
 30
0.0
 11
1289.0
 21
694.6999999999994
 31
0.0
  0
TEXT
  5
62F
330
17
100
AcDbEntity
  8
42-TABLO
100
AcDbText
 10
1298.0
 20
698.0499999999994
 30
0.0
 40
2.05
  1

  7
TRK
 72
1
 11
1298.0
 21
698.0499999999994
 31
0.0
100
AcDbText
 73
2
  0
LINE
  5
630
330
17
100
AcDbEntity
  8
42-TABLO
100
AcDbLine
 10
1307.0
 20
701.3999999999994
 30
0.0
 11
1307.0
 21
694.6999999999994
 31
0.0
  0
TEXT
  5
631
330
17
100
AcDbEntity
  8
42-TABLO
100
AcDbText
 10
1308.2
 20
698.0499999999994
 30
0.0
 40
2.05
  1
36 kV silikon kompozit gergi (germe) izolatörü, 70 kN, kaçak yolu \U+2265 900 mm
  7
TRK
 11
1308.2
 21
698.0499999999994
 31
0.0
100
AcDbText
 73
2
  0
LINE
  5
632
330
17
100
AcDbEntity
  8
42-TABLO
100
AcDbLine
 10
1485.0
 20
701.3999999999994
 30
0.0
 11
1485.0
 21
694.6999999999994
 31
0.0
  0
TEXT
  5
633
330
17
100
AcDbEntity
  8
42-TABLO
100
AcDbText
 10
1491.0
 20
698.0499999999994
 30
0.0
 40
2.05
  1
Adet
  7
TRK
 72
1
 11
1491.0
 21
698.0499999999994
 31
0.0
100
AcDbText
 73
2
  0
LINE
  5
634
330
17
100
AcDbEntity
  8
42-TABLO
100
AcDbLine
 10
1497.0
 20
701.3999999999994
 30
0.0
 11
1497.0
 21
694.6999999999994
 31
0.0
  0
TEXT
  5
635
330
17
100
AcDbEntity
  8
42-TABLO
100
AcDbText
 10
1502.5
 20
698.0499999999994
 30
0.0
 40
2.05
  1
6
  7
TRK
 72
1
 11
1502.5
 21
698.0499999999994
 31
0.0
100
AcDbText
 73
2
  0
LINE
  5
636
330
17
100
AcDbEntity
  8
42-TABLO
100
AcDbLine
 10
1508.0
 20
701.3999999999994
 30
0.0
 11
1508.0
 21
694.6999999999994
 31
0.0
  0
TEXT
  5
637
330
17
100
AcDbEntity
  8
42-TABLO
100
AcDbText
 10
1513.5
 20
698.0499999999994
 30
0.0
 40
2.05
  1
6
  7
TRK
 72
1
 11
1513.5
 21
698.0499999999994
 31
0.0
100
AcDbText
 73
2
  0
LINE
  5
638
330
17
100
AcDbEntity
  8
42-TABLO
100
AcDbLine
 10
1519.0
 20
701.3999999999994
 30
0.0
 11
1519.0
 21
694.6999999999994
 31
0.0
  0
TEXT
  5
639
330
17
100
AcDbEntity
  8
42-TABLO
100
AcDbText
 10
1524.5
 20
698.0499999999994
 30
0.0
 40
2.05
  1

  7
TRK
 72
1
 11
1524.5
 21
698.0499999999994
 31
0.0
100
AcDbText
 73
2
  0
LINE
  5
63A
330
17
100
AcDbEntity
  8
42-TABLO
100
AcDbLine
 10
1530.0
 20
701.3999999999994
 30
0.0
 11
1530.0
 21
694.6999999999994
 31
0.0
  0
TEXT
  5
63B
330
17
100
AcDbEntity
  8
42-TABLO
100
AcDbText
 10
1535.5
 20
698.0499999999994
 30
0.0
 40
2.05
  1

  7
TRK
 72
1
 11
1535.5
 21
698.0499999999994
 31
0.0
100
AcDbText
 73
2
  0
LINE
  5
63C
330
17
100
AcDbEntity
  8
42-TABLO
100
AcDbLine
 10
1541.0
 20
701.3999999999994
 30
0.0
 11
1541.0
 21
694.6999999999994
 31
0.0
  0
TEXT
  5
63D
330
17
100
AcDbEntity
  8
42-TABLO
100
AcDbText
 10
1546.5
 20
698.0499999999994
 30
0.0
 40
2.05
  1
6
  7
TRK
 72
1
 11
1546.5
 21
698.0499999999994
 31
0.0
100
AcDbText
 73
2
  0
LINE
  5
63E
330
17
100
AcDbEntity
  8
42-TABLO
100
AcDbLine
 10
1552.0
 20
701.3999999999994
 30
0.0
 11
1552.0
 21
694.6999999999994
 31
0.0
  0
TEXT
  5
63F
330
17
100
AcDbEntity
  8
42-TABLO
100
AcDbText
 10
1557.5
 20
698.0499999999994
 30
0.0
 40
2.05
  1
3
  7
TRK
 72
1
 11
1557.5
 21
698.0499999999994
 31
0.0
100
AcDbText
 73
2
  0
LINE
  5
640
330
17
100
AcDbEntity
  8
42-TABLO
100
AcDbLine
 10
1563.0
 20
701.3999999999994
 30
0.0
 11
1563.0
 21
694.6999999999994
 31
0.0
  0
TEXT
  5
641
330
17
100
AcDbEntity
  8
42-TABLO
100
AcDbText
 10
1568.5
 20
698.0499999999994
 30
0.0
 40
2.05
  1
3
  7
TRK
 72
1
 11
1568.5
 21
698.0499999999994
 31
0.0
100
AcDbText
 73
2
  0
LINE
  5
642
330
17
100
AcDbEntity
  8
42-TABLO
100
AcDbLine
 10
1574.0
 20
701.3999999999994
 30
0.0
 11
1574.0
 21
694.6999999999994
 31
0.0
  0
TEXT
  5
643
330
17
100
AcDbEntity
  8
42-TABLO
100
AcDbText
 10
1581.0
 20
698.0499999999994
 30
0.0
 40
2.05
  1

  7
TRK
 72
1
 11
1581.0
 21
698.0499999999994
 31
0.0
100
AcDbText
 73
2
  0
LINE
  5
644
330
17
100
AcDbEntity
  8
42-TABLO
100
AcDbLine
 10
1588.0
 20
701.3999999999994
 30
0.0
 11
1588.0
 21
694.6999999999994
 31
0.0
  0
TEXT
  5
645
330
17
100
AcDbEntity
  8
42-TABLO
100
AcDbText
 10
1602.8
 20
698.0499999999994
 30
0.0
 40
2.05
  1
24
  7
TRK
 72
2
 11
1602.8
 21
698.0499999999994
 31
0.0
100
AcDbText
 73
2
  0
LINE
  5
646
330
17
100
AcDbEntity
  8
42-TABLO
100
AcDbLine
 10
1604.0
 20
701.3999999999994
 30
0.0
 11
1604.0
 21
694.6999999999994
 31
0.0
  0
TEXT
  5
647
330
17
100
AcDbEntity
  8
42-TABLO
100
AcDbText
 10
1622.8
 20
698.0499999999994
 30
0.0
 40
2.05
  1

  7
TRK
 72
2
 11
1622.8
 21
698.0499999999994
 31
0.0
100
AcDbText
 73
2
  0
LINE
  5
648
330
17
100
AcDbEntity
  8
42-TABLO
100
AcDbLine
 10
1624.0
 20
701.3999999999994
 30
0.0
 11
1624.0
 21
694.6999999999994
 31
0.0
  0
TEXT
  5
649
330
17
100
AcDbEntity
  8
42-TABLO
100
AcDbText
 10
1644.8
 20
698.0499999999994
 30
0.0
 40
2.05
  1

  7
TRK
 72
2
 11
1644.8
 21
698.0499999999994
 31
0.0
100
AcDbText
 73
2
  0
LINE
  5
64A
330
17
100
AcDbEntity
  8
42-TABLO
100
AcDbLine
 10
1646.0
 20
701.3999999999994
 30
0.0
 11
1646.0
 21
694.6999999999994
 31
0.0
  0
LINE
  5
64B
330
17
100
AcDbEntity
  8
42-TABLO
100
AcDbLine
 10
1280.0
 20
694.6999999999994
 30
0.0
 11
1646.0
 21
694.6999999999994
 31
0.0
  0
TEXT
  5
64C
330
17
100
AcDbEntity
  8
42-TABLO
100
AcDbText
 10
1284.5
 20
691.3499999999993
 30
0.0
 40
2.05
  1
12
  7
TRK
 72
1
 11
1284.5
 21
691.3499999999993
 31
0.0
100
AcDbText
 73
2
  0
LINE
  5
64D
330
17
100
AcDbEntity
  8
42-TABLO
100
AcDbLine
 10
1289.0
 20
694.6999999999994
 30
0.0
 11
1289.0
 21
687.9999999999993
 31
0.0
  0
TEXT
  5
64E
330
17
100
AcDbEntity
  8
42-TABLO
100
AcDbText
 10
1298.0
 20
691.3499999999993
 30
0.0
 40
2.05
  1

  7
TRK
 72
1
 11
1298.0
 21
691.3499999999993
 31
0.0
100
AcDbText
 73
2
  0
LINE
  5
64F
330
17
100
AcDbEntity
  8
42-TABLO
100
AcDbLine
 10
1307.0
 20
694.6999999999994
 30
0.0
 11
1307.0
 21
687.9999999999993
 31
0.0
  0
TEXT
  5
650
330
17
100
AcDbEntity
  8
42-TABLO
100
AcDbText
 10
1308.2
 20
691.3499999999993
 30
0.0
 40
2.05
  1
36 kV silikon kompozit mesnet (line-post) izolatörü, taþýyýcý, potansa cývatalý
  7
TRK
 11
1308.2
 21
691.3499999999993
 31
0.0
100
AcDbText
 73
2
  0
LINE
  5
651
330
17
100
AcDbEntity
  8
42-TABLO
100
AcDbLine
 10
1485.0
 20
694.6999999999994
 30
0.0
 11
1485.0
 21
687.9999999999993
 31
0.0
  0
TEXT
  5
652
330
17
100
AcDbEntity
  8
42-TABLO
100
AcDbText
 10
1491.0
 20
691.3499999999993
 30
0.0
 40
2.05
  1
Adet
  7
TRK
 72
1
 11
1491.0
 21
691.3499999999993
 31
0.0
100
AcDbText
 73
2
  0
LINE
  5
653
330
17
100
AcDbEntity
  8
42-TABLO
100
AcDbLine
 10
1497.0
 20
694.6999999999994
 30
0.0
 11
1497.0
 21
687.9999999999993
 31
0.0
  0
TEXT
  5
654
330
17
100
AcDbEntity
  8
42-TABLO
100
AcDbText
 10
1502.5
 20
691.3499999999993
 30
0.0
 40
2.05
  1

  7
TRK
 72
1
 11
1502.5
 21
691.3499999999993
 31
0.0
100
AcDbText
 73
2
  0
LINE
  5
655
330
17
100
AcDbEntity
  8
42-TABLO
100
AcDbLine
 10
1508.0
 20
694.6999999999994
 30
0.0
 11
1508.0
 21
687.9999999999993
 31
0.0
  0
TEXT
  5
656
330
17
100
AcDbEntity
  8
42-TABLO
100
AcDbText
 10
1513.5
 20
691.3499999999993
 30
0.0
 40
2.05
  1

  7
TRK
 72
1
 11
1513.5
 21
691.3499999999993
 31
0.0
100
AcDbText
 73
2
  0
LINE
  5
657
330
17
100
AcDbEntity
  8
42-TABLO
100
AcDbLine
 10
1519.0
 20
694.6999999999994
 30
0.0
 11
1519.0
 21
687.9999999999993
 31
0.0
  0
TEXT
  5
658
330
17
100
AcDbEntity
  8
42-TABLO
100
AcDbText
 10
1524.5
 20
691.3499999999993
 30
0.0
 40
2.05
  1
3
  7
TRK
 72
1
 11
1524.5
 21
691.3499999999993
 31
0.0
100
AcDbText
 73
2
  0
LINE
  5
659
330
17
100
AcDbEntity
  8
42-TABLO
100
AcDbLine
 10
1530.0
 20
694.6999999999994
 30
0.0
 11
1530.0
 21
687.9999999999993
 31
0.0
  0
TEXT
  5
65A
330
17
100
AcDbEntity
  8
42-TABLO
100
AcDbText
 10
1535.5
 20
691.3499999999993
 30
0.0
 40
2.05
  1
3
  7
TRK
 72
1
 11
1535.5
 21
691.3499999999993
 31
0.0
100
AcDbText
 73
2
  0
LINE
  5
65B
330
17
100
AcDbEntity
  8
42-TABLO
100
AcDbLine
 10
1541.0
 20
694.6999999999994
 30
0.0
 11
1541.0
 21
687.9999999999993
 31
0.0
  0
TEXT
  5
65C
330
17
100
AcDbEntity
  8
42-TABLO
100
AcDbText
 10
1546.5
 20
691.3499999999993
 30
0.0
 40
2.05
  1

  7
TRK
 72
1
 11
1546.5
 21
691.3499999999993
 31
0.0
100
AcDbText
 73
2
  0
LINE
  5
65D
330
17
100
AcDbEntity
  8
42-TABLO
100
AcDbLine
 10
1552.0
 20
694.6999999999994
 30
0.0
 11
1552.0
 21
687.9999999999993
 31
0.0
  0
TEXT
  5
65E
330
17
100
AcDbEntity
  8
42-TABLO
100
AcDbText
 10
1557.5
 20
691.3499999999993
 30
0.0
 40
2.05
  1

  7
TRK
 72
1
 11
1557.5
 21
691.3499999999993
 31
0.0
100
AcDbText
 73
2
  0
LINE
  5
65F
330
17
100
AcDbEntity
  8
42-TABLO
100
AcDbLine
 10
1563.0
 20
694.6999999999994
 30
0.0
 11
1563.0
 21
687.9999999999993
 31
0.0
  0
TEXT
  5
660
330
17
100
AcDbEntity
  8
42-TABLO
100
AcDbText
 10
1568.5
 20
691.3499999999993
 30
0.0
 40
2.05
  1

  7
TRK
 72
1
 11
1568.5
 21
691.3499999999993
 31
0.0
100
AcDbText
 73
2
  0
LINE
  5
661
330
17
100
AcDbEntity
  8
42-TABLO
100
AcDbLine
 10
1574.0
 20
694.6999999999994
 30
0.0
 11
1574.0
 21
687.9999999999993
 31
0.0
  0
TEXT
  5
662
330
17
100
AcDbEntity
  8
42-TABLO
100
AcDbText
 10
1581.0
 20
691.3499999999993
 30
0.0
 40
2.05
  1

  7
TRK
 72
1
 11
1581.0
 21
691.3499999999993
 31
0.0
100
AcDbText
 73
2
  0
LINE
  5
663
330
17
100
AcDbEntity
  8
42-TABLO
100
AcDbLine
 10
1588.0
 20
694.6999999999994
 30
0.0
 11
1588.0
 21
687.9999999999993
 31
0.0
  0
TEXT
  5
664
330
17
100
AcDbEntity
  8
42-TABLO
100
AcDbText
 10
1602.8
 20
691.3499999999993
 30
0.0
 40
2.05
  1
6
  7
TRK
 72
2
 11
1602.8
 21
691.3499999999993
 31
0.0
100
AcDbText
 73
2
  0
LINE
  5
665
330
17
100
AcDbEntity
  8
42-TABLO
100
AcDbLine
 10
1604.0
 20
694.6999999999994
 30
0.0
 11
1604.0
 21
687.9999999999993
 31
0.0
  0
TEXT
  5
666
330
17
100
AcDbEntity
  8
42-TABLO
100
AcDbText
 10
1622.8
 20
691.3499999999993
 30
0.0
 40
2.05
  1

  7
TRK
 72
2
 11
1622.8
 21
691.3499999999993
 31
0.0
100
AcDbText
 73
2
  0
LINE
  5
667
330
17
100
AcDbEntity
  8
42-TABLO
100
AcDbLine
 10
1624.0
 20
694.6999999999994
 30
0.0
 11
1624.0
 21
687.9999999999993
 31
0.0
  0
TEXT
  5
668
330
17
100
AcDbEntity
  8
42-TABLO
100
AcDbText
 10
1644.8
 20
691.3499999999993
 30
0.0
 40
2.05
  1

  7
TRK
 72
2
 11
1644.8
 21
691.3499999999993
 31
0.0
100
AcDbText
 73
2
  0
LINE
  5
669
330
17
100
AcDbEntity
  8
42-TABLO
100
AcDbLine
 10
1646.0
 20
694.6999999999994
 30
0.0
 11
1646.0
 21
687.9999999999993
 31
0.0
  0
LINE
  5
66A
330
17
100
AcDbEntity
  8
42-TABLO
100
AcDbLine
 10
1280.0
 20
687.9999999999993
 30
0.0
 11
1646.0
 21
687.9999999999993
 31
0.0
  0
TEXT
  5
66B
330
17
100
AcDbEntity
  8
42-TABLO
100
AcDbText
 10
1284.5
 20
684.6499999999993
 30
0.0
 40
2.05
  1
13
  7
TRK
 72
1
 11
1284.5
 21
684.6499999999993
 31
0.0
100
AcDbText
 73
2
  0
LINE
  5
66C
330
17
100
AcDbEntity
  8
42-TABLO
100
AcDbLine
 10
1289.0
 20
687.9999999999993
 30
0.0
 11
1289.0
 21
681.2999999999993
 31
0.0
  0
TEXT
  5
66D
330
17
100
AcDbEntity
  8
42-TABLO
100
AcDbText
 10
1298.0
 20
684.6499999999993
 30
0.0
 40
2.05
  1

  7
TRK
 72
1
 11
1298.0
 21
684.6499999999993
 31
0.0
100
AcDbText
 73
2
  0
LINE
  5
66E
330
17
100
AcDbEntity
  8
42-TABLO
100
AcDbLine
 10
1307.0
 20
687.9999999999993
 30
0.0
 11
1307.0
 21
681.2999999999993
 31
0.0
  0
TEXT
  5
66F
330
17
100
AcDbEntity
  8
42-TABLO
100
AcDbText
 10
1308.2
 20
684.6499999999993
 30
0.0
 40
2.05
  1
36 kV silikon kompozit mesnet izolatörü (orta faz atlama desteði)
  7
TRK
 11
1308.2
 21
684.6499999999993
 31
0.0
100
AcDbText
 73
2
  0
LINE
  5
670
330
17
100
AcDbEntity
  8
42-TABLO
100
AcDbLine
 10
1485.0
 20
687.9999999999993
 30
0.0
 11
1485.0
 21
681.2999999999993
 31
0.0
  0
TEXT
  5
671
330
17
100
AcDbEntity
  8
42-TABLO
100
AcDbText
 10
1491.0
 20
684.6499999999993
 30
0.0
 40
2.05
  1
Adet
  7
TRK
 72
1
 11
1491.0
 21
684.6499999999993
 31
0.0
100
AcDbText
 73
2
  0
LINE
  5
672
330
17
100
AcDbEntity
  8
42-TABLO
100
AcDbLine
 10
1497.0
 20
687.9999999999993
 30
0.0
 11
1497.0
 21
681.2999999999993
 31
0.0
  0
TEXT
  5
673
330
17
100
AcDbEntity
  8
42-TABLO
100
AcDbText
 10
1502.5
 20
684.6499999999993
 30
0.0
 40
2.05
  1

  7
TRK
 72
1
 11
1502.5
 21
684.6499999999993
 31
0.0
100
AcDbText
 73
2
  0
LINE
  5
674
330
17
100
AcDbEntity
  8
42-TABLO
100
AcDbLine
 10
1508.0
 20
687.9999999999993
 30
0.0
 11
1508.0
 21
681.2999999999993
 31
0.0
  0
TEXT
  5
675
330
17
100
AcDbEntity
  8
42-TABLO
100
AcDbText
 10
1513.5
 20
684.6499999999993
 30
0.0
 40
2.05
  1
1
  7
TRK
 72
1
 11
1513.5
 21
684.6499999999993
 31
0.0
100
AcDbText
 73
2
  0
LINE
  5
676
330
17
100
AcDbEntity
  8
42-TABLO
100
AcDbLine
 10
1519.0
 20
687.9999999999993
 30
0.0
 11
1519.0
 21
681.2999999999993
 31
0.0
  0
TEXT
  5
677
330
17
100
AcDbEntity
  8
42-TABLO
100
AcDbText
 10
1524.5
 20
684.6499999999993
 30
0.0
 40
2.05
  1

  7
TRK
 72
1
 11
1524.5
 21
684.6499999999993
 31
0.0
100
AcDbText
 73
2
  0
LINE
  5
678
330
17
100
AcDbEntity
  8
42-TABLO
100
AcDbLine
 10
1530.0
 20
687.9999999999993
 30
0.0
 11
1530.0
 21
681.2999999999993
 31
0.0
  0
TEXT
  5
679
330
17
100
AcDbEntity
  8
42-TABLO
100
AcDbText
 10
1535.5
 20
684.6499999999993
 30
0.0
 40
2.05
  1

  7
TRK
 72
1
 11
1535.5
 21
684.6499999999993
 31
0.0
100
AcDbText
 73
2
  0
LINE
  5
67A
330
17
100
AcDbEntity
  8
42-TABLO
100
AcDbLine
 10
1541.0
 20
687.9999999999993
 30
0.0
 11
1541.0
 21
681.2999999999993
 31
0.0
  0
TEXT
  5
67B
330
17
100
AcDbEntity
  8
42-TABLO
100
AcDbText
 10
1546.5
 20
684.6499999999993
 30
0.0
 40
2.05
  1
1
  7
TRK
 72
1
 11
1546.5
 21
684.6499999999993
 31
0.0
100
AcDbText
 73
2
  0
LINE
  5
67C
330
17
100
AcDbEntity
  8
42-TABLO
100
AcDbLine
 10
1552.0
 20
687.9999999999993
 30
0.0
 11
1552.0
 21
681.2999999999993
 31
0.0
  0
TEXT
  5
67D
330
17
100
AcDbEntity
  8
42-TABLO
100
AcDbText
 10
1557.5
 20
684.6499999999993
 30
0.0
 40
2.05
  1

  7
TRK
 72
1
 11
1557.5
 21
684.6499999999993
 31
0.0
100
AcDbText
 73
2
  0
LINE
  5
67E
330
17
100
AcDbEntity
  8
42-TABLO
100
AcDbLine
 10
1563.0
 20
687.9999999999993
 30
0.0
 11
1563.0
 21
681.2999999999993
 31
0.0
  0
TEXT
  5
67F
330
17
100
AcDbEntity
  8
42-TABLO
100
AcDbText
 10
1568.5
 20
684.6499999999993
 30
0.0
 40
2.05
  1

  7
TRK
 72
1
 11
1568.5
 21
684.6499999999993
 31
0.0
100
AcDbText
 73
2
  0
LINE
  5
680
330
17
100
AcDbEntity
  8
42-TABLO
100
AcDbLine
 10
1574.0
 20
687.9999999999993
 30
0.0
 11
1574.0
 21
681.2999999999993
 31
0.0
  0
TEXT
  5
681
330
17
100
AcDbEntity
  8
42-TABLO
100
AcDbText
 10
1581.0
 20
684.6499999999993
 30
0.0
 40
2.05
  1

  7
TRK
 72
1
 11
1581.0
 21
684.6499999999993
 31
0.0
100
AcDbText
 73
2
  0
LINE
  5
682
330
17
100
AcDbEntity
  8
42-TABLO
100
AcDbLine
 10
1588.0
 20
687.9999999999993
 30
0.0
 11
1588.0
 21
681.2999999999993
 31
0.0
  0
TEXT
  5
683
330
17
100
AcDbEntity
  8
42-TABLO
100
AcDbText
 10
1602.8
 20
684.6499999999993
 30
0.0
 40
2.05
  1
2
  7
TRK
 72
2
 11
1602.8
 21
684.6499999999993
 31
0.0
100
AcDbText
 73
2
  0
LINE
  5
684
330
17
100
AcDbEntity
  8
42-TABLO
100
AcDbLine
 10
1604.0
 20
687.9999999999993
 30
0.0
 11
1604.0
 21
681.2999999999993
 31
0.0
  0
TEXT
  5
685
330
17
100
AcDbEntity
  8
42-TABLO
100
AcDbText
 10
1622.8
 20
684.6499999999993
 30
0.0
 40
2.05
  1

  7
TRK
 72
2
 11
1622.8
 21
684.6499999999993
 31
0.0
100
AcDbText
 73
2
  0
LINE
  5
686
330
17
100
AcDbEntity
  8
42-TABLO
100
AcDbLine
 10
1624.0
 20
687.9999999999993
 30
0.0
 11
1624.0
 21
681.2999999999993
 31
0.0
  0
TEXT
  5
687
330
17
100
AcDbEntity
  8
42-TABLO
100
AcDbText
 10
1644.8
 20
684.6499999999993
 30
0.0
 40
2.05
  1

  7
TRK
 72
2
 11
1644.8
 21
684.6499999999993
 31
0.0
100
AcDbText
 73
2
  0
LINE
  5
688
330
17
100
AcDbEntity
  8
42-TABLO
100
AcDbLine
 10
1646.0
 20
687.9999999999993
 30
0.0
 11
1646.0
 21
681.2999999999993
 31
0.0
  0
LINE
  5
689
330
17
100
AcDbEntity
  8
42-TABLO
100
AcDbLine
 10
1280.0
 20
681.2999999999993
 30
0.0
 11
1646.0
 21
681.2999999999993
 31
0.0
  0
TEXT
  5
68A
330
17
100
AcDbEntity
  8
42-TABLO
100
AcDbText
 10
1284.5
 20
677.9499999999992
 30
0.0
 40
2.05
  1
14
  7
TRK
 72
1
 11
1284.5
 21
677.9499999999992
 31
0.0
100
AcDbText
 73
2
  0
LINE
  5
68B
330
17
100
AcDbEntity
  8
42-TABLO
100
AcDbLine
 10
1289.0
 20
681.2999999999993
 30
0.0
 11
1289.0
 21
674.5999999999992
 31
0.0
  0
TEXT
  5
68C
330
17
100
AcDbEntity
  8
42-TABLO
100
AcDbText
 10
1298.0
 20
677.9499999999992
 30
0.0
 40
2.05
  1

  7
TRK
 72
1
 11
1298.0
 21
677.9499999999992
 31
0.0
100
AcDbText
 73
2
  0
LINE
  5
68D
330
17
100
AcDbEntity
  8
42-TABLO
100
AcDbLine
 10
1307.0
 20
681.2999999999993
 30
0.0
 11
1307.0
 21
674.5999999999992
 31
0.0
  0
TEXT
  5
68E
330
17
100
AcDbEntity
  8
42-TABLO
100
AcDbText
 10
1308.2
 20
677.9499999999992
 30
0.0
 40
2.05
  1
Gergi klemensi 3/0 AWG Pigeon için (cývatalý/kama tipi, Al alaþým)
  7
TRK
 11
1308.2
 21
677.9499999999992
 31
0.0
100
AcDbText
 73
2
  0
LINE
  5
68F
330
17
100
AcDbEntity
  8
42-TABLO
100
AcDbLine
 10
1485.0
 20
681.2999999999993
 30
0.0
 11
1485.0
 21
674.5999999999992
 31
0.0
  0
TEXT
  5
690
330
17
100
AcDbEntity
  8
42-TABLO
100
AcDbText
 10
1491.0
 20
677.9499999999992
 30
0.0
 40
2.05
  1
Adet
  7
TRK
 72
1
 11
1491.0
 21
677.9499999999992
 31
0.0
100
AcDbText
 73
2
  0
LINE
  5
691
330
17
100
AcDbEntity
  8
42-TABLO
100
AcDbLine
 10
1497.0
 20
681.2999999999993
 30
0.0
 11
1497.0
 21
674.5999999999992
 31
0.0
  0
TEXT
  5
692
330
17
100
AcDbEntity
  8
42-TABLO
100
AcDbText
 10
1502.5
 20
677.9499999999992
 30
0.0
 40
2.05
  1
6
  7
TRK
 72
1
 11
1502.5
 21
677.9499999999992
 31
0.0
100
AcDbText
 73
2
  0
LINE
  5
693
330
17
100
AcDbEntity
  8
42-TABLO
100
AcDbLine
 10
1508.0
 20
681.2999999999993
 30
0.0
 11
1508.0
 21
674.5999999999992
 31
0.0
  0
TEXT
  5
694
330
17
100
AcDbEntity
  8
42-TABLO
100
AcDbText
 10
1513.5
 20
677.9499999999992
 30
0.0
 40
2.05
  1
6
  7
TRK
 72
1
 11
1513.5
 21
677.9499999999992
 31
0.0
100
AcDbText
 73
2
  0
LINE
  5
695
330
17
100
AcDbEntity
  8
42-TABLO
100
AcDbLine
 10
1519.0
 20
681.2999999999993
 30
0.0
 11
1519.0
 21
674.5999999999992
 31
0.0
  0
TEXT
  5
696
330
17
100
AcDbEntity
  8
42-TABLO
100
AcDbText
 10
1524.5
 20
677.9499999999992
 30
0.0
 40
2.05
  1

  7
TRK
 72
1
 11
1524.5
 21
677.9499999999992
 31
0.0
100
AcDbText
 73
2
  0
LINE
  5
697
330
17
100
AcDbEntity
  8
42-TABLO
100
AcDbLine
 10
1530.0
 20
681.2999999999993
 30
0.0
 11
1530.0
 21
674.5999999999992
 31
0.0
  0
TEXT
  5
698
330
17
100
AcDbEntity
  8
42-TABLO
100
AcDbText
 10
1535.5
 20
677.9499999999992
 30
0.0
 40
2.05
  1

  7
TRK
 72
1
 11
1535.5
 21
677.9499999999992
 31
0.0
100
AcDbText
 73
2
  0
LINE
  5
699
330
17
100
AcDbEntity
  8
42-TABLO
100
AcDbLine
 10
1541.0
 20
681.2999999999993
 30
0.0
 11
1541.0
 21
674.5999999999992
 31
0.0
  0
TEXT
  5
69A
330
17
100
AcDbEntity
  8
42-TABLO
100
AcDbText
 10
1546.5
 20
677.9499999999992
 30
0.0
 40
2.05
  1
6
  7
TRK
 72
1
 11
1546.5
 21
677.9499999999992
 31
0.0
100
AcDbText
 73
2
  0
LINE
  5
69B
330
17
100
AcDbEntity
  8
42-TABLO
100
AcDbLine
 10
1552.0
 20
681.2999999999993
 30
0.0
 11
1552.0
 21
674.5999999999992
 31
0.0
  0
TEXT
  5
69C
330
17
100
AcDbEntity
  8
42-TABLO
100
AcDbText
 10
1557.5
 20
677.9499999999992
 30
0.0
 40
2.05
  1
3
  7
TRK
 72
1
 11
1557.5
 21
677.9499999999992
 31
0.0
100
AcDbText
 73
2
  0
LINE
  5
69D
330
17
100
AcDbEntity
  8
42-TABLO
100
AcDbLine
 10
1563.0
 20
681.2999999999993
 30
0.0
 11
1563.0
 21
674.5999999999992
 31
0.0
  0
TEXT
  5
69E
330
17
100
AcDbEntity
  8
42-TABLO
100
AcDbText
 10
1568.5
 20
677.9499999999992
 30
0.0
 40
2.05
  1
3
  7
TRK
 72
1
 11
1568.5
 21
677.9499999999992
 31
0.0
100
AcDbText
 73
2
  0
LINE
  5
69F
330
17
100
AcDbEntity
  8
42-TABLO
100
AcDbLine
 10
1574.0
 20
681.2999999999993
 30
0.0
 11
1574.0
 21
674.5999999999992
 31
0.0
  0
TEXT
  5
6A0
330
17
100
AcDbEntity
  8
42-TABLO
100
AcDbText
 10
1581.0
 20
677.9499999999992
 30
0.0
 40
2.05
  1

  7
TRK
 72
1
 11
1581.0
 21
677.9499999999992
 31
0.0
100
AcDbText
 73
2
  0
LINE
  5
6A1
330
17
100
AcDbEntity
  8
42-TABLO
100
AcDbLine
 10
1588.0
 20
681.2999999999993
 30
0.0
 11
1588.0
 21
674.5999999999992
 31
0.0
  0
TEXT
  5
6A2
330
17
100
AcDbEntity
  8
42-TABLO
100
AcDbText
 10
1602.8
 20
677.9499999999992
 30
0.0
 40
2.05
  1
24
  7
TRK
 72
2
 11
1602.8
 21
677.9499999999992
 31
0.0
100
AcDbText
 73
2
  0
LINE
  5
6A3
330
17
100
AcDbEntity
  8
42-TABLO
100
AcDbLine
 10
1604.0
 20
681.2999999999993
 30
0.0
 11
1604.0
 21
674.5999999999992
 31
0.0
  0
TEXT
  5
6A4
330
17
100
AcDbEntity
  8
42-TABLO
100
AcDbText
 10
1622.8
 20
677.9499999999992
 30
0.0
 40
2.05
  1

  7
TRK
 72
2
 11
1622.8
 21
677.9499999999992
 31
0.0
100
AcDbText
 73
2
  0
LINE
  5
6A5
330
17
100
AcDbEntity
  8
42-TABLO
100
AcDbLine
 10
1624.0
 20
681.2999999999993
 30
0.0
 11
1624.0
 21
674.5999999999992
 31
0.0
  0
TEXT
  5
6A6
330
17
100
AcDbEntity
  8
42-TABLO
100
AcDbText
 10
1644.8
 20
677.9499999999992
 30
0.0
 40
2.05
  1

  7
TRK
 72
2
 11
1644.8
 21
677.9499999999992
 31
0.0
100
AcDbText
 73
2
  0
LINE
  5
6A7
330
17
100
AcDbEntity
  8
42-TABLO
100
AcDbLine
 10
1646.0
 20
681.2999999999993
 30
0.0
 11
1646.0
 21
674.5999999999992
 31
0.0
  0
LINE
  5
6A8
330
17
100
AcDbEntity
  8
42-TABLO
100
AcDbLine
 10
1280.0
 20
674.5999999999992
 30
0.0
 11
1646.0
 21
674.5999999999992
 31
0.0
  0
TEXT
  5
6A9
330
17
100
AcDbEntity
  8
42-TABLO
100
AcDbText
 10
1284.5
 20
671.2499999999992
 30
0.0
 40
2.05
  1
15
  7
TRK
 72
1
 11
1284.5
 21
671.2499999999992
 31
0.0
100
AcDbText
 73
2
  0
LINE
  5
6AA
330
17
100
AcDbEntity
  8
42-TABLO
100
AcDbLine
 10
1289.0
 20
674.5999999999992
 30
0.0
 11
1289.0
 21
667.8999999999992
 31
0.0
  0
TEXT
  5
6AB
330
17
100
AcDbEntity
  8
42-TABLO
100
AcDbText
 10
1298.0
 20
671.2499999999992
 30
0.0
 40
2.05
  1

  7
TRK
 72
1
 11
1298.0
 21
671.2499999999992
 31
0.0
100
AcDbText
 73
2
  0
LINE
  5
6AC
330
17
100
AcDbEntity
  8
42-TABLO
100
AcDbLine
 10
1307.0
 20
674.5999999999992
 30
0.0
 11
1307.0
 21
667.8999999999992
 31
0.0
  0
TEXT
  5
6AD
330
17
100
AcDbEntity
  8
42-TABLO
100
AcDbText
 10
1308.2
 20
671.2499999999992
 30
0.0
 40
2.05
  1
U-mapa (shackle) 70 kN, sýcak daldýrma galvanizli
  7
TRK
 11
1308.2
 21
671.2499999999992
 31
0.0
100
AcDbText
 73
2
  0
LINE
  5
6AE
330
17
100
AcDbEntity
  8
42-TABLO
100
AcDbLine
 10
1485.0
 20
674.5999999999992
 30
0.0
 11
1485.0
 21
667.8999999999992
 31
0.0
  0
TEXT
  5
6AF
330
17
100
AcDbEntity
  8
42-TABLO
100
AcDbText
 10
1491.0
 20
671.2499999999992
 30
0.0
 40
2.05
  1
Adet
  7
TRK
 72
1
 11
1491.0
 21
671.2499999999992
 31
0.0
100
AcDbText
 73
2
  0
LINE
  5
6B0
330
17
100
AcDbEntity
  8
42-TABLO
100
AcDbLine
 10
1497.0
 20
674.5999999999992
 30
0.0
 11
1497.0
 21
667.8999999999992
 31
0.0
  0
TEXT
  5
6B1
330
17
100
AcDbEntity
  8
42-TABLO
100
AcDbText
 10
1502.5
 20
671.2499999999992
 30
0.0
 40
2.05
  1
6
  7
TRK
 72
1
 11
1502.5
 21
671.2499999999992
 31
0.0
100
AcDbText
 73
2
  0
LINE
  5
6B2
330
17
100
AcDbEntity
  8
42-TABLO
100
AcDbLine
 10
1508.0
 20
674.5999999999992
 30
0.0
 11
1508.0
 21
667.8999999999992
 31
0.0
  0
TEXT
  5
6B3
330
17
100
AcDbEntity
  8
42-TABLO
100
AcDbText
 10
1513.5
 20
671.2499999999992
 30
0.0
 40
2.05
  1
6
  7
TRK
 72
1
 11
1513.5
 21
671.2499999999992
 31
0.0
100
AcDbText
 73
2
  0
LINE
  5
6B4
330
17
100
AcDbEntity
  8
42-TABLO
100
AcDbLine
 10
1519.0
 20
674.5999999999992
 30
0.0
 11
1519.0
 21
667.8999999999992
 31
0.0
  0
TEXT
  5
6B5
330
17
100
AcDbEntity
  8
42-TABLO
100
AcDbText
 10
1524.5
 20
671.2499999999992
 30
0.0
 40
2.05
  1

  7
TRK
 72
1
 11
1524.5
 21
671.2499999999992
 31
0.0
100
AcDbText
 73
2
  0
LINE
  5
6B6
330
17
100
AcDbEntity
  8
42-TABLO
100
AcDbLine
 10
1530.0
 20
674.5999999999992
 30
0.0
 11
1530.0
 21
667.8999999999992
 31
0.0
  0
TEXT
  5
6B7
330
17
100
AcDbEntity
  8
42-TABLO
100
AcDbText
 10
1535.5
 20
671.2499999999992
 30
0.0
 40
2.05
  1

  7
TRK
 72
1
 11
1535.5
 21
671.2499999999992
 31
0.0
100
AcDbText
 73
2
  0
LINE
  5
6B8
330
17
100
AcDbEntity
  8
42-TABLO
100
AcDbLine
 10
1541.0
 20
674.5999999999992
 30
0.0
 11
1541.0
 21
667.8999999999992
 31
0.0
  0
TEXT
  5
6B9
330
17
100
AcDbEntity
  8
42-TABLO
100
AcDbText
 10
1546.5
 20
671.2499999999992
 30
0.0
 40
2.05
  1
6
  7
TRK
 72
1
 11
1546.5
 21
671.2499999999992
 31
0.0
100
AcDbText
 73
2
  0
LINE
  5
6BA
330
17
100
AcDbEntity
  8
42-TABLO
100
AcDbLine
 10
1552.0
 20
674.5999999999992
 30
0.0
 11
1552.0
 21
667.8999999999992
 31
0.0
  0
TEXT
  5
6BB
330
17
100
AcDbEntity
  8
42-TABLO
100
AcDbText
 10
1557.5
 20
671.2499999999992
 30
0.0
 40
2.05
  1
3
  7
TRK
 72
1
 11
1557.5
 21
671.2499999999992
 31
0.0
100
AcDbText
 73
2
  0
LINE
  5
6BC
330
17
100
AcDbEntity
  8
42-TABLO
100
AcDbLine
 10
1563.0
 20
674.5999999999992
 30
0.0
 11
1563.0
 21
667.8999999999992
 31
0.0
  0
TEXT
  5
6BD
330
17
100
AcDbEntity
  8
42-TABLO
100
AcDbText
 10
1568.5
 20
671.2499999999992
 30
0.0
 40
2.05
  1
3
  7
TRK
 72
1
 11
1568.5
 21
671.2499999999992
 31
0.0
100
AcDbText
 73
2
  0
LINE
  5
6BE
330
17
100
AcDbEntity
  8
42-TABLO
100
AcDbLine
 10
1574.0
 20
674.5999999999992
 30
0.0
 11
1574.0
 21
667.8999999999992
 31
0.0
  0
TEXT
  5
6BF
330
17
100
AcDbEntity
  8
42-TABLO
100
AcDbText
 10
1581.0
 20
671.2499999999992
 30
0.0
 40
2.05
  1

  7
TRK
 72
1
 11
1581.0
 21
671.2499999999992
 31
0.0
100
AcDbText
 73
2
  0
LINE
  5
6C0
330
17
100
AcDbEntity
  8
42-TABLO
100
AcDbLine
 10
1588.0
 20
674.5999999999992
 30
0.0
 11
1588.0
 21
667.8999999999992
 31
0.0
  0
TEXT
  5
6C1
330
17
100
AcDbEntity
  8
42-TABLO
100
AcDbText
 10
1602.8
 20
671.2499999999992
 30
0.0
 40
2.05
  1
24
  7
TRK
 72
2
 11
1602.8
 21
671.2499999999992
 31
0.0
100
AcDbText
 73
2
  0
LINE
  5
6C2
330
17
100
AcDbEntity
  8
42-TABLO
100
AcDbLine
 10
1604.0
 20
674.5999999999992
 30
0.0
 11
1604.0
 21
667.8999999999992
 31
0.0
  0
TEXT
  5
6C3
330
17
100
AcDbEntity
  8
42-TABLO
100
AcDbText
 10
1622.8
 20
671.2499999999992
 30
0.0
 40
2.05
  1

  7
TRK
 72
2
 11
1622.8
 21
671.2499999999992
 31
0.0
100
AcDbText
 73
2
  0
LINE
  5
6C4
330
17
100
AcDbEntity
  8
42-TABLO
100
AcDbLine
 10
1624.0
 20
674.5999999999992
 30
0.0
 11
1624.0
 21
667.8999999999992
 31
0.0
  0
TEXT
  5
6C5
330
17
100
AcDbEntity
  8
42-TABLO
100
AcDbText
 10
1644.8
 20
671.2499999999992
 30
0.0
 40
2.05
  1

  7
TRK
 72
2
 11
1644.8
 21
671.2499999999992
 31
0.0
100
AcDbText
 73
2
  0
LINE
  5
6C6
330
17
100
AcDbEntity
  8
42-TABLO
100
AcDbLine
 10
1646.0
 20
674.5999999999992
 30
0.0
 11
1646.0
 21
667.8999999999992
 31
0.0
  0
LINE
  5
6C7
330
17
100
AcDbEntity
  8
42-TABLO
100
AcDbLine
 10
1280.0
 20
667.8999999999992
 30
0.0
 11
1646.0
 21
667.8999999999992
 31
0.0
  0
TEXT
  5
6C8
330
17
100
AcDbEntity
  8
42-TABLO
100
AcDbText
 10
1284.5
 20
664.5499999999992
 30
0.0
 40
2.05
  1
16
  7
TRK
 72
1
 11
1284.5
 21
664.5499999999992
 31
0.0
100
AcDbText
 73
2
  0
LINE
  5
6C9
330
17
100
AcDbEntity
  8
42-TABLO
100
AcDbLine
 10
1289.0
 20
667.8999999999992
 30
0.0
 11
1289.0
 21
661.1999999999991
 31
0.0
  0
TEXT
  5
6CA
330
17
100
AcDbEntity
  8
42-TABLO
100
AcDbText
 10
1298.0
 20
664.5499999999992
 30
0.0
 40
2.05
  1

  7
TRK
 72
1
 11
1298.0
 21
664.5499999999992
 31
0.0
100
AcDbText
 73
2
  0
LINE
  5
6CB
330
17
100
AcDbEntity
  8
42-TABLO
100
AcDbLine
 10
1307.0
 20
667.8999999999992
 30
0.0
 11
1307.0
 21
661.1999999999991
 31
0.0
  0
TEXT
  5
6CC
330
17
100
AcDbEntity
  8
42-TABLO
100
AcDbText
 10
1308.2
 20
664.5499999999992
 30
0.0
 40
2.05
  1
Göz-çatal / oval göz ara baðlantý elemaný 70 kN
  7
TRK
 11
1308.2
 21
664.5499999999992
 31
0.0
100
AcDbText
 73
2
  0
LINE
  5
6CD
330
17
100
AcDbEntity
  8
42-TABLO
100
AcDbLine
 10
1485.0
 20
667.8999999999992
 30
0.0
 11
1485.0
 21
661.1999999999991
 31
0.0
  0
TEXT
  5
6CE
330
17
100
AcDbEntity
  8
42-TABLO
100
AcDbText
 10
1491.0
 20
664.5499999999992
 30
0.0
 40
2.05
  1
Adet
  7
TRK
 72
1
 11
1491.0
 21
664.5499999999992
 31
0.0
100
AcDbText
 73
2
  0
LINE
  5
6CF
330
17
100
AcDbEntity
  8
42-TABLO
100
AcDbLine
 10
1497.0
 20
667.8999999999992
 30
0.0
 11
1497.0
 21
661.1999999999991
 31
0.0
  0
TEXT
  5
6D0
330
17
100
AcDbEntity
  8
42-TABLO
100
AcDbText
 10
1502.5
 20
664.5499999999992
 30
0.0
 40
2.05
  1
6
  7
TRK
 72
1
 11
1502.5
 21
664.5499999999992
 31
0.0
100
AcDbText
 73
2
  0
LINE
  5
6D1
330
17
100
AcDbEntity
  8
42-TABLO
100
AcDbLine
 10
1508.0
 20
667.8999999999992
 30
0.0
 11
1508.0
 21
661.1999999999991
 31
0.0
  0
TEXT
  5
6D2
330
17
100
AcDbEntity
  8
42-TABLO
100
AcDbText
 10
1513.5
 20
664.5499999999992
 30
0.0
 40
2.05
  1
6
  7
TRK
 72
1
 11
1513.5
 21
664.5499999999992
 31
0.0
100
AcDbText
 73
2
  0
LINE
  5
6D3
330
17
100
AcDbEntity
  8
42-TABLO
100
AcDbLine
 10
1519.0
 20
667.8999999999992
 30
0.0
 11
1519.0
 21
661.1999999999991
 31
0.0
  0
TEXT
  5
6D4
330
17
100
AcDbEntity
  8
42-TABLO
100
AcDbText
 10
1524.5
 20
664.5499999999992
 30
0.0
 40
2.05
  1

  7
TRK
 72
1
 11
1524.5
 21
664.5499999999992
 31
0.0
100
AcDbText
 73
2
  0
LINE
  5
6D5
330
17
100
AcDbEntity
  8
42-TABLO
100
AcDbLine
 10
1530.0
 20
667.8999999999992
 30
0.0
 11
1530.0
 21
661.1999999999991
 31
0.0
  0
TEXT
  5
6D6
330
17
100
AcDbEntity
  8
42-TABLO
100
AcDbText
 10
1535.5
 20
664.5499999999992
 30
0.0
 40
2.05
  1

  7
TRK
 72
1
 11
1535.5
 21
664.5499999999992
 31
0.0
100
AcDbText
 73
2
  0
LINE
  5
6D7
330
17
100
AcDbEntity
  8
42-TABLO
100
AcDbLine
 10
1541.0
 20
667.8999999999992
 30
0.0
 11
1541.0
 21
661.1999999999991
 31
0.0
  0
TEXT
  5
6D8
330
17
100
AcDbEntity
  8
42-TABLO
100
AcDbText
 10
1546.5
 20
664.5499999999992
 30
0.0
 40
2.05
  1
6
  7
TRK
 72
1
 11
1546.5
 21
664.5499999999992
 31
0.0
100
AcDbText
 73
2
  0
LINE
  5
6D9
330
17
100
AcDbEntity
  8
42-TABLO
100
AcDbLine
 10
1552.0
 20
667.8999999999992
 30
0.0
 11
1552.0
 21
661.1999999999991
 31
0.0
  0
TEXT
  5
6DA
330
17
100
AcDbEntity
  8
42-TABLO
100
AcDbText
 10
1557.5
 20
664.5499999999992
 30
0.0
 40
2.05
  1
3
  7
TRK
 72
1
 11
1557.5
 21
664.5499999999992
 31
0.0
100
AcDbText
 73
2
  0
LINE
  5
6DB
330
17
100
AcDbEntity
  8
42-TABLO
100
AcDbLine
 10
1563.0
 20
667.8999999999992
 30
0.0
 11
1563.0
 21
661.1999999999991
 31
0.0
  0
TEXT
  5
6DC
330
17
100
AcDbEntity
  8
42-TABLO
100
AcDbText
 10
1568.5
 20
664.5499999999992
 30
0.0
 40
2.05
  1
3
  7
TRK
 72
1
 11
1568.5
 21
664.5499999999992
 31
0.0
100
AcDbText
 73
2
  0
LINE
  5
6DD
330
17
100
AcDbEntity
  8
42-TABLO
100
AcDbLine
 10
1574.0
 20
667.8999999999992
 30
0.0
 11
1574.0
 21
661.1999999999991
 31
0.0
  0
TEXT
  5
6DE
330
17
100
AcDbEntity
  8
42-TABLO
100
AcDbText
 10
1581.0
 20
664.5499999999992
 30
0.0
 40
2.05
  1

  7
TRK
 72
1
 11
1581.0
 21
664.5499999999992
 31
0.0
100
AcDbText
 73
2
  0
LINE
  5
6DF
330
17
100
AcDbEntity
  8
42-TABLO
100
AcDbLine
 10
1588.0
 20
667.8999999999992
 30
0.0
 11
1588.0
 21
661.1999999999991
 31
0.0
  0
TEXT
  5
6E0
330
17
100
AcDbEntity
  8
42-TABLO
100
AcDbText
 10
1602.8
 20
664.5499999999992
 30
0.0
 40
2.05
  1
24
  7
TRK
 72
2
 11
1602.8
 21
664.5499999999992
 31
0.0
100
AcDbText
 73
2
  0
LINE
  5
6E1
330
17
100
AcDbEntity
  8
42-TABLO
100
AcDbLine
 10
1604.0
 20
667.8999999999992
 30
0.0
 11
1604.0
 21
661.1999999999991
 31
0.0
  0
TEXT
  5
6E2
330
17
100
AcDbEntity
  8
42-TABLO
100
AcDbText
 10
1622.8
 20
664.5499999999992
 30
0.0
 40
2.05
  1

  7
TRK
 72
2
 11
1622.8
 21
664.5499999999992
 31
0.0
100
AcDbText
 73
2
  0
LINE
  5
6E3
330
17
100
AcDbEntity
  8
42-TABLO
100
AcDbLine
 10
1624.0
 20
667.8999999999992
 30
0.0
 11
1624.0
 21
661.1999999999991
 31
0.0
  0
TEXT
  5
6E4
330
17
100
AcDbEntity
  8
42-TABLO
100
AcDbText
 10
1644.8
 20
664.5499999999992
 30
0.0
 40
2.05
  1

  7
TRK
 72
2
 11
1644.8
 21
664.5499999999992
 31
0.0
100
AcDbText
 73
2
  0
LINE
  5
6E5
330
17
100
AcDbEntity
  8
42-TABLO
100
AcDbLine
 10
1646.0
 20
667.8999999999992
 30
0.0
 11
1646.0
 21
661.1999999999991
 31
0.0
  0
LINE
  5
6E6
330
17
100
AcDbEntity
  8
42-TABLO
100
AcDbLine
 10
1280.0
 20
661.1999999999991
 30
0.0
 11
1646.0
 21
661.1999999999991
 31
0.0
  0
TEXT
  5
6E7
330
17
100
AcDbEntity
  8
42-TABLO
100
AcDbText
 10
1284.5
 20
657.8499999999991
 30
0.0
 40
2.05
  1
17
  7
TRK
 72
1
 11
1284.5
 21
657.8499999999991
 31
0.0
100
AcDbText
 73
2
  0
LINE
  5
6E8
330
17
100
AcDbEntity
  8
42-TABLO
100
AcDbLine
 10
1289.0
 20
661.1999999999991
 30
0.0
 11
1289.0
 21
654.4999999999991
 31
0.0
  0
TEXT
  5
6E9
330
17
100
AcDbEntity
  8
42-TABLO
100
AcDbText
 10
1298.0
 20
657.8499999999991
 30
0.0
 40
2.05
  1

  7
TRK
 72
1
 11
1298.0
 21
657.8499999999991
 31
0.0
100
AcDbText
 73
2
  0
LINE
  5
6EA
330
17
100
AcDbEntity
  8
42-TABLO
100
AcDbLine
 10
1307.0
 20
661.1999999999991
 30
0.0
 11
1307.0
 21
654.4999999999991
 31
0.0
  0
TEXT
  5
6EB
330
17
100
AcDbEntity
  8
42-TABLO
100
AcDbText
 10
1308.2
 20
657.8499999999991
 30
0.0
 40
2.05
  1
Gergi baðlantý lamý / travers gergi demiri
  7
TRK
 11
1308.2
 21
657.8499999999991
 31
0.0
100
AcDbText
 73
2
  0
LINE
  5
6EC
330
17
100
AcDbEntity
  8
42-TABLO
100
AcDbLine
 10
1485.0
 20
661.1999999999991
 30
0.0
 11
1485.0
 21
654.4999999999991
 31
0.0
  0
TEXT
  5
6ED
330
17
100
AcDbEntity
  8
42-TABLO
100
AcDbText
 10
1491.0
 20
657.8499999999991
 30
0.0
 40
2.05
  1
Adet
  7
TRK
 72
1
 11
1491.0
 21
657.8499999999991
 31
0.0
100
AcDbText
 73
2
  0
LINE
  5
6EE
330
17
100
AcDbEntity
  8
42-TABLO
100
AcDbLine
 10
1497.0
 20
661.1999999999991
 30
0.0
 11
1497.0
 21
654.4999999999991
 31
0.0
  0
TEXT
  5
6EF
330
17
100
AcDbEntity
  8
42-TABLO
100
AcDbText
 10
1502.5
 20
657.8499999999991
 30
0.0
 40
2.05
  1
6
  7
TRK
 72
1
 11
1502.5
 21
657.8499999999991
 31
0.0
100
AcDbText
 73
2
  0
LINE
  5
6F0
330
17
100
AcDbEntity
  8
42-TABLO
100
AcDbLine
 10
1508.0
 20
661.1999999999991
 30
0.0
 11
1508.0
 21
654.4999999999991
 31
0.0
  0
TEXT
  5
6F1
330
17
100
AcDbEntity
  8
42-TABLO
100
AcDbText
 10
1513.5
 20
657.8499999999991
 30
0.0
 40
2.05
  1
6
  7
TRK
 72
1
 11
1513.5
 21
657.8499999999991
 31
0.0
100
AcDbText
 73
2
  0
LINE
  5
6F2
330
17
100
AcDbEntity
  8
42-TABLO
100
AcDbLine
 10
1519.0
 20
661.1999999999991
 30
0.0
 11
1519.0
 21
654.4999999999991
 31
0.0
  0
TEXT
  5
6F3
330
17
100
AcDbEntity
  8
42-TABLO
100
AcDbText
 10
1524.5
 20
657.8499999999991
 30
0.0
 40
2.05
  1

  7
TRK
 72
1
 11
1524.5
 21
657.8499999999991
 31
0.0
100
AcDbText
 73
2
  0
LINE
  5
6F4
330
17
100
AcDbEntity
  8
42-TABLO
100
AcDbLine
 10
1530.0
 20
661.1999999999991
 30
0.0
 11
1530.0
 21
654.4999999999991
 31
0.0
  0
TEXT
  5
6F5
330
17
100
AcDbEntity
  8
42-TABLO
100
AcDbText
 10
1535.5
 20
657.8499999999991
 30
0.0
 40
2.05
  1

  7
TRK
 72
1
 11
1535.5
 21
657.8499999999991
 31
0.0
100
AcDbText
 73
2
  0
LINE
  5
6F6
330
17
100
AcDbEntity
  8
42-TABLO
100
AcDbLine
 10
1541.0
 20
661.1999999999991
 30
0.0
 11
1541.0
 21
654.4999999999991
 31
0.0
  0
TEXT
  5
6F7
330
17
100
AcDbEntity
  8
42-TABLO
100
AcDbText
 10
1546.5
 20
657.8499999999991
 30
0.0
 40
2.05
  1
6
  7
TRK
 72
1
 11
1546.5
 21
657.8499999999991
 31
0.0
100
AcDbText
 73
2
  0
LINE
  5
6F8
330
17
100
AcDbEntity
  8
42-TABLO
100
AcDbLine
 10
1552.0
 20
661.1999999999991
 30
0.0
 11
1552.0
 21
654.4999999999991
 31
0.0
  0
TEXT
  5
6F9
330
17
100
AcDbEntity
  8
42-TABLO
100
AcDbText
 10
1557.5
 20
657.8499999999991
 30
0.0
 40
2.05
  1
3
  7
TRK
 72
1
 11
1557.5
 21
657.8499999999991
 31
0.0
100
AcDbText
 73
2
  0
LINE
  5
6FA
330
17
100
AcDbEntity
  8
42-TABLO
100
AcDbLine
 10
1563.0
 20
661.1999999999991
 30
0.0
 11
1563.0
 21
654.4999999999991
 31
0.0
  0
TEXT
  5
6FB
330
17
100
AcDbEntity
  8
42-TABLO
100
AcDbText
 10
1568.5
 20
657.8499999999991
 30
0.0
 40
2.05
  1
3
  7
TRK
 72
1
 11
1568.5
 21
657.8499999999991
 31
0.0
100
AcDbText
 73
2
  0
LINE
  5
6FC
330
17
100
AcDbEntity
  8
42-TABLO
100
AcDbLine
 10
1574.0
 20
661.1999999999991
 30
0.0
 11
1574.0
 21
654.4999999999991
 31
0.0
  0
TEXT
  5
6FD
330
17
100
AcDbEntity
  8
42-TABLO
100
AcDbText
 10
1581.0
 20
657.8499999999991
 30
0.0
 40
2.05
  1

  7
TRK
 72
1
 11
1581.0
 21
657.8499999999991
 31
0.0
100
AcDbText
 73
2
  0
LINE
  5
6FE
330
17
100
AcDbEntity
  8
42-TABLO
100
AcDbLine
 10
1588.0
 20
661.1999999999991
 30
0.0
 11
1588.0
 21
654.4999999999991
 31
0.0
  0
TEXT
  5
6FF
330
17
100
AcDbEntity
  8
42-TABLO
100
AcDbText
 10
1602.8
 20
657.8499999999991
 30
0.0
 40
2.05
  1
24
  7
TRK
 72
2
 11
1602.8
 21
657.8499999999991
 31
0.0
100
AcDbText
 73
2
  0
LINE
  5
700
330
17
100
AcDbEntity
  8
42-TABLO
100
AcDbLine
 10
1604.0
 20
661.1999999999991
 30
0.0
 11
1604.0
 21
654.4999999999991
 31
0.0
  0
TEXT
  5
701
330
17
100
AcDbEntity
  8
42-TABLO
100
AcDbText
 10
1622.8
 20
657.8499999999991
 30
0.0
 40
2.05
  1

  7
TRK
 72
2
 11
1622.8
 21
657.8499999999991
 31
0.0
100
AcDbText
 73
2
  0
LINE
  5
702
330
17
100
AcDbEntity
  8
42-TABLO
100
AcDbLine
 10
1624.0
 20
661.1999999999991
 30
0.0
 11
1624.0
 21
654.4999999999991
 31
0.0
  0
TEXT
  5
703
330
17
100
AcDbEntity
  8
42-TABLO
100
AcDbText
 10
1644.8
 20
657.8499999999991
 30
0.0
 40
2.05
  1

  7
TRK
 72
2
 11
1644.8
 21
657.8499999999991
 31
0.0
100
AcDbText
 73
2
  0
LINE
  5
704
330
17
100
AcDbEntity
  8
42-TABLO
100
AcDbLine
 10
1646.0
 20
661.1999999999991
 30
0.0
 11
1646.0
 21
654.4999999999991
 31
0.0
  0
LINE
  5
705
330
17
100
AcDbEntity
  8
42-TABLO
100
AcDbLine
 10
1280.0
 20
654.4999999999991
 30
0.0
 11
1646.0
 21
654.4999999999991
 31
0.0
  0
TEXT
  5
706
330
17
100
AcDbEntity
  8
42-TABLO
100
AcDbText
 10
1284.5
 20
651.1499999999991
 30
0.0
 40
2.05
  1
18
  7
TRK
 72
1
 11
1284.5
 21
651.1499999999991
 31
0.0
100
AcDbText
 73
2
  0
LINE
  5
707
330
17
100
AcDbEntity
  8
42-TABLO
100
AcDbLine
 10
1289.0
 20
654.4999999999991
 30
0.0
 11
1289.0
 21
647.799999999999
 31
0.0
  0
TEXT
  5
708
330
17
100
AcDbEntity
  8
42-TABLO
100
AcDbText
 10
1298.0
 20
651.1499999999991
 30
0.0
 40
2.05
  1

  7
TRK
 72
1
 11
1298.0
 21
651.1499999999991
 31
0.0
100
AcDbText
 73
2
  0
LINE
  5
709
330
17
100
AcDbEntity
  8
42-TABLO
100
AcDbLine
 10
1307.0
 20
654.4999999999991
 30
0.0
 11
1307.0
 21
647.799999999999
 31
0.0
  0
TEXT
  5
70A
330
17
100
AcDbEntity
  8
42-TABLO
100
AcDbText
 10
1308.2
 20
651.1499999999991
 30
0.0
 40
2.05
  1
Mesnet izolatörü üst baþlýk (tepe) klemensi 3/0 AWG
  7
TRK
 11
1308.2
 21
651.1499999999991
 31
0.0
100
AcDbText
 73
2
  0
LINE
  5
70B
330
17
100
AcDbEntity
  8
42-TABLO
100
AcDbLine
 10
1485.0
 20
654.4999999999991
 30
0.0
 11
1485.0
 21
647.799999999999
 31
0.0
  0
TEXT
  5
70C
330
17
100
AcDbEntity
  8
42-TABLO
100
AcDbText
 10
1491.0
 20
651.1499999999991
 30
0.0
 40
2.05
  1
Adet
  7
TRK
 72
1
 11
1491.0
 21
651.1499999999991
 31
0.0
100
AcDbText
 73
2
  0
LINE
  5
70D
330
17
100
AcDbEntity
  8
42-TABLO
100
AcDbLine
 10
1497.0
 20
654.4999999999991
 30
0.0
 11
1497.0
 21
647.799999999999
 31
0.0
  0
TEXT
  5
70E
330
17
100
AcDbEntity
  8
42-TABLO
100
AcDbText
 10
1502.5
 20
651.1499999999991
 30
0.0
 40
2.05
  1

  7
TRK
 72
1
 11
1502.5
 21
651.1499999999991
 31
0.0
100
AcDbText
 73
2
  0
LINE
  5
70F
330
17
100
AcDbEntity
  8
42-TABLO
100
AcDbLine
 10
1508.0
 20
654.4999999999991
 30
0.0
 11
1508.0
 21
647.799999999999
 31
0.0
  0
TEXT
  5
710
330
17
100
AcDbEntity
  8
42-TABLO
100
AcDbText
 10
1513.5
 20
651.1499999999991
 30
0.0
 40
2.05
  1
1
  7
TRK
 72
1
 11
1513.5
 21
651.1499999999991
 31
0.0
100
AcDbText
 73
2
  0
LINE
  5
711
330
17
100
AcDbEntity
  8
42-TABLO
100
AcDbLine
 10
1519.0
 20
654.4999999999991
 30
0.0
 11
1519.0
 21
647.799999999999
 31
0.0
  0
TEXT
  5
712
330
17
100
AcDbEntity
  8
42-TABLO
100
AcDbText
 10
1524.5
 20
651.1499999999991
 30
0.0
 40
2.05
  1
3
  7
TRK
 72
1
 11
1524.5
 21
651.1499999999991
 31
0.0
100
AcDbText
 73
2
  0
LINE
  5
713
330
17
100
AcDbEntity
  8
42-TABLO
100
AcDbLine
 10
1530.0
 20
654.4999999999991
 30
0.0
 11
1530.0
 21
647.799999999999
 31
0.0
  0
TEXT
  5
714
330
17
100
AcDbEntity
  8
42-TABLO
100
AcDbText
 10
1535.5
 20
651.1499999999991
 30
0.0
 40
2.05
  1
3
  7
TRK
 72
1
 11
1535.5
 21
651.1499999999991
 31
0.0
100
AcDbText
 73
2
  0
LINE
  5
715
330
17
100
AcDbEntity
  8
42-TABLO
100
AcDbLine
 10
1541.0
 20
654.4999999999991
 30
0.0
 11
1541.0
 21
647.799999999999
 31
0.0
  0
TEXT
  5
716
330
17
100
AcDbEntity
  8
42-TABLO
100
AcDbText
 10
1546.5
 20
651.1499999999991
 30
0.0
 40
2.05
  1
1
  7
TRK
 72
1
 11
1546.5
 21
651.1499999999991
 31
0.0
100
AcDbText
 73
2
  0
LINE
  5
717
330
17
100
AcDbEntity
  8
42-TABLO
100
AcDbLine
 10
1552.0
 20
654.4999999999991
 30
0.0
 11
1552.0
 21
647.799999999999
 31
0.0
  0
TEXT
  5
718
330
17
100
AcDbEntity
  8
42-TABLO
100
AcDbText
 10
1557.5
 20
651.1499999999991
 30
0.0
 40
2.05
  1

  7
TRK
 72
1
 11
1557.5
 21
651.1499999999991
 31
0.0
100
AcDbText
 73
2
  0
LINE
  5
719
330
17
100
AcDbEntity
  8
42-TABLO
100
AcDbLine
 10
1563.0
 20
654.4999999999991
 30
0.0
 11
1563.0
 21
647.799999999999
 31
0.0
  0
TEXT
  5
71A
330
17
100
AcDbEntity
  8
42-TABLO
100
AcDbText
 10
1568.5
 20
651.1499999999991
 30
0.0
 40
2.05
  1

  7
TRK
 72
1
 11
1568.5
 21
651.1499999999991
 31
0.0
100
AcDbText
 73
2
  0
LINE
  5
71B
330
17
100
AcDbEntity
  8
42-TABLO
100
AcDbLine
 10
1574.0
 20
654.4999999999991
 30
0.0
 11
1574.0
 21
647.799999999999
 31
0.0
  0
TEXT
  5
71C
330
17
100
AcDbEntity
  8
42-TABLO
100
AcDbText
 10
1581.0
 20
651.1499999999991
 30
0.0
 40
2.05
  1

  7
TRK
 72
1
 11
1581.0
 21
651.1499999999991
 31
0.0
100
AcDbText
 73
2
  0
LINE
  5
71D
330
17
100
AcDbEntity
  8
42-TABLO
100
AcDbLine
 10
1588.0
 20
654.4999999999991
 30
0.0
 11
1588.0
 21
647.799999999999
 31
0.0
  0
TEXT
  5
71E
330
17
100
AcDbEntity
  8
42-TABLO
100
AcDbText
 10
1602.8
 20
651.1499999999991
 30
0.0
 40
2.05
  1
8
  7
TRK
 72
2
 11
1602.8
 21
651.1499999999991
 31
0.0
100
AcDbText
 73
2
  0
LINE
  5
71F
330
17
100
AcDbEntity
  8
42-TABLO
100
AcDbLine
 10
1604.0
 20
654.4999999999991
 30
0.0
 11
1604.0
 21
647.799999999999
 31
0.0
  0
TEXT
  5
720
330
17
100
AcDbEntity
  8
42-TABLO
100
AcDbText
 10
1622.8
 20
651.1499999999991
 30
0.0
 40
2.05
  1

  7
TRK
 72
2
 11
1622.8
 21
651.1499999999991
 31
0.0
100
AcDbText
 73
2
  0
LINE
  5
721
330
17
100
AcDbEntity
  8
42-TABLO
100
AcDbLine
 10
1624.0
 20
654.4999999999991
 30
0.0
 11
1624.0
 21
647.799999999999
 31
0.0
  0
TEXT
  5
722
330
17
100
AcDbEntity
  8
42-TABLO
100
AcDbText
 10
1644.8
 20
651.1499999999991
 30
0.0
 40
2.05
  1

  7
TRK
 72
2
 11
1644.8
 21
651.1499999999991
 31
0.0
100
AcDbText
 73
2
  0
LINE
  5
723
330
17
100
AcDbEntity
  8
42-TABLO
100
AcDbLine
 10
1646.0
 20
654.4999999999991
 30
0.0
 11
1646.0
 21
647.799999999999
 31
0.0
  0
LINE
  5
724
330
17
100
AcDbEntity
  8
42-TABLO
100
AcDbLine
 10
1280.0
 20
647.799999999999
 30
0.0
 11
1646.0
 21
647.799999999999
 31
0.0
  0
TEXT
  5
725
330
17
100
AcDbEntity
  8
42-TABLO
100
AcDbText
 10
1284.5
 20
644.449999999999
 30
0.0
 40
2.05
  1
19
  7
TRK
 72
1
 11
1284.5
 21
644.449999999999
 31
0.0
100
AcDbText
 73
2
  0
LINE
  5
726
330
17
100
AcDbEntity
  8
42-TABLO
100
AcDbLine
 10
1289.0
 20
647.799999999999
 30
0.0
 11
1289.0
 21
641.099999999999
 31
0.0
  0
TEXT
  5
727
330
17
100
AcDbEntity
  8
42-TABLO
100
AcDbText
 10
1298.0
 20
644.449999999999
 30
0.0
 40
2.05
  1

  7
TRK
 72
1
 11
1298.0
 21
644.449999999999
 31
0.0
100
AcDbText
 73
2
  0
LINE
  5
728
330
17
100
AcDbEntity
  8
42-TABLO
100
AcDbLine
 10
1307.0
 20
647.799999999999
 30
0.0
 11
1307.0
 21
641.099999999999
 31
0.0
  0
TEXT
  5
729
330
17
100
AcDbEntity
  8
42-TABLO
100
AcDbText
 10
1308.2
 20
644.449999999999
 30
0.0
 40
2.05
  1
Koruyucu sargý (armor rod) 3/0 AWG Pigeon
  7
TRK
 11
1308.2
 21
644.449999999999
 31
0.0
100
AcDbText
 73
2
  0
LINE
  5
72A
330
17
100
AcDbEntity
  8
42-TABLO
100
AcDbLine
 10
1485.0
 20
647.799999999999
 30
0.0
 11
1485.0
 21
641.099999999999
 31
0.0
  0
TEXT
  5
72B
330
17
100
AcDbEntity
  8
42-TABLO
100
AcDbText
 10
1491.0
 20
644.449999999999
 30
0.0
 40
2.05
  1
Takým
  7
TRK
 72
1
 11
1491.0
 21
644.449999999999
 31
0.0
100
AcDbText
 73
2
  0
LINE
  5
72C
330
17
100
AcDbEntity
  8
42-TABLO
100
AcDbLine
 10
1497.0
 20
647.799999999999
 30
0.0
 11
1497.0
 21
641.099999999999
 31
0.0
  0
TEXT
  5
72D
330
17
100
AcDbEntity
  8
42-TABLO
100
AcDbText
 10
1502.5
 20
644.449999999999
 30
0.0
 40
2.05
  1

  7
TRK
 72
1
 11
1502.5
 21
644.449999999999
 31
0.0
100
AcDbText
 73
2
  0
LINE
  5
72E
330
17
100
AcDbEntity
  8
42-TABLO
100
AcDbLine
 10
1508.0
 20
647.799999999999
 30
0.0
 11
1508.0
 21
641.099999999999
 31
0.0
  0
TEXT
  5
72F
330
17
100
AcDbEntity
  8
42-TABLO
100
AcDbText
 10
1513.5
 20
644.449999999999
 30
0.0
 40
2.05
  1

  7
TRK
 72
1
 11
1513.5
 21
644.449999999999
 31
0.0
100
AcDbText
 73
2
  0
LINE
  5
730
330
17
100
AcDbEntity
  8
42-TABLO
100
AcDbLine
 10
1519.0
 20
647.799999999999
 30
0.0
 11
1519.0
 21
641.099999999999
 31
0.0
  0
TEXT
  5
731
330
17
100
AcDbEntity
  8
42-TABLO
100
AcDbText
 10
1524.5
 20
644.449999999999
 30
0.0
 40
2.05
  1
3
  7
TRK
 72
1
 11
1524.5
 21
644.449999999999
 31
0.0
100
AcDbText
 73
2
  0
LINE
  5
732
330
17
100
AcDbEntity
  8
42-TABLO
100
AcDbLine
 10
1530.0
 20
647.799999999999
 30
0.0
 11
1530.0
 21
641.099999999999
 31
0.0
  0
TEXT
  5
733
330
17
100
AcDbEntity
  8
42-TABLO
100
AcDbText
 10
1535.5
 20
644.449999999999
 30
0.0
 40
2.05
  1
3
  7
TRK
 72
1
 11
1535.5
 21
644.449999999999
 31
0.0
100
AcDbText
 73
2
  0
LINE
  5
734
330
17
100
AcDbEntity
  8
42-TABLO
100
AcDbLine
 10
1541.0
 20
647.799999999999
 30
0.0
 11
1541.0
 21
641.099999999999
 31
0.0
  0
TEXT
  5
735
330
17
100
AcDbEntity
  8
42-TABLO
100
AcDbText
 10
1546.5
 20
644.449999999999
 30
0.0
 40
2.05
  1

  7
TRK
 72
1
 11
1546.5
 21
644.449999999999
 31
0.0
100
AcDbText
 73
2
  0
LINE
  5
736
330
17
100
AcDbEntity
  8
42-TABLO
100
AcDbLine
 10
1552.0
 20
647.799999999999
 30
0.0
 11
1552.0
 21
641.099999999999
 31
0.0
  0
TEXT
  5
737
330
17
100
AcDbEntity
  8
42-TABLO
100
AcDbText
 10
1557.5
 20
644.449999999999
 30
0.0
 40
2.05
  1

  7
TRK
 72
1
 11
1557.5
 21
644.449999999999
 31
0.0
100
AcDbText
 73
2
  0
LINE
  5
738
330
17
100
AcDbEntity
  8
42-TABLO
100
AcDbLine
 10
1563.0
 20
647.799999999999
 30
0.0
 11
1563.0
 21
641.099999999999
 31
0.0
  0
TEXT
  5
739
330
17
100
AcDbEntity
  8
42-TABLO
100
AcDbText
 10
1568.5
 20
644.449999999999
 30
0.0
 40
2.05
  1

  7
TRK
 72
1
 11
1568.5
 21
644.449999999999
 31
0.0
100
AcDbText
 73
2
  0
LINE
  5
73A
330
17
100
AcDbEntity
  8
42-TABLO
100
AcDbLine
 10
1574.0
 20
647.799999999999
 30
0.0
 11
1574.0
 21
641.099999999999
 31
0.0
  0
TEXT
  5
73B
330
17
100
AcDbEntity
  8
42-TABLO
100
AcDbText
 10
1581.0
 20
644.449999999999
 30
0.0
 40
2.05
  1

  7
TRK
 72
1
 11
1581.0
 21
644.449999999999
 31
0.0
100
AcDbText
 73
2
  0
LINE
  5
73C
330
17
100
AcDbEntity
  8
42-TABLO
100
AcDbLine
 10
1588.0
 20
647.799999999999
 30
0.0
 11
1588.0
 21
641.099999999999
 31
0.0
  0
TEXT
  5
73D
330
17
100
AcDbEntity
  8
42-TABLO
100
AcDbText
 10
1602.8
 20
644.449999999999
 30
0.0
 40
2.05
  1
6
  7
TRK
 72
2
 11
1602.8
 21
644.449999999999
 31
0.0
100
AcDbText
 73
2
  0
LINE
  5
73E
330
17
100
AcDbEntity
  8
42-TABLO
100
AcDbLine
 10
1604.0
 20
647.799999999999
 30
0.0
 11
1604.0
 21
641.099999999999
 31
0.0
  0
TEXT
  5
73F
330
17
100
AcDbEntity
  8
42-TABLO
100
AcDbText
 10
1622.8
 20
644.449999999999
 30
0.0
 40
2.05
  1

  7
TRK
 72
2
 11
1622.8
 21
644.449999999999
 31
0.0
100
AcDbText
 73
2
  0
LINE
  5
740
330
17
100
AcDbEntity
  8
42-TABLO
100
AcDbLine
 10
1624.0
 20
647.799999999999
 30
0.0
 11
1624.0
 21
641.099999999999
 31
0.0
  0
TEXT
  5
741
330
17
100
AcDbEntity
  8
42-TABLO
100
AcDbText
 10
1644.8
 20
644.449999999999
 30
0.0
 40
2.05
  1

  7
TRK
 72
2
 11
1644.8
 21
644.449999999999
 31
0.0
100
AcDbText
 73
2
  0
LINE
  5
742
330
17
100
AcDbEntity
  8
42-TABLO
100
AcDbLine
 10
1646.0
 20
647.799999999999
 30
0.0
 11
1646.0
 21
641.099999999999
 31
0.0
  0
LINE
  5
743
330
17
100
AcDbEntity
  8
42-TABLO
100
AcDbLine
 10
1280.0
 20
641.099999999999
 30
0.0
 11
1646.0
 21
641.099999999999
 31
0.0
  0
TEXT
  5
744
330
17
100
AcDbEntity
  8
42-TABLO
100
AcDbText
 10
1284.5
 20
637.749999999999
 30
0.0
 40
2.05
  1
20
  7
TRK
 72
1
 11
1284.5
 21
637.749999999999
 31
0.0
100
AcDbText
 73
2
  0
LINE
  5
745
330
17
100
AcDbEntity
  8
42-TABLO
100
AcDbLine
 10
1289.0
 20
641.099999999999
 30
0.0
 11
1289.0
 21
634.399999999999
 31
0.0
  0
TEXT
  5
746
330
17
100
AcDbEntity
  8
42-TABLO
100
AcDbText
 10
1298.0
 20
637.749999999999
 30
0.0
 40
2.05
  1

  7
TRK
 72
1
 11
1298.0
 21
637.749999999999
 31
0.0
100
AcDbText
 73
2
  0
LINE
  5
747
330
17
100
AcDbEntity
  8
42-TABLO
100
AcDbLine
 10
1307.0
 20
641.099999999999
 30
0.0
 11
1307.0
 21
634.399999999999
 31
0.0
  0
TEXT
  5
748
330
17
100
AcDbEntity
  8
42-TABLO
100
AcDbText
 10
1308.2
 20
637.749999999999
 30
0.0
 40
2.05
  1
Paralel oluklu (PG) Al klemens 3/0-3/0 AWG (atlama baðlantýsý)
  7
TRK
 11
1308.2
 21
637.749999999999
 31
0.0
100
AcDbText
 73
2
  0
LINE
  5
749
330
17
100
AcDbEntity
  8
42-TABLO
100
AcDbLine
 10
1485.0
 20
641.099999999999
 30
0.0
 11
1485.0
 21
634.399999999999
 31
0.0
  0
TEXT
  5
74A
330
17
100
AcDbEntity
  8
42-TABLO
100
AcDbText
 10
1491.0
 20
637.749999999999
 30
0.0
 40
2.05
  1
Adet
  7
TRK
 72
1
 11
1491.0
 21
637.749999999999
 31
0.0
100
AcDbText
 73
2
  0
LINE
  5
74B
330
17
100
AcDbEntity
  8
42-TABLO
100
AcDbLine
 10
1497.0
 20
641.099999999999
 30
0.0
 11
1497.0
 21
634.399999999999
 31
0.0
  0
TEXT
  5
74C
330
17
100
AcDbEntity
  8
42-TABLO
100
AcDbText
 10
1502.5
 20
637.749999999999
 30
0.0
 40
2.05
  1
6
  7
TRK
 72
1
 11
1502.5
 21
637.749999999999
 31
0.0
100
AcDbText
 73
2
  0
LINE
  5
74D
330
17
100
AcDbEntity
  8
42-TABLO
100
AcDbLine
 10
1508.0
 20
641.099999999999
 30
0.0
 11
1508.0
 21
634.399999999999
 31
0.0
  0
TEXT
  5
74E
330
17
100
AcDbEntity
  8
42-TABLO
100
AcDbText
 10
1513.5
 20
637.749999999999
 30
0.0
 40
2.05
  1
6
  7
TRK
 72
1
 11
1513.5
 21
637.749999999999
 31
0.0
100
AcDbText
 73
2
  0
LINE
  5
74F
330
17
100
AcDbEntity
  8
42-TABLO
100
AcDbLine
 10
1519.0
 20
641.099999999999
 30
0.0
 11
1519.0
 21
634.399999999999
 31
0.0
  0
TEXT
  5
750
330
17
100
AcDbEntity
  8
42-TABLO
100
AcDbText
 10
1524.5
 20
637.749999999999
 30
0.0
 40
2.05
  1

  7
TRK
 72
1
 11
1524.5
 21
637.749999999999
 31
0.0
100
AcDbText
 73
2
  0
LINE
  5
751
330
17
100
AcDbEntity
  8
42-TABLO
100
AcDbLine
 10
1530.0
 20
641.099999999999
 30
0.0
 11
1530.0
 21
634.399999999999
 31
0.0
  0
TEXT
  5
752
330
17
100
AcDbEntity
  8
42-TABLO
100
AcDbText
 10
1535.5
 20
637.749999999999
 30
0.0
 40
2.05
  1

  7
TRK
 72
1
 11
1535.5
 21
637.749999999999
 31
0.0
100
AcDbText
 73
2
  0
LINE
  5
753
330
17
100
AcDbEntity
  8
42-TABLO
100
AcDbLine
 10
1541.0
 20
641.099999999999
 30
0.0
 11
1541.0
 21
634.399999999999
 31
0.0
  0
TEXT
  5
754
330
17
100
AcDbEntity
  8
42-TABLO
100
AcDbText
 10
1546.5
 20
637.749999999999
 30
0.0
 40
2.05
  1
6
  7
TRK
 72
1
 11
1546.5
 21
637.749999999999
 31
0.0
100
AcDbText
 73
2
  0
LINE
  5
755
330
17
100
AcDbEntity
  8
42-TABLO
100
AcDbLine
 10
1552.0
 20
641.099999999999
 30
0.0
 11
1552.0
 21
634.399999999999
 31
0.0
  0
TEXT
  5
756
330
17
100
AcDbEntity
  8
42-TABLO
100
AcDbText
 10
1557.5
 20
637.749999999999
 30
0.0
 40
2.05
  1

  7
TRK
 72
1
 11
1557.5
 21
637.749999999999
 31
0.0
100
AcDbText
 73
2
  0
LINE
  5
757
330
17
100
AcDbEntity
  8
42-TABLO
100
AcDbLine
 10
1563.0
 20
641.099999999999
 30
0.0
 11
1563.0
 21
634.399999999999
 31
0.0
  0
TEXT
  5
758
330
17
100
AcDbEntity
  8
42-TABLO
100
AcDbText
 10
1568.5
 20
637.749999999999
 30
0.0
 40
2.05
  1
6
  7
TRK
 72
1
 11
1568.5
 21
637.749999999999
 31
0.0
100
AcDbText
 73
2
  0
LINE
  5
759
330
17
100
AcDbEntity
  8
42-TABLO
100
AcDbLine
 10
1574.0
 20
641.099999999999
 30
0.0
 11
1574.0
 21
634.399999999999
 31
0.0
  0
TEXT
  5
75A
330
17
100
AcDbEntity
  8
42-TABLO
100
AcDbText
 10
1581.0
 20
637.749999999999
 30
0.0
 40
2.05
  1

  7
TRK
 72
1
 11
1581.0
 21
637.749999999999
 31
0.0
100
AcDbText
 73
2
  0
LINE
  5
75B
330
17
100
AcDbEntity
  8
42-TABLO
100
AcDbLine
 10
1588.0
 20
641.099999999999
 30
0.0
 11
1588.0
 21
634.399999999999
 31
0.0
  0
TEXT
  5
75C
330
17
100
AcDbEntity
  8
42-TABLO
100
AcDbText
 10
1602.8
 20
637.749999999999
 30
0.0
 40
2.05
  1
24
  7
TRK
 72
2
 11
1602.8
 21
637.749999999999
 31
0.0
100
AcDbText
 73
2
  0
LINE
  5
75D
330
17
100
AcDbEntity
  8
42-TABLO
100
AcDbLine
 10
1604.0
 20
641.099999999999
 30
0.0
 11
1604.0
 21
634.399999999999
 31
0.0
  0
TEXT
  5
75E
330
17
100
AcDbEntity
  8
42-TABLO
100
AcDbText
 10
1622.8
 20
637.749999999999
 30
0.0
 40
2.05
  1

  7
TRK
 72
2
 11
1622.8
 21
637.749999999999
 31
0.0
100
AcDbText
 73
2
  0
LINE
  5
75F
330
17
100
AcDbEntity
  8
42-TABLO
100
AcDbLine
 10
1624.0
 20
641.099999999999
 30
0.0
 11
1624.0
 21
634.399999999999
 31
0.0
  0
TEXT
  5
760
330
17
100
AcDbEntity
  8
42-TABLO
100
AcDbText
 10
1644.8
 20
637.749999999999
 30
0.0
 40
2.05
  1

  7
TRK
 72
2
 11
1644.8
 21
637.749999999999
 31
0.0
100
AcDbText
 73
2
  0
LINE
  5
761
330
17
100
AcDbEntity
  8
42-TABLO
100
AcDbLine
 10
1646.0
 20
641.099999999999
 30
0.0
 11
1646.0
 21
634.399999999999
 31
0.0
  0
LINE
  5
762
330
17
100
AcDbEntity
  8
42-TABLO
100
AcDbLine
 10
1280.0
 20
634.399999999999
 30
0.0
 11
1646.0
 21
634.399999999999
 31
0.0
  0
LWPOLYLINE
  5
763
330
17
100
AcDbEntity
  8
43-TABLO-CERCEVE
100
AcDbPolyline
 90
4
 70
1
 10
1280.0
 20
627.6999999999989
 10
1646.0
 20
627.6999999999989
 10
1646.0
 20
634.399999999999
 10
1280.0
 20
634.399999999999
  0
TEXT
  5
764
330
17
100
AcDbEntity
  8
42-TABLO
100
AcDbText
 10
1282.0
 20
631.0499999999989
 30
0.0
 40
2.214
  1
D. AYIRICI (SEKSÝYONER) TEÇHÝZATI
  7
TRKB
 11
1282.0
 21
631.0499999999989
 31
0.0
100
AcDbText
 73
2
  0
TEXT
  5
765
330
17
100
AcDbEntity
  8
42-TABLO
100
AcDbText
 10
1284.5
 20
624.3499999999989
 30
0.0
 40
2.05
  1
21
  7
TRK
 72
1
 11
1284.5
 21
624.3499999999989
 31
0.0
100
AcDbText
 73
2
  0
LINE
  5
766
330
17
100
AcDbEntity
  8
42-TABLO
100
AcDbLine
 10
1289.0
 20
627.6999999999989
 30
0.0
 11
1289.0
 21
620.9999999999989
 31
0.0
  0
TEXT
  5
767
330
17
100
AcDbEntity
  8
42-TABLO
100
AcDbText
 10
1298.0
 20
624.3499999999989
 30
0.0
 40
2.05
  1

  7
TRK
 72
1
 11
1298.0
 21
624.3499999999989
 31
0.0
100
AcDbText
 73
2
  0
LINE
  5
768
330
17
100
AcDbEntity
  8
42-TABLO
100
AcDbLine
 10
1307.0
 20
627.6999999999989
 30
0.0
 11
1307.0
 21
620.9999999999989
 31
0.0
  0
TEXT
  5
769
330
17
100
AcDbEntity
  8
42-TABLO
100
AcDbText
 10
1308.2
 20
624.3499999999989
 30
0.0
 40
2.05
  1
36 kV 630 A 3 kutuplu harici tip ayýrýcý (seksiyoner), silikon izolatörlü, topraklama býçaksýz
  7
TRK
 11
1308.2
 21
624.3499999999989
 31
0.0
100
AcDbText
 73
2
  0
LINE
  5
76A
330
17
100
AcDbEntity
  8
42-TABLO
100
AcDbLine
 10
1485.0
 20
627.6999999999989
 30
0.0
 11
1485.0
 21
620.9999999999989
 31
0.0
  0
TEXT
  5
76B
330
17
100
AcDbEntity
  8
42-TABLO
100
AcDbText
 10
1491.0
 20
624.3499999999989
 30
0.0
 40
2.05
  1
Takým
  7
TRK
 72
1
 11
1491.0
 21
624.3499999999989
 31
0.0
100
AcDbText
 73
2
  0
LINE
  5
76C
330
17
100
AcDbEntity
  8
42-TABLO
100
AcDbLine
 10
1497.0
 20
627.6999999999989
 30
0.0
 11
1497.0
 21
620.9999999999989
 31
0.0
  0
TEXT
  5
76D
330
17
100
AcDbEntity
  8
42-TABLO
100
AcDbText
 10
1502.5
 20
624.3499999999989
 30
0.0
 40
2.05
  1
1
  7
TRK
 72
1
 11
1502.5
 21
624.3499999999989
 31
0.0
100
AcDbText
 73
2
  0
LINE
  5
76E
330
17
100
AcDbEntity
  8
42-TABLO
100
AcDbLine
 10
1508.0
 20
627.6999999999989
 30
0.0
 11
1508.0
 21
620.9999999999989
 31
0.0
  0
TEXT
  5
76F
330
17
100
AcDbEntity
  8
42-TABLO
100
AcDbText
 10
1513.5
 20
624.3499999999989
 30
0.0
 40
2.05
  1

  7
TRK
 72
1
 11
1513.5
 21
624.3499999999989
 31
0.0
100
AcDbText
 73
2
  0
LINE
  5
770
330
17
100
AcDbEntity
  8
42-TABLO
100
AcDbLine
 10
1519.0
 20
627.6999999999989
 30
0.0
 11
1519.0
 21
620.9999999999989
 31
0.0
  0
TEXT
  5
771
330
17
100
AcDbEntity
  8
42-TABLO
100
AcDbText
 10
1524.5
 20
624.3499999999989
 30
0.0
 40
2.05
  1

  7
TRK
 72
1
 11
1524.5
 21
624.3499999999989
 31
0.0
100
AcDbText
 73
2
  0
LINE
  5
772
330
17
100
AcDbEntity
  8
42-TABLO
100
AcDbLine
 10
1530.0
 20
627.6999999999989
 30
0.0
 11
1530.0
 21
620.9999999999989
 31
0.0
  0
TEXT
  5
773
330
17
100
AcDbEntity
  8
42-TABLO
100
AcDbText
 10
1535.5
 20
624.3499999999989
 30
0.0
 40
2.05
  1

  7
TRK
 72
1
 11
1535.5
 21
624.3499999999989
 31
0.0
100
AcDbText
 73
2
  0
LINE
  5
774
330
17
100
AcDbEntity
  8
42-TABLO
100
AcDbLine
 10
1541.0
 20
627.6999999999989
 30
0.0
 11
1541.0
 21
620.9999999999989
 31
0.0
  0
TEXT
  5
775
330
17
100
AcDbEntity
  8
42-TABLO
100
AcDbText
 10
1546.5
 20
624.3499999999989
 30
0.0
 40
2.05
  1

  7
TRK
 72
1
 11
1546.5
 21
624.3499999999989
 31
0.0
100
AcDbText
 73
2
  0
LINE
  5
776
330
17
100
AcDbEntity
  8
42-TABLO
100
AcDbLine
 10
1552.0
 20
627.6999999999989
 30
0.0
 11
1552.0
 21
620.9999999999989
 31
0.0
  0
TEXT
  5
777
330
17
100
AcDbEntity
  8
42-TABLO
100
AcDbText
 10
1557.5
 20
624.3499999999989
 30
0.0
 40
2.05
  1

  7
TRK
 72
1
 11
1557.5
 21
624.3499999999989
 31
0.0
100
AcDbText
 73
2
  0
LINE
  5
778
330
17
100
AcDbEntity
  8
42-TABLO
100
AcDbLine
 10
1563.0
 20
627.6999999999989
 30
0.0
 11
1563.0
 21
620.9999999999989
 31
0.0
  0
TEXT
  5
779
330
17
100
AcDbEntity
  8
42-TABLO
100
AcDbText
 10
1568.5
 20
624.3499999999989
 30
0.0
 40
2.05
  1

  7
TRK
 72
1
 11
1568.5
 21
624.3499999999989
 31
0.0
100
AcDbText
 73
2
  0
LINE
  5
77A
330
17
100
AcDbEntity
  8
42-TABLO
100
AcDbLine
 10
1574.0
 20
627.6999999999989
 30
0.0
 11
1574.0
 21
620.9999999999989
 31
0.0
  0
TEXT
  5
77B
330
17
100
AcDbEntity
  8
42-TABLO
100
AcDbText
 10
1581.0
 20
624.3499999999989
 30
0.0
 40
2.05
  1

  7
TRK
 72
1
 11
1581.0
 21
624.3499999999989
 31
0.0
100
AcDbText
 73
2
  0
LINE
  5
77C
330
17
100
AcDbEntity
  8
42-TABLO
100
AcDbLine
 10
1588.0
 20
627.6999999999989
 30
0.0
 11
1588.0
 21
620.9999999999989
 31
0.0
  0
TEXT
  5
77D
330
17
100
AcDbEntity
  8
42-TABLO
100
AcDbText
 10
1602.8
 20
624.3499999999989
 30
0.0
 40
2.05
  1
1
  7
TRK
 72
2
 11
1602.8
 21
624.3499999999989
 31
0.0
100
AcDbText
 73
2
  0
LINE
  5
77E
330
17
100
AcDbEntity
  8
42-TABLO
100
AcDbLine
 10
1604.0
 20
627.6999999999989
 30
0.0
 11
1604.0
 21
620.9999999999989
 31
0.0
  0
TEXT
  5
77F
330
17
100
AcDbEntity
  8
42-TABLO
100
AcDbText
 10
1622.8
 20
624.3499999999989
 30
0.0
 40
2.05
  1

  7
TRK
 72
2
 11
1622.8
 21
624.3499999999989
 31
0.0
100
AcDbText
 73
2
  0
LINE
  5
780
330
17
100
AcDbEntity
  8
42-TABLO
100
AcDbLine
 10
1624.0
 20
627.6999999999989
 30
0.0
 11
1624.0
 21
620.9999999999989
 31
0.0
  0
TEXT
  5
781
330
17
100
AcDbEntity
  8
42-TABLO
100
AcDbText
 10
1644.8
 20
624.3499999999989
 30
0.0
 40
2.05
  1

  7
TRK
 72
2
 11
1644.8
 21
624.3499999999989
 31
0.0
100
AcDbText
 73
2
  0
LINE
  5
782
330
17
100
AcDbEntity
  8
42-TABLO
100
AcDbLine
 10
1646.0
 20
627.6999999999989
 30
0.0
 11
1646.0
 21
620.9999999999989
 31
0.0
  0
LINE
  5
783
330
17
100
AcDbEntity
  8
42-TABLO
100
AcDbLine
 10
1280.0
 20
620.9999999999989
 30
0.0
 11
1646.0
 21
620.9999999999989
 31
0.0
  0
TEXT
  5
784
330
17
100
AcDbEntity
  8
42-TABLO
100
AcDbText
 10
1284.5
 20
617.6499999999988
 30
0.0
 40
2.05
  1
22
  7
TRK
 72
1
 11
1284.5
 21
617.6499999999988
 31
0.0
100
AcDbText
 73
2
  0
LINE
  5
785
330
17
100
AcDbEntity
  8
42-TABLO
100
AcDbLine
 10
1289.0
 20
620.9999999999989
 30
0.0
 11
1289.0
 21
614.2999999999988
 31
0.0
  0
TEXT
  5
786
330
17
100
AcDbEntity
  8
42-TABLO
100
AcDbText
 10
1298.0
 20
617.6499999999988
 30
0.0
 40
2.05
  1

  7
TRK
 72
1
 11
1298.0
 21
617.6499999999988
 31
0.0
100
AcDbText
 73
2
  0
LINE
  5
787
330
17
100
AcDbEntity
  8
42-TABLO
100
AcDbLine
 10
1307.0
 20
620.9999999999989
 30
0.0
 11
1307.0
 21
614.2999999999988
 31
0.0
  0
TEXT
  5
788
330
17
100
AcDbEntity
  8
42-TABLO
100
AcDbText
 10
1308.2
 20
617.6499999999988
 30
0.0
 40
2.05
  1
Ayýrýcý kumanda mekanizmasý (kollu, kilitlenebilir, açýk/kapalý göstergeli)
  7
TRK
 11
1308.2
 21
617.6499999999988
 31
0.0
100
AcDbText
 73
2
  0
LINE
  5
789
330
17
100
AcDbEntity
  8
42-TABLO
100
AcDbLine
 10
1485.0
 20
620.9999999999989
 30
0.0
 11
1485.0
 21
614.2999999999988
 31
0.0
  0
TEXT
  5
78A
330
17
100
AcDbEntity
  8
42-TABLO
100
AcDbText
 10
1491.0
 20
617.6499999999988
 30
0.0
 40
2.05
  1
Takým
  7
TRK
 72
1
 11
1491.0
 21
617.6499999999988
 31
0.0
100
AcDbText
 73
2
  0
LINE
  5
78B
330
17
100
AcDbEntity
  8
42-TABLO
100
AcDbLine
 10
1497.0
 20
620.9999999999989
 30
0.0
 11
1497.0
 21
614.2999999999988
 31
0.0
  0
TEXT
  5
78C
330
17
100
AcDbEntity
  8
42-TABLO
100
AcDbText
 10
1502.5
 20
617.6499999999988
 30
0.0
 40
2.05
  1
1
  7
TRK
 72
1
 11
1502.5
 21
617.6499999999988
 31
0.0
100
AcDbText
 73
2
  0
LINE
  5
78D
330
17
100
AcDbEntity
  8
42-TABLO
100
AcDbLine
 10
1508.0
 20
620.9999999999989
 30
0.0
 11
1508.0
 21
614.2999999999988
 31
0.0
  0
TEXT
  5
78E
330
17
100
AcDbEntity
  8
42-TABLO
100
AcDbText
 10
1513.5
 20
617.6499999999988
 30
0.0
 40
2.05
  1

  7
TRK
 72
1
 11
1513.5
 21
617.6499999999988
 31
0.0
100
AcDbText
 73
2
  0
LINE
  5
78F
330
17
100
AcDbEntity
  8
42-TABLO
100
AcDbLine
 10
1519.0
 20
620.9999999999989
 30
0.0
 11
1519.0
 21
614.2999999999988
 31
0.0
  0
TEXT
  5
790
330
17
100
AcDbEntity
  8
42-TABLO
100
AcDbText
 10
1524.5
 20
617.6499999999988
 30
0.0
 40
2.05
  1

  7
TRK
 72
1
 11
1524.5
 21
617.6499999999988
 31
0.0
100
AcDbText
 73
2
  0
LINE
  5
791
330
17
100
AcDbEntity
  8
42-TABLO
100
AcDbLine
 10
1530.0
 20
620.9999999999989
 30
0.0
 11
1530.0
 21
614.2999999999988
 31
0.0
  0
TEXT
  5
792
330
17
100
AcDbEntity
  8
42-TABLO
100
AcDbText
 10
1535.5
 20
617.6499999999988
 30
0.0
 40
2.05
  1

  7
TRK
 72
1
 11
1535.5
 21
617.6499999999988
 31
0.0
100
AcDbText
 73
2
  0
LINE
  5
793
330
17
100
AcDbEntity
  8
42-TABLO
100
AcDbLine
 10
1541.0
 20
620.9999999999989
 30
0.0
 11
1541.0
 21
614.2999999999988
 31
0.0
  0
TEXT
  5
794
330
17
100
AcDbEntity
  8
42-TABLO
100
AcDbText
 10
1546.5
 20
617.6499999999988
 30
0.0
 40
2.05
  1

  7
TRK
 72
1
 11
1546.5
 21
617.6499999999988
 31
0.0
100
AcDbText
 73
2
  0
LINE
  5
795
330
17
100
AcDbEntity
  8
42-TABLO
100
AcDbLine
 10
1552.0
 20
620.9999999999989
 30
0.0
 11
1552.0
 21
614.2999999999988
 31
0.0
  0
TEXT
  5
796
330
17
100
AcDbEntity
  8
42-TABLO
100
AcDbText
 10
1557.5
 20
617.6499999999988
 30
0.0
 40
2.05
  1

  7
TRK
 72
1
 11
1557.5
 21
617.6499999999988
 31
0.0
100
AcDbText
 73
2
  0
LINE
  5
797
330
17
100
AcDbEntity
  8
42-TABLO
100
AcDbLine
 10
1563.0
 20
620.9999999999989
 30
0.0
 11
1563.0
 21
614.2999999999988
 31
0.0
  0
TEXT
  5
798
330
17
100
AcDbEntity
  8
42-TABLO
100
AcDbText
 10
1568.5
 20
617.6499999999988
 30
0.0
 40
2.05
  1

  7
TRK
 72
1
 11
1568.5
 21
617.6499999999988
 31
0.0
100
AcDbText
 73
2
  0
LINE
  5
799
330
17
100
AcDbEntity
  8
42-TABLO
100
AcDbLine
 10
1574.0
 20
620.9999999999989
 30
0.0
 11
1574.0
 21
614.2999999999988
 31
0.0
  0
TEXT
  5
79A
330
17
100
AcDbEntity
  8
42-TABLO
100
AcDbText
 10
1581.0
 20
617.6499999999988
 30
0.0
 40
2.05
  1

  7
TRK
 72
1
 11
1581.0
 21
617.6499999999988
 31
0.0
100
AcDbText
 73
2
  0
LINE
  5
79B
330
17
100
AcDbEntity
  8
42-TABLO
100
AcDbLine
 10
1588.0
 20
620.9999999999989
 30
0.0
 11
1588.0
 21
614.2999999999988
 31
0.0
  0
TEXT
  5
79C
330
17
100
AcDbEntity
  8
42-TABLO
100
AcDbText
 10
1602.8
 20
617.6499999999988
 30
0.0
 40
2.05
  1
1
  7
TRK
 72
2
 11
1602.8
 21
617.6499999999988
 31
0.0
100
AcDbText
 73
2
  0
LINE
  5
79D
330
17
100
AcDbEntity
  8
42-TABLO
100
AcDbLine
 10
1604.0
 20
620.9999999999989
 30
0.0
 11
1604.0
 21
614.2999999999988
 31
0.0
  0
TEXT
  5
79E
330
17
100
AcDbEntity
  8
42-TABLO
100
AcDbText
 10
1622.8
 20
617.6499999999988
 30
0.0
 40
2.05
  1

  7
TRK
 72
2
 11
1622.8
 21
617.6499999999988
 31
0.0
100
AcDbText
 73
2
  0
LINE
  5
79F
330
17
100
AcDbEntity
  8
42-TABLO
100
AcDbLine
 10
1624.0
 20
620.9999999999989
 30
0.0
 11
1624.0
 21
614.2999999999988
 31
0.0
  0
TEXT
  5
7A0
330
17
100
AcDbEntity
  8
42-TABLO
100
AcDbText
 10
1644.8
 20
617.6499999999988
 30
0.0
 40
2.05
  1

  7
TRK
 72
2
 11
1644.8
 21
617.6499999999988
 31
0.0
100
AcDbText
 73
2
  0
LINE
  5
7A1
330
17
100
AcDbEntity
  8
42-TABLO
100
AcDbLine
 10
1646.0
 20
620.9999999999989
 30
0.0
 11
1646.0
 21
614.2999999999988
 31
0.0
  0
LINE
  5
7A2
330
17
100
AcDbEntity
  8
42-TABLO
100
AcDbLine
 10
1280.0
 20
614.2999999999988
 30
0.0
 11
1646.0
 21
614.2999999999988
 31
0.0
  0
TEXT
  5
7A3
330
17
100
AcDbEntity
  8
42-TABLO
100
AcDbText
 10
1284.5
 20
610.9499999999988
 30
0.0
 40
2.05
  1
23
  7
TRK
 72
1
 11
1284.5
 21
610.9499999999988
 31
0.0
100
AcDbText
 73
2
  0
LINE
  5
7A4
330
17
100
AcDbEntity
  8
42-TABLO
100
AcDbLine
 10
1289.0
 20
614.2999999999988
 30
0.0
 11
1289.0
 21
607.5999999999988
 31
0.0
  0
TEXT
  5
7A5
330
17
100
AcDbEntity
  8
42-TABLO
100
AcDbText
 10
1298.0
 20
610.9499999999988
 30
0.0
 40
2.05
  1

  7
TRK
 72
1
 11
1298.0
 21
610.9499999999988
 31
0.0
100
AcDbText
 73
2
  0
LINE
  5
7A6
330
17
100
AcDbEntity
  8
42-TABLO
100
AcDbLine
 10
1307.0
 20
614.2999999999988
 30
0.0
 11
1307.0
 21
607.5999999999988
 31
0.0
  0
TEXT
  5
7A7
330
17
100
AcDbEntity
  8
42-TABLO
100
AcDbText
 10
1308.2
 20
610.9499999999988
 30
0.0
 40
2.05
  1
Ayýrýcý kumanda borusu, galvanizli 1 1/4"
  7
TRK
 11
1308.2
 21
610.9499999999988
 31
0.0
100
AcDbText
 73
2
  0
LINE
  5
7A8
330
17
100
AcDbEntity
  8
42-TABLO
100
AcDbLine
 10
1485.0
 20
614.2999999999988
 30
0.0
 11
1485.0
 21
607.5999999999988
 31
0.0
  0
TEXT
  5
7A9
330
17
100
AcDbEntity
  8
42-TABLO
100
AcDbText
 10
1491.0
 20
610.9499999999988
 30
0.0
 40
2.05
  1
m
  7
TRK
 72
1
 11
1491.0
 21
610.9499999999988
 31
0.0
100
AcDbText
 73
2
  0
LINE
  5
7AA
330
17
100
AcDbEntity
  8
42-TABLO
100
AcDbLine
 10
1497.0
 20
614.2999999999988
 30
0.0
 11
1497.0
 21
607.5999999999988
 31
0.0
  0
TEXT
  5
7AB
330
17
100
AcDbEntity
  8
42-TABLO
100
AcDbText
 10
1502.5
 20
610.9499999999988
 30
0.0
 40
2.05
  1
9
  7
TRK
 72
1
 11
1502.5
 21
610.9499999999988
 31
0.0
100
AcDbText
 73
2
  0
LINE
  5
7AC
330
17
100
AcDbEntity
  8
42-TABLO
100
AcDbLine
 10
1508.0
 20
614.2999999999988
 30
0.0
 11
1508.0
 21
607.5999999999988
 31
0.0
  0
TEXT
  5
7AD
330
17
100
AcDbEntity
  8
42-TABLO
100
AcDbText
 10
1513.5
 20
610.9499999999988
 30
0.0
 40
2.05
  1

  7
TRK
 72
1
 11
1513.5
 21
610.9499999999988
 31
0.0
100
AcDbText
 73
2
  0
LINE
  5
7AE
330
17
100
AcDbEntity
  8
42-TABLO
100
AcDbLine
 10
1519.0
 20
614.2999999999988
 30
0.0
 11
1519.0
 21
607.5999999999988
 31
0.0
  0
TEXT
  5
7AF
330
17
100
AcDbEntity
  8
42-TABLO
100
AcDbText
 10
1524.5
 20
610.9499999999988
 30
0.0
 40
2.05
  1

  7
TRK
 72
1
 11
1524.5
 21
610.9499999999988
 31
0.0
100
AcDbText
 73
2
  0
LINE
  5
7B0
330
17
100
AcDbEntity
  8
42-TABLO
100
AcDbLine
 10
1530.0
 20
614.2999999999988
 30
0.0
 11
1530.0
 21
607.5999999999988
 31
0.0
  0
TEXT
  5
7B1
330
17
100
AcDbEntity
  8
42-TABLO
100
AcDbText
 10
1535.5
 20
610.9499999999988
 30
0.0
 40
2.05
  1

  7
TRK
 72
1
 11
1535.5
 21
610.9499999999988
 31
0.0
100
AcDbText
 73
2
  0
LINE
  5
7B2
330
17
100
AcDbEntity
  8
42-TABLO
100
AcDbLine
 10
1541.0
 20
614.2999999999988
 30
0.0
 11
1541.0
 21
607.5999999999988
 31
0.0
  0
TEXT
  5
7B3
330
17
100
AcDbEntity
  8
42-TABLO
100
AcDbText
 10
1546.5
 20
610.9499999999988
 30
0.0
 40
2.05
  1

  7
TRK
 72
1
 11
1546.5
 21
610.9499999999988
 31
0.0
100
AcDbText
 73
2
  0
LINE
  5
7B4
330
17
100
AcDbEntity
  8
42-TABLO
100
AcDbLine
 10
1552.0
 20
614.2999999999988
 30
0.0
 11
1552.0
 21
607.5999999999988
 31
0.0
  0
TEXT
  5
7B5
330
17
100
AcDbEntity
  8
42-TABLO
100
AcDbText
 10
1557.5
 20
610.9499999999988
 30
0.0
 40
2.05
  1

  7
TRK
 72
1
 11
1557.5
 21
610.9499999999988
 31
0.0
100
AcDbText
 73
2
  0
LINE
  5
7B6
330
17
100
AcDbEntity
  8
42-TABLO
100
AcDbLine
 10
1563.0
 20
614.2999999999988
 30
0.0
 11
1563.0
 21
607.5999999999988
 31
0.0
  0
TEXT
  5
7B7
330
17
100
AcDbEntity
  8
42-TABLO
100
AcDbText
 10
1568.5
 20
610.9499999999988
 30
0.0
 40
2.05
  1

  7
TRK
 72
1
 11
1568.5
 21
610.9499999999988
 31
0.0
100
AcDbText
 73
2
  0
LINE
  5
7B8
330
17
100
AcDbEntity
  8
42-TABLO
100
AcDbLine
 10
1574.0
 20
614.2999999999988
 30
0.0
 11
1574.0
 21
607.5999999999988
 31
0.0
  0
TEXT
  5
7B9
330
17
100
AcDbEntity
  8
42-TABLO
100
AcDbText
 10
1581.0
 20
610.9499999999988
 30
0.0
 40
2.05
  1

  7
TRK
 72
1
 11
1581.0
 21
610.9499999999988
 31
0.0
100
AcDbText
 73
2
  0
LINE
  5
7BA
330
17
100
AcDbEntity
  8
42-TABLO
100
AcDbLine
 10
1588.0
 20
614.2999999999988
 30
0.0
 11
1588.0
 21
607.5999999999988
 31
0.0
  0
TEXT
  5
7BB
330
17
100
AcDbEntity
  8
42-TABLO
100
AcDbText
 10
1602.8
 20
610.9499999999988
 30
0.0
 40
2.05
  1
9
  7
TRK
 72
2
 11
1602.8
 21
610.9499999999988
 31
0.0
100
AcDbText
 73
2
  0
LINE
  5
7BC
330
17
100
AcDbEntity
  8
42-TABLO
100
AcDbLine
 10
1604.0
 20
614.2999999999988
 30
0.0
 11
1604.0
 21
607.5999999999988
 31
0.0
  0
TEXT
  5
7BD
330
17
100
AcDbEntity
  8
42-TABLO
100
AcDbText
 10
1622.8
 20
610.9499999999988
 30
0.0
 40
2.05
  1

  7
TRK
 72
2
 11
1622.8
 21
610.9499999999988
 31
0.0
100
AcDbText
 73
2
  0
LINE
  5
7BE
330
17
100
AcDbEntity
  8
42-TABLO
100
AcDbLine
 10
1624.0
 20
614.2999999999988
 30
0.0
 11
1624.0
 21
607.5999999999988
 31
0.0
  0
TEXT
  5
7BF
330
17
100
AcDbEntity
  8
42-TABLO
100
AcDbText
 10
1644.8
 20
610.9499999999988
 30
0.0
 40
2.05
  1

  7
TRK
 72
2
 11
1644.8
 21
610.9499999999988
 31
0.0
100
AcDbText
 73
2
  0
LINE
  5
7C0
330
17
100
AcDbEntity
  8
42-TABLO
100
AcDbLine
 10
1646.0
 20
614.2999999999988
 30
0.0
 11
1646.0
 21
607.5999999999988
 31
0.0
  0
LINE
  5
7C1
330
17
100
AcDbEntity
  8
42-TABLO
100
AcDbLine
 10
1280.0
 20
607.5999999999988
 30
0.0
 11
1646.0
 21
607.5999999999988
 31
0.0
  0
TEXT
  5
7C2
330
17
100
AcDbEntity
  8
42-TABLO
100
AcDbText
 10
1284.5
 20
604.2499999999987
 30
0.0
 40
2.05
  1
24
  7
TRK
 72
1
 11
1284.5
 21
604.2499999999987
 31
0.0
100
AcDbText
 73
2
  0
LINE
  5
7C3
330
17
100
AcDbEntity
  8
42-TABLO
100
AcDbLine
 10
1289.0
 20
607.5999999999988
 30
0.0
 11
1289.0
 21
600.8999999999987
 31
0.0
  0
TEXT
  5
7C4
330
17
100
AcDbEntity
  8
42-TABLO
100
AcDbText
 10
1298.0
 20
604.2499999999987
 30
0.0
 40
2.05
  1

  7
TRK
 72
1
 11
1298.0
 21
604.2499999999987
 31
0.0
100
AcDbText
 73
2
  0
LINE
  5
7C5
330
17
100
AcDbEntity
  8
42-TABLO
100
AcDbLine
 10
1307.0
 20
607.5999999999988
 30
0.0
 11
1307.0
 21
600.8999999999987
 31
0.0
  0
TEXT
  5
7C6
330
17
100
AcDbEntity
  8
42-TABLO
100
AcDbText
 10
1308.2
 20
604.2499999999987
 30
0.0
 40
2.05
  1
Kumanda borusu yataðý / kýlavuzu (direðe cývatalý)
  7
TRK
 11
1308.2
 21
604.2499999999987
 31
0.0
100
AcDbText
 73
2
  0
LINE
  5
7C7
330
17
100
AcDbEntity
  8
42-TABLO
100
AcDbLine
 10
1485.0
 20
607.5999999999988
 30
0.0
 11
1485.0
 21
600.8999999999987
 31
0.0
  0
TEXT
  5
7C8
330
17
100
AcDbEntity
  8
42-TABLO
100
AcDbText
 10
1491.0
 20
604.2499999999987
 30
0.0
 40
2.05
  1
Adet
  7
TRK
 72
1
 11
1491.0
 21
604.2499999999987
 31
0.0
100
AcDbText
 73
2
  0
LINE
  5
7C9
330
17
100
AcDbEntity
  8
42-TABLO
100
AcDbLine
 10
1497.0
 20
607.5999999999988
 30
0.0
 11
1497.0
 21
600.8999999999987
 31
0.0
  0
TEXT
  5
7CA
330
17
100
AcDbEntity
  8
42-TABLO
100
AcDbText
 10
1502.5
 20
604.2499999999987
 30
0.0
 40
2.05
  1
4
  7
TRK
 72
1
 11
1502.5
 21
604.2499999999987
 31
0.0
100
AcDbText
 73
2
  0
LINE
  5
7CB
330
17
100
AcDbEntity
  8
42-TABLO
100
AcDbLine
 10
1508.0
 20
607.5999999999988
 30
0.0
 11
1508.0
 21
600.8999999999987
 31
0.0
  0
TEXT
  5
7CC
330
17
100
AcDbEntity
  8
42-TABLO
100
AcDbText
 10
1513.5
 20
604.2499999999987
 30
0.0
 40
2.05
  1

  7
TRK
 72
1
 11
1513.5
 21
604.2499999999987
 31
0.0
100
AcDbText
 73
2
  0
LINE
  5
7CD
330
17
100
AcDbEntity
  8
42-TABLO
100
AcDbLine
 10
1519.0
 20
607.5999999999988
 30
0.0
 11
1519.0
 21
600.8999999999987
 31
0.0
  0
TEXT
  5
7CE
330
17
100
AcDbEntity
  8
42-TABLO
100
AcDbText
 10
1524.5
 20
604.2499999999987
 30
0.0
 40
2.05
  1

  7
TRK
 72
1
 11
1524.5
 21
604.2499999999987
 31
0.0
100
AcDbText
 73
2
  0
LINE
  5
7CF
330
17
100
AcDbEntity
  8
42-TABLO
100
AcDbLine
 10
1530.0
 20
607.5999999999988
 30
0.0
 11
1530.0
 21
600.8999999999987
 31
0.0
  0
TEXT
  5
7D0
330
17
100
AcDbEntity
  8
42-TABLO
100
AcDbText
 10
1535.5
 20
604.2499999999987
 30
0.0
 40
2.05
  1

  7
TRK
 72
1
 11
1535.5
 21
604.2499999999987
 31
0.0
100
AcDbText
 73
2
  0
LINE
  5
7D1
330
17
100
AcDbEntity
  8
42-TABLO
100
AcDbLine
 10
1541.0
 20
607.5999999999988
 30
0.0
 11
1541.0
 21
600.8999999999987
 31
0.0
  0
TEXT
  5
7D2
330
17
100
AcDbEntity
  8
42-TABLO
100
AcDbText
 10
1546.5
 20
604.2499999999987
 30
0.0
 40
2.05
  1

  7
TRK
 72
1
 11
1546.5
 21
604.2499999999987
 31
0.0
100
AcDbText
 73
2
  0
LINE
  5
7D3
330
17
100
AcDbEntity
  8
42-TABLO
100
AcDbLine
 10
1552.0
 20
607.5999999999988
 30
0.0
 11
1552.0
 21
600.8999999999987
 31
0.0
  0
TEXT
  5
7D4
330
17
100
AcDbEntity
  8
42-TABLO
100
AcDbText
 10
1557.5
 20
604.2499999999987
 30
0.0
 40
2.05
  1

  7
TRK
 72
1
 11
1557.5
 21
604.2499999999987
 31
0.0
100
AcDbText
 73
2
  0
LINE
  5
7D5
330
17
100
AcDbEntity
  8
42-TABLO
100
AcDbLine
 10
1563.0
 20
607.5999999999988
 30
0.0
 11
1563.0
 21
600.8999999999987
 31
0.0
  0
TEXT
  5
7D6
330
17
100
AcDbEntity
  8
42-TABLO
100
AcDbText
 10
1568.5
 20
604.2499999999987
 30
0.0
 40
2.05
  1

  7
TRK
 72
1
 11
1568.5
 21
604.2499999999987
 31
0.0
100
AcDbText
 73
2
  0
LINE
  5
7D7
330
17
100
AcDbEntity
  8
42-TABLO
100
AcDbLine
 10
1574.0
 20
607.5999999999988
 30
0.0
 11
1574.0
 21
600.8999999999987
 31
0.0
  0
TEXT
  5
7D8
330
17
100
AcDbEntity
  8
42-TABLO
100
AcDbText
 10
1581.0
 20
604.2499999999987
 30
0.0
 40
2.05
  1

  7
TRK
 72
1
 11
1581.0
 21
604.2499999999987
 31
0.0
100
AcDbText
 73
2
  0
LINE
  5
7D9
330
17
100
AcDbEntity
  8
42-TABLO
100
AcDbLine
 10
1588.0
 20
607.5999999999988
 30
0.0
 11
1588.0
 21
600.8999999999987
 31
0.0
  0
TEXT
  5
7DA
330
17
100
AcDbEntity
  8
42-TABLO
100
AcDbText
 10
1602.8
 20
604.2499999999987
 30
0.0
 40
2.05
  1
4
  7
TRK
 72
2
 11
1602.8
 21
604.2499999999987
 31
0.0
100
AcDbText
 73
2
  0
LINE
  5
7DB
330
17
100
AcDbEntity
  8
42-TABLO
100
AcDbLine
 10
1604.0
 20
607.5999999999988
 30
0.0
 11
1604.0
 21
600.8999999999987
 31
0.0
  0
TEXT
  5
7DC
330
17
100
AcDbEntity
  8
42-TABLO
100
AcDbText
 10
1622.8
 20
604.2499999999987
 30
0.0
 40
2.05
  1

  7
TRK
 72
2
 11
1622.8
 21
604.2499999999987
 31
0.0
100
AcDbText
 73
2
  0
LINE
  5
7DD
330
17
100
AcDbEntity
  8
42-TABLO
100
AcDbLine
 10
1624.0
 20
607.5999999999988
 30
0.0
 11
1624.0
 21
600.8999999999987
 31
0.0
  0
TEXT
  5
7DE
330
17
100
AcDbEntity
  8
42-TABLO
100
AcDbText
 10
1644.8
 20
604.2499999999987
 30
0.0
 40
2.05
  1

  7
TRK
 72
2
 11
1644.8
 21
604.2499999999987
 31
0.0
100
AcDbText
 73
2
  0
LINE
  5
7DF
330
17
100
AcDbEntity
  8
42-TABLO
100
AcDbLine
 10
1646.0
 20
607.5999999999988
 30
0.0
 11
1646.0
 21
600.8999999999987
 31
0.0
  0
LINE
  5
7E0
330
17
100
AcDbEntity
  8
42-TABLO
100
AcDbLine
 10
1280.0
 20
600.8999999999987
 30
0.0
 11
1646.0
 21
600.8999999999987
 31
0.0
  0
TEXT
  5
7E1
330
17
100
AcDbEntity
  8
42-TABLO
100
AcDbText
 10
1284.5
 20
597.5499999999987
 30
0.0
 40
2.05
  1
25
  7
TRK
 72
1
 11
1284.5
 21
597.5499999999987
 31
0.0
100
AcDbText
 73
2
  0
LINE
  5
7E2
330
17
100
AcDbEntity
  8
42-TABLO
100
AcDbLine
 10
1289.0
 20
600.8999999999987
 30
0.0
 11
1289.0
 21
594.1999999999987
 31
0.0
  0
TEXT
  5
7E3
330
17
100
AcDbEntity
  8
42-TABLO
100
AcDbText
 10
1298.0
 20
597.5499999999987
 30
0.0
 40
2.05
  1

  7
TRK
 72
1
 11
1298.0
 21
597.5499999999987
 31
0.0
100
AcDbText
 73
2
  0
LINE
  5
7E4
330
17
100
AcDbEntity
  8
42-TABLO
100
AcDbLine
 10
1307.0
 20
600.8999999999987
 30
0.0
 11
1307.0
 21
594.1999999999987
 31
0.0
  0
TEXT
  5
7E5
330
17
100
AcDbEntity
  8
42-TABLO
100
AcDbText
 10
1308.2
 20
597.5499999999987
 30
0.0
 40
2.05
  1
Al-Cu bimetal baðlantý pabucu / ayýrýcý terminal klemensi 3/0 AWG
  7
TRK
 11
1308.2
 21
597.5499999999987
 31
0.0
100
AcDbText
 73
2
  0
LINE
  5
7E6
330
17
100
AcDbEntity
  8
42-TABLO
100
AcDbLine
 10
1485.0
 20
600.8999999999987
 30
0.0
 11
1485.0
 21
594.1999999999987
 31
0.0
  0
TEXT
  5
7E7
330
17
100
AcDbEntity
  8
42-TABLO
100
AcDbText
 10
1491.0
 20
597.5499999999987
 30
0.0
 40
2.05
  1
Adet
  7
TRK
 72
1
 11
1491.0
 21
597.5499999999987
 31
0.0
100
AcDbText
 73
2
  0
LINE
  5
7E8
330
17
100
AcDbEntity
  8
42-TABLO
100
AcDbLine
 10
1497.0
 20
600.8999999999987
 30
0.0
 11
1497.0
 21
594.1999999999987
 31
0.0
  0
TEXT
  5
7E9
330
17
100
AcDbEntity
  8
42-TABLO
100
AcDbText
 10
1502.5
 20
597.5499999999987
 30
0.0
 40
2.05
  1
6
  7
TRK
 72
1
 11
1502.5
 21
597.5499999999987
 31
0.0
100
AcDbText
 73
2
  0
LINE
  5
7EA
330
17
100
AcDbEntity
  8
42-TABLO
100
AcDbLine
 10
1508.0
 20
600.8999999999987
 30
0.0
 11
1508.0
 21
594.1999999999987
 31
0.0
  0
TEXT
  5
7EB
330
17
100
AcDbEntity
  8
42-TABLO
100
AcDbText
 10
1513.5
 20
597.5499999999987
 30
0.0
 40
2.05
  1

  7
TRK
 72
1
 11
1513.5
 21
597.5499999999987
 31
0.0
100
AcDbText
 73
2
  0
LINE
  5
7EC
330
17
100
AcDbEntity
  8
42-TABLO
100
AcDbLine
 10
1519.0
 20
600.8999999999987
 30
0.0
 11
1519.0
 21
594.1999999999987
 31
0.0
  0
TEXT
  5
7ED
330
17
100
AcDbEntity
  8
42-TABLO
100
AcDbText
 10
1524.5
 20
597.5499999999987
 30
0.0
 40
2.05
  1

  7
TRK
 72
1
 11
1524.5
 21
597.5499999999987
 31
0.0
100
AcDbText
 73
2
  0
LINE
  5
7EE
330
17
100
AcDbEntity
  8
42-TABLO
100
AcDbLine
 10
1530.0
 20
600.8999999999987
 30
0.0
 11
1530.0
 21
594.1999999999987
 31
0.0
  0
TEXT
  5
7EF
330
17
100
AcDbEntity
  8
42-TABLO
100
AcDbText
 10
1535.5
 20
597.5499999999987
 30
0.0
 40
2.05
  1

  7
TRK
 72
1
 11
1535.5
 21
597.5499999999987
 31
0.0
100
AcDbText
 73
2
  0
LINE
  5
7F0
330
17
100
AcDbEntity
  8
42-TABLO
100
AcDbLine
 10
1541.0
 20
600.8999999999987
 30
0.0
 11
1541.0
 21
594.1999999999987
 31
0.0
  0
TEXT
  5
7F1
330
17
100
AcDbEntity
  8
42-TABLO
100
AcDbText
 10
1546.5
 20
597.5499999999987
 30
0.0
 40
2.05
  1

  7
TRK
 72
1
 11
1546.5
 21
597.5499999999987
 31
0.0
100
AcDbText
 73
2
  0
LINE
  5
7F2
330
17
100
AcDbEntity
  8
42-TABLO
100
AcDbLine
 10
1552.0
 20
600.8999999999987
 30
0.0
 11
1552.0
 21
594.1999999999987
 31
0.0
  0
TEXT
  5
7F3
330
17
100
AcDbEntity
  8
42-TABLO
100
AcDbText
 10
1557.5
 20
597.5499999999987
 30
0.0
 40
2.05
  1

  7
TRK
 72
1
 11
1557.5
 21
597.5499999999987
 31
0.0
100
AcDbText
 73
2
  0
LINE
  5
7F4
330
17
100
AcDbEntity
  8
42-TABLO
100
AcDbLine
 10
1563.0
 20
600.8999999999987
 30
0.0
 11
1563.0
 21
594.1999999999987
 31
0.0
  0
TEXT
  5
7F5
330
17
100
AcDbEntity
  8
42-TABLO
100
AcDbText
 10
1568.5
 20
597.5499999999987
 30
0.0
 40
2.05
  1

  7
TRK
 72
1
 11
1568.5
 21
597.5499999999987
 31
0.0
100
AcDbText
 73
2
  0
LINE
  5
7F6
330
17
100
AcDbEntity
  8
42-TABLO
100
AcDbLine
 10
1574.0
 20
600.8999999999987
 30
0.0
 11
1574.0
 21
594.1999999999987
 31
0.0
  0
TEXT
  5
7F7
330
17
100
AcDbEntity
  8
42-TABLO
100
AcDbText
 10
1581.0
 20
597.5499999999987
 30
0.0
 40
2.05
  1

  7
TRK
 72
1
 11
1581.0
 21
597.5499999999987
 31
0.0
100
AcDbText
 73
2
  0
LINE
  5
7F8
330
17
100
AcDbEntity
  8
42-TABLO
100
AcDbLine
 10
1588.0
 20
600.8999999999987
 30
0.0
 11
1588.0
 21
594.1999999999987
 31
0.0
  0
TEXT
  5
7F9
330
17
100
AcDbEntity
  8
42-TABLO
100
AcDbText
 10
1602.8
 20
597.5499999999987
 30
0.0
 40
2.05
  1
6
  7
TRK
 72
2
 11
1602.8
 21
597.5499999999987
 31
0.0
100
AcDbText
 73
2
  0
LINE
  5
7FA
330
17
100
AcDbEntity
  8
42-TABLO
100
AcDbLine
 10
1604.0
 20
600.8999999999987
 30
0.0
 11
1604.0
 21
594.1999999999987
 31
0.0
  0
TEXT
  5
7FB
330
17
100
AcDbEntity
  8
42-TABLO
100
AcDbText
 10
1622.8
 20
597.5499999999987
 30
0.0
 40
2.05
  1

  7
TRK
 72
2
 11
1622.8
 21
597.5499999999987
 31
0.0
100
AcDbText
 73
2
  0
LINE
  5
7FC
330
17
100
AcDbEntity
  8
42-TABLO
100
AcDbLine
 10
1624.0
 20
600.8999999999987
 30
0.0
 11
1624.0
 21
594.1999999999987
 31
0.0
  0
TEXT
  5
7FD
330
17
100
AcDbEntity
  8
42-TABLO
100
AcDbText
 10
1644.8
 20
597.5499999999987
 30
0.0
 40
2.05
  1

  7
TRK
 72
2
 11
1644.8
 21
597.5499999999987
 31
0.0
100
AcDbText
 73
2
  0
LINE
  5
7FE
330
17
100
AcDbEntity
  8
42-TABLO
100
AcDbLine
 10
1646.0
 20
600.8999999999987
 30
0.0
 11
1646.0
 21
594.1999999999987
 31
0.0
  0
LINE
  5
7FF
330
17
100
AcDbEntity
  8
42-TABLO
100
AcDbLine
 10
1280.0
 20
594.1999999999987
 30
0.0
 11
1646.0
 21
594.1999999999987
 31
0.0
  0
TEXT
  5
800
330
17
100
AcDbEntity
  8
42-TABLO
100
AcDbText
 10
1284.5
 20
590.8499999999987
 30
0.0
 40
2.05
  1
26
  7
TRK
 72
1
 11
1284.5
 21
590.8499999999987
 31
0.0
100
AcDbText
 73
2
  0
LINE
  5
801
330
17
100
AcDbEntity
  8
42-TABLO
100
AcDbLine
 10
1289.0
 20
594.1999999999987
 30
0.0
 11
1289.0
 21
587.4999999999986
 31
0.0
  0
TEXT
  5
802
330
17
100
AcDbEntity
  8
42-TABLO
100
AcDbText
 10
1298.0
 20
590.8499999999987
 30
0.0
 40
2.05
  1

  7
TRK
 72
1
 11
1298.0
 21
590.8499999999987
 31
0.0
100
AcDbText
 73
2
  0
LINE
  5
803
330
17
100
AcDbEntity
  8
42-TABLO
100
AcDbLine
 10
1307.0
 20
594.1999999999987
 30
0.0
 11
1307.0
 21
587.4999999999986
 31
0.0
  0
TEXT
  5
804
330
17
100
AcDbEntity
  8
42-TABLO
100
AcDbText
 10
1308.2
 20
590.8499999999987
 30
0.0
 40
2.05
  1
Kumanda kolu potansiyel düzenleme ýzgarasý (galvanizli, 1,0x1,0 m)
  7
TRK
 11
1308.2
 21
590.8499999999987
 31
0.0
100
AcDbText
 73
2
  0
LINE
  5
805
330
17
100
AcDbEntity
  8
42-TABLO
100
AcDbLine
 10
1485.0
 20
594.1999999999987
 30
0.0
 11
1485.0
 21
587.4999999999986
 31
0.0
  0
TEXT
  5
806
330
17
100
AcDbEntity
  8
42-TABLO
100
AcDbText
 10
1491.0
 20
590.8499999999987
 30
0.0
 40
2.05
  1
Adet
  7
TRK
 72
1
 11
1491.0
 21
590.8499999999987
 31
0.0
100
AcDbText
 73
2
  0
LINE
  5
807
330
17
100
AcDbEntity
  8
42-TABLO
100
AcDbLine
 10
1497.0
 20
594.1999999999987
 30
0.0
 11
1497.0
 21
587.4999999999986
 31
0.0
  0
TEXT
  5
808
330
17
100
AcDbEntity
  8
42-TABLO
100
AcDbText
 10
1502.5
 20
590.8499999999987
 30
0.0
 40
2.05
  1
1
  7
TRK
 72
1
 11
1502.5
 21
590.8499999999987
 31
0.0
100
AcDbText
 73
2
  0
LINE
  5
809
330
17
100
AcDbEntity
  8
42-TABLO
100
AcDbLine
 10
1508.0
 20
594.1999999999987
 30
0.0
 11
1508.0
 21
587.4999999999986
 31
0.0
  0
TEXT
  5
80A
330
17
100
AcDbEntity
  8
42-TABLO
100
AcDbText
 10
1513.5
 20
590.8499999999987
 30
0.0
 40
2.05
  1

  7
TRK
 72
1
 11
1513.5
 21
590.8499999999987
 31
0.0
100
AcDbText
 73
2
  0
LINE
  5
80B
330
17
100
AcDbEntity
  8
42-TABLO
100
AcDbLine
 10
1519.0
 20
594.1999999999987
 30
0.0
 11
1519.0
 21
587.4999999999986
 31
0.0
  0
TEXT
  5
80C
330
17
100
AcDbEntity
  8
42-TABLO
100
AcDbText
 10
1524.5
 20
590.8499999999987
 30
0.0
 40
2.05
  1

  7
TRK
 72
1
 11
1524.5
 21
590.8499999999987
 31
0.0
100
AcDbText
 73
2
  0
LINE
  5
80D
330
17
100
AcDbEntity
  8
42-TABLO
100
AcDbLine
 10
1530.0
 20
594.1999999999987
 30
0.0
 11
1530.0
 21
587.4999999999986
 31
0.0
  0
TEXT
  5
80E
330
17
100
AcDbEntity
  8
42-TABLO
100
AcDbText
 10
1535.5
 20
590.8499999999987
 30
0.0
 40
2.05
  1

  7
TRK
 72
1
 11
1535.5
 21
590.8499999999987
 31
0.0
100
AcDbText
 73
2
  0
LINE
  5
80F
330
17
100
AcDbEntity
  8
42-TABLO
100
AcDbLine
 10
1541.0
 20
594.1999999999987
 30
0.0
 11
1541.0
 21
587.4999999999986
 31
0.0
  0
TEXT
  5
810
330
17
100
AcDbEntity
  8
42-TABLO
100
AcDbText
 10
1546.5
 20
590.8499999999987
 30
0.0
 40
2.05
  1

  7
TRK
 72
1
 11
1546.5
 21
590.8499999999987
 31
0.0
100
AcDbText
 73
2
  0
LINE
  5
811
330
17
100
AcDbEntity
  8
42-TABLO
100
AcDbLine
 10
1552.0
 20
594.1999999999987
 30
0.0
 11
1552.0
 21
587.4999999999986
 31
0.0
  0
TEXT
  5
812
330
17
100
AcDbEntity
  8
42-TABLO
100
AcDbText
 10
1557.5
 20
590.8499999999987
 30
0.0
 40
2.05
  1

  7
TRK
 72
1
 11
1557.5
 21
590.8499999999987
 31
0.0
100
AcDbText
 73
2
  0
LINE
  5
813
330
17
100
AcDbEntity
  8
42-TABLO
100
AcDbLine
 10
1563.0
 20
594.1999999999987
 30
0.0
 11
1563.0
 21
587.4999999999986
 31
0.0
  0
TEXT
  5
814
330
17
100
AcDbEntity
  8
42-TABLO
100
AcDbText
 10
1568.5
 20
590.8499999999987
 30
0.0
 40
2.05
  1

  7
TRK
 72
1
 11
1568.5
 21
590.8499999999987
 31
0.0
100
AcDbText
 73
2
  0
LINE
  5
815
330
17
100
AcDbEntity
  8
42-TABLO
100
AcDbLine
 10
1574.0
 20
594.1999999999987
 30
0.0
 11
1574.0
 21
587.4999999999986
 31
0.0
  0
TEXT
  5
816
330
17
100
AcDbEntity
  8
42-TABLO
100
AcDbText
 10
1581.0
 20
590.8499999999987
 30
0.0
 40
2.05
  1

  7
TRK
 72
1
 11
1581.0
 21
590.8499999999987
 31
0.0
100
AcDbText
 73
2
  0
LINE
  5
817
330
17
100
AcDbEntity
  8
42-TABLO
100
AcDbLine
 10
1588.0
 20
594.1999999999987
 30
0.0
 11
1588.0
 21
587.4999999999986
 31
0.0
  0
TEXT
  5
818
330
17
100
AcDbEntity
  8
42-TABLO
100
AcDbText
 10
1602.8
 20
590.8499999999987
 30
0.0
 40
2.05
  1
1
  7
TRK
 72
2
 11
1602.8
 21
590.8499999999987
 31
0.0
100
AcDbText
 73
2
  0
LINE
  5
819
330
17
100
AcDbEntity
  8
42-TABLO
100
AcDbLine
 10
1604.0
 20
594.1999999999987
 30
0.0
 11
1604.0
 21
587.4999999999986
 31
0.0
  0
TEXT
  5
81A
330
17
100
AcDbEntity
  8
42-TABLO
100
AcDbText
 10
1622.8
 20
590.8499999999987
 30
0.0
 40
2.05
  1

  7
TRK
 72
2
 11
1622.8
 21
590.8499999999987
 31
0.0
100
AcDbText
 73
2
  0
LINE
  5
81B
330
17
100
AcDbEntity
  8
42-TABLO
100
AcDbLine
 10
1624.0
 20
594.1999999999987
 30
0.0
 11
1624.0
 21
587.4999999999986
 31
0.0
  0
TEXT
  5
81C
330
17
100
AcDbEntity
  8
42-TABLO
100
AcDbText
 10
1644.8
 20
590.8499999999987
 30
0.0
 40
2.05
  1

  7
TRK
 72
2
 11
1644.8
 21
590.8499999999987
 31
0.0
100
AcDbText
 73
2
  0
LINE
  5
81D
330
17
100
AcDbEntity
  8
42-TABLO
100
AcDbLine
 10
1646.0
 20
594.1999999999987
 30
0.0
 11
1646.0
 21
587.4999999999986
 31
0.0
  0
LINE
  5
81E
330
17
100
AcDbEntity
  8
42-TABLO
100
AcDbLine
 10
1280.0
 20
587.4999999999986
 30
0.0
 11
1646.0
 21
587.4999999999986
 31
0.0
  0
TEXT
  5
81F
330
17
100
AcDbEntity
  8
42-TABLO
100
AcDbText
 10
1284.5
 20
584.1499999999986
 30
0.0
 40
2.05
  1
27
  7
TRK
 72
1
 11
1284.5
 21
584.1499999999986
 31
0.0
100
AcDbText
 73
2
  0
LINE
  5
820
330
17
100
AcDbEntity
  8
42-TABLO
100
AcDbLine
 10
1289.0
 20
587.4999999999986
 30
0.0
 11
1289.0
 21
580.7999999999986
 31
0.0
  0
TEXT
  5
821
330
17
100
AcDbEntity
  8
42-TABLO
100
AcDbText
 10
1298.0
 20
584.1499999999986
 30
0.0
 40
2.05
  1

  7
TRK
 72
1
 11
1298.0
 21
584.1499999999986
 31
0.0
100
AcDbText
 73
2
  0
LINE
  5
822
330
17
100
AcDbEntity
  8
42-TABLO
100
AcDbLine
 10
1307.0
 20
587.4999999999986
 30
0.0
 11
1307.0
 21
580.7999999999986
 31
0.0
  0
TEXT
  5
823
330
17
100
AcDbEntity
  8
42-TABLO
100
AcDbText
 10
1308.2
 20
584.1499999999986
 30
0.0
 40
2.05
  1
Asma kilit (ayýrýcý kumanda kolu için, paslanmaz)
  7
TRK
 11
1308.2
 21
584.1499999999986
 31
0.0
100
AcDbText
 73
2
  0
LINE
  5
824
330
17
100
AcDbEntity
  8
42-TABLO
100
AcDbLine
 10
1485.0
 20
587.4999999999986
 30
0.0
 11
1485.0
 21
580.7999999999986
 31
0.0
  0
TEXT
  5
825
330
17
100
AcDbEntity
  8
42-TABLO
100
AcDbText
 10
1491.0
 20
584.1499999999986
 30
0.0
 40
2.05
  1
Adet
  7
TRK
 72
1
 11
1491.0
 21
584.1499999999986
 31
0.0
100
AcDbText
 73
2
  0
LINE
  5
826
330
17
100
AcDbEntity
  8
42-TABLO
100
AcDbLine
 10
1497.0
 20
587.4999999999986
 30
0.0
 11
1497.0
 21
580.7999999999986
 31
0.0
  0
TEXT
  5
827
330
17
100
AcDbEntity
  8
42-TABLO
100
AcDbText
 10
1502.5
 20
584.1499999999986
 30
0.0
 40
2.05
  1
1
  7
TRK
 72
1
 11
1502.5
 21
584.1499999999986
 31
0.0
100
AcDbText
 73
2
  0
LINE
  5
828
330
17
100
AcDbEntity
  8
42-TABLO
100
AcDbLine
 10
1508.0
 20
587.4999999999986
 30
0.0
 11
1508.0
 21
580.7999999999986
 31
0.0
  0
TEXT
  5
829
330
17
100
AcDbEntity
  8
42-TABLO
100
AcDbText
 10
1513.5
 20
584.1499999999986
 30
0.0
 40
2.05
  1

  7
TRK
 72
1
 11
1513.5
 21
584.1499999999986
 31
0.0
100
AcDbText
 73
2
  0
LINE
  5
82A
330
17
100
AcDbEntity
  8
42-TABLO
100
AcDbLine
 10
1519.0
 20
587.4999999999986
 30
0.0
 11
1519.0
 21
580.7999999999986
 31
0.0
  0
TEXT
  5
82B
330
17
100
AcDbEntity
  8
42-TABLO
100
AcDbText
 10
1524.5
 20
584.1499999999986
 30
0.0
 40
2.05
  1

  7
TRK
 72
1
 11
1524.5
 21
584.1499999999986
 31
0.0
100
AcDbText
 73
2
  0
LINE
  5
82C
330
17
100
AcDbEntity
  8
42-TABLO
100
AcDbLine
 10
1530.0
 20
587.4999999999986
 30
0.0
 11
1530.0
 21
580.7999999999986
 31
0.0
  0
TEXT
  5
82D
330
17
100
AcDbEntity
  8
42-TABLO
100
AcDbText
 10
1535.5
 20
584.1499999999986
 30
0.0
 40
2.05
  1

  7
TRK
 72
1
 11
1535.5
 21
584.1499999999986
 31
0.0
100
AcDbText
 73
2
  0
LINE
  5
82E
330
17
100
AcDbEntity
  8
42-TABLO
100
AcDbLine
 10
1541.0
 20
587.4999999999986
 30
0.0
 11
1541.0
 21
580.7999999999986
 31
0.0
  0
TEXT
  5
82F
330
17
100
AcDbEntity
  8
42-TABLO
100
AcDbText
 10
1546.5
 20
584.1499999999986
 30
0.0
 40
2.05
  1

  7
TRK
 72
1
 11
1546.5
 21
584.1499999999986
 31
0.0
100
AcDbText
 73
2
  0
LINE
  5
830
330
17
100
AcDbEntity
  8
42-TABLO
100
AcDbLine
 10
1552.0
 20
587.4999999999986
 30
0.0
 11
1552.0
 21
580.7999999999986
 31
0.0
  0
TEXT
  5
831
330
17
100
AcDbEntity
  8
42-TABLO
100
AcDbText
 10
1557.5
 20
584.1499999999986
 30
0.0
 40
2.05
  1

  7
TRK
 72
1
 11
1557.5
 21
584.1499999999986
 31
0.0
100
AcDbText
 73
2
  0
LINE
  5
832
330
17
100
AcDbEntity
  8
42-TABLO
100
AcDbLine
 10
1563.0
 20
587.4999999999986
 30
0.0
 11
1563.0
 21
580.7999999999986
 31
0.0
  0
TEXT
  5
833
330
17
100
AcDbEntity
  8
42-TABLO
100
AcDbText
 10
1568.5
 20
584.1499999999986
 30
0.0
 40
2.05
  1

  7
TRK
 72
1
 11
1568.5
 21
584.1499999999986
 31
0.0
100
AcDbText
 73
2
  0
LINE
  5
834
330
17
100
AcDbEntity
  8
42-TABLO
100
AcDbLine
 10
1574.0
 20
587.4999999999986
 30
0.0
 11
1574.0
 21
580.7999999999986
 31
0.0
  0
TEXT
  5
835
330
17
100
AcDbEntity
  8
42-TABLO
100
AcDbText
 10
1581.0
 20
584.1499999999986
 30
0.0
 40
2.05
  1

  7
TRK
 72
1
 11
1581.0
 21
584.1499999999986
 31
0.0
100
AcDbText
 73
2
  0
LINE
  5
836
330
17
100
AcDbEntity
  8
42-TABLO
100
AcDbLine
 10
1588.0
 20
587.4999999999986
 30
0.0
 11
1588.0
 21
580.7999999999986
 31
0.0
  0
TEXT
  5
837
330
17
100
AcDbEntity
  8
42-TABLO
100
AcDbText
 10
1602.8
 20
584.1499999999986
 30
0.0
 40
2.05
  1
1
  7
TRK
 72
2
 11
1602.8
 21
584.1499999999986
 31
0.0
100
AcDbText
 73
2
  0
LINE
  5
838
330
17
100
AcDbEntity
  8
42-TABLO
100
AcDbLine
 10
1604.0
 20
587.4999999999986
 30
0.0
 11
1604.0
 21
580.7999999999986
 31
0.0
  0
TEXT
  5
839
330
17
100
AcDbEntity
  8
42-TABLO
100
AcDbText
 10
1622.8
 20
584.1499999999986
 30
0.0
 40
2.05
  1

  7
TRK
 72
2
 11
1622.8
 21
584.1499999999986
 31
0.0
100
AcDbText
 73
2
  0
LINE
  5
83A
330
17
100
AcDbEntity
  8
42-TABLO
100
AcDbLine
 10
1624.0
 20
587.4999999999986
 30
0.0
 11
1624.0
 21
580.7999999999986
 31
0.0
  0
TEXT
  5
83B
330
17
100
AcDbEntity
  8
42-TABLO
100
AcDbText
 10
1644.8
 20
584.1499999999986
 30
0.0
 40
2.05
  1

  7
TRK
 72
2
 11
1644.8
 21
584.1499999999986
 31
0.0
100
AcDbText
 73
2
  0
LINE
  5
83C
330
17
100
AcDbEntity
  8
42-TABLO
100
AcDbLine
 10
1646.0
 20
587.4999999999986
 30
0.0
 11
1646.0
 21
580.7999999999986
 31
0.0
  0
LINE
  5
83D
330
17
100
AcDbEntity
  8
42-TABLO
100
AcDbLine
 10
1280.0
 20
580.7999999999986
 30
0.0
 11
1646.0
 21
580.7999999999986
 31
0.0
  0
LWPOLYLINE
  5
83E
330
17
100
AcDbEntity
  8
43-TABLO-CERCEVE
100
AcDbPolyline
 90
4
 70
1
 10
1280.0
 20
574.0999999999985
 10
1646.0
 20
574.0999999999985
 10
1646.0
 20
580.7999999999986
 10
1280.0
 20
580.7999999999986
  0
TEXT
  5
83F
330
17
100
AcDbEntity
  8
42-TABLO
100
AcDbText
 10
1282.0
 20
577.4499999999986
 30
0.0
 40
2.214
  1
E. AG AER (ALPEK) BAÐLANTI MALZEMELERÝ
  7
TRKB
 11
1282.0
 21
577.4499999999986
 31
0.0
100
AcDbText
 73
2
  0
TEXT
  5
840
330
17
100
AcDbEntity
  8
42-TABLO
100
AcDbText
 10
1284.5
 20
570.7499999999985
 30
0.0
 40
2.05
  1
28
  7
TRK
 72
1
 11
1284.5
 21
570.7499999999985
 31
0.0
100
AcDbText
 73
2
  0
LINE
  5
841
330
17
100
AcDbEntity
  8
42-TABLO
100
AcDbLine
 10
1289.0
 20
574.0999999999985
 30
0.0
 11
1289.0
 21
567.3999999999985
 31
0.0
  0
TEXT
  5
842
330
17
100
AcDbEntity
  8
42-TABLO
100
AcDbText
 10
1298.0
 20
570.7499999999985
 30
0.0
 40
2.05
  1

  7
TRK
 72
1
 11
1298.0
 21
570.7499999999985
 31
0.0
100
AcDbText
 73
2
  0
LINE
  5
843
330
17
100
AcDbEntity
  8
42-TABLO
100
AcDbLine
 10
1307.0
 20
574.0999999999985
 30
0.0
 11
1307.0
 21
567.3999999999985
 31
0.0
  0
TEXT
  5
844
330
17
100
AcDbEntity
  8
42-TABLO
100
AcDbText
 10
1308.2
 20
570.7499999999985
 30
0.0
 40
2.05
  1
AER germe (gergi) pensi, taþýyýcý nötr 54,6-95 mm²
  7
TRK
 11
1308.2
 21
570.7499999999985
 31
0.0
100
AcDbText
 73
2
  0
LINE
  5
845
330
17
100
AcDbEntity
  8
42-TABLO
100
AcDbLine
 10
1485.0
 20
574.0999999999985
 30
0.0
 11
1485.0
 21
567.3999999999985
 31
0.0
  0
TEXT
  5
846
330
17
100
AcDbEntity
  8
42-TABLO
100
AcDbText
 10
1491.0
 20
570.7499999999985
 30
0.0
 40
2.05
  1
Adet
  7
TRK
 72
1
 11
1491.0
 21
570.7499999999985
 31
0.0
100
AcDbText
 73
2
  0
LINE
  5
847
330
17
100
AcDbEntity
  8
42-TABLO
100
AcDbLine
 10
1497.0
 20
574.0999999999985
 30
0.0
 11
1497.0
 21
567.3999999999985
 31
0.0
  0
TEXT
  5
848
330
17
100
AcDbEntity
  8
42-TABLO
100
AcDbText
 10
1502.5
 20
570.7499999999985
 30
0.0
 40
2.05
  1
1
  7
TRK
 72
1
 11
1502.5
 21
570.7499999999985
 31
0.0
100
AcDbText
 73
2
  0
LINE
  5
849
330
17
100
AcDbEntity
  8
42-TABLO
100
AcDbLine
 10
1508.0
 20
574.0999999999985
 30
0.0
 11
1508.0
 21
567.3999999999985
 31
0.0
  0
TEXT
  5
84A
330
17
100
AcDbEntity
  8
42-TABLO
100
AcDbText
 10
1513.5
 20
570.7499999999985
 30
0.0
 40
2.05
  1
2
  7
TRK
 72
1
 11
1513.5
 21
570.7499999999985
 31
0.0
100
AcDbText
 73
2
  0
LINE
  5
84B
330
17
100
AcDbEntity
  8
42-TABLO
100
AcDbLine
 10
1519.0
 20
574.0999999999985
 30
0.0
 11
1519.0
 21
567.3999999999985
 31
0.0
  0
TEXT
  5
84C
330
17
100
AcDbEntity
  8
42-TABLO
100
AcDbText
 10
1524.5
 20
570.7499999999985
 30
0.0
 40
2.05
  1

  7
TRK
 72
1
 11
1524.5
 21
570.7499999999985
 31
0.0
100
AcDbText
 73
2
  0
LINE
  5
84D
330
17
100
AcDbEntity
  8
42-TABLO
100
AcDbLine
 10
1530.0
 20
574.0999999999985
 30
0.0
 11
1530.0
 21
567.3999999999985
 31
0.0
  0
TEXT
  5
84E
330
17
100
AcDbEntity
  8
42-TABLO
100
AcDbText
 10
1535.5
 20
570.7499999999985
 30
0.0
 40
2.05
  1

  7
TRK
 72
1
 11
1535.5
 21
570.7499999999985
 31
0.0
100
AcDbText
 73
2
  0
LINE
  5
84F
330
17
100
AcDbEntity
  8
42-TABLO
100
AcDbLine
 10
1541.0
 20
574.0999999999985
 30
0.0
 11
1541.0
 21
567.3999999999985
 31
0.0
  0
TEXT
  5
850
330
17
100
AcDbEntity
  8
42-TABLO
100
AcDbText
 10
1546.5
 20
570.7499999999985
 30
0.0
 40
2.05
  1
2
  7
TRK
 72
1
 11
1546.5
 21
570.7499999999985
 31
0.0
100
AcDbText
 73
2
  0
LINE
  5
851
330
17
100
AcDbEntity
  8
42-TABLO
100
AcDbLine
 10
1552.0
 20
574.0999999999985
 30
0.0
 11
1552.0
 21
567.3999999999985
 31
0.0
  0
TEXT
  5
852
330
17
100
AcDbEntity
  8
42-TABLO
100
AcDbText
 10
1557.5
 20
570.7499999999985
 30
0.0
 40
2.05
  1
1
  7
TRK
 72
1
 11
1557.5
 21
570.7499999999985
 31
0.0
100
AcDbText
 73
2
  0
LINE
  5
853
330
17
100
AcDbEntity
  8
42-TABLO
100
AcDbLine
 10
1563.0
 20
574.0999999999985
 30
0.0
 11
1563.0
 21
567.3999999999985
 31
0.0
  0
TEXT
  5
854
330
17
100
AcDbEntity
  8
42-TABLO
100
AcDbText
 10
1568.5
 20
570.7499999999985
 30
0.0
 40
2.05
  1

  7
TRK
 72
1
 11
1568.5
 21
570.7499999999985
 31
0.0
100
AcDbText
 73
2
  0
LINE
  5
855
330
17
100
AcDbEntity
  8
42-TABLO
100
AcDbLine
 10
1574.0
 20
574.0999999999985
 30
0.0
 11
1574.0
 21
567.3999999999985
 31
0.0
  0
TEXT
  5
856
330
17
100
AcDbEntity
  8
42-TABLO
100
AcDbText
 10
1581.0
 20
570.7499999999985
 30
0.0
 40
2.05
  1

  7
TRK
 72
1
 11
1581.0
 21
570.7499999999985
 31
0.0
100
AcDbText
 73
2
  0
LINE
  5
857
330
17
100
AcDbEntity
  8
42-TABLO
100
AcDbLine
 10
1588.0
 20
574.0999999999985
 30
0.0
 11
1588.0
 21
567.3999999999985
 31
0.0
  0
TEXT
  5
858
330
17
100
AcDbEntity
  8
42-TABLO
100
AcDbText
 10
1602.8
 20
570.7499999999985
 30
0.0
 40
2.05
  1
6
  7
TRK
 72
2
 11
1602.8
 21
570.7499999999985
 31
0.0
100
AcDbText
 73
2
  0
LINE
  5
859
330
17
100
AcDbEntity
  8
42-TABLO
100
AcDbLine
 10
1604.0
 20
574.0999999999985
 30
0.0
 11
1604.0
 21
567.3999999999985
 31
0.0
  0
TEXT
  5
85A
330
17
100
AcDbEntity
  8
42-TABLO
100
AcDbText
 10
1622.8
 20
570.7499999999985
 30
0.0
 40
2.05
  1

  7
TRK
 72
2
 11
1622.8
 21
570.7499999999985
 31
0.0
100
AcDbText
 73
2
  0
LINE
  5
85B
330
17
100
AcDbEntity
  8
42-TABLO
100
AcDbLine
 10
1624.0
 20
574.0999999999985
 30
0.0
 11
1624.0
 21
567.3999999999985
 31
0.0
  0
TEXT
  5
85C
330
17
100
AcDbEntity
  8
42-TABLO
100
AcDbText
 10
1644.8
 20
570.7499999999985
 30
0.0
 40
2.05
  1

  7
TRK
 72
2
 11
1644.8
 21
570.7499999999985
 31
0.0
100
AcDbText
 73
2
  0
LINE
  5
85D
330
17
100
AcDbEntity
  8
42-TABLO
100
AcDbLine
 10
1646.0
 20
574.0999999999985
 30
0.0
 11
1646.0
 21
567.3999999999985
 31
0.0
  0
LINE
  5
85E
330
17
100
AcDbEntity
  8
42-TABLO
100
AcDbLine
 10
1280.0
 20
567.3999999999985
 30
0.0
 11
1646.0
 21
567.3999999999985
 31
0.0
  0
TEXT
  5
85F
330
17
100
AcDbEntity
  8
42-TABLO
100
AcDbText
 10
1284.5
 20
564.0499999999985
 30
0.0
 40
2.05
  1
29
  7
TRK
 72
1
 11
1284.5
 21
564.0499999999985
 31
0.0
100
AcDbText
 73
2
  0
LINE
  5
860
330
17
100
AcDbEntity
  8
42-TABLO
100
AcDbLine
 10
1289.0
 20
567.3999999999985
 30
0.0
 11
1289.0
 21
560.6999999999985
 31
0.0
  0
TEXT
  5
861
330
17
100
AcDbEntity
  8
42-TABLO
100
AcDbText
 10
1298.0
 20
564.0499999999985
 30
0.0
 40
2.05
  1

  7
TRK
 72
1
 11
1298.0
 21
564.0499999999985
 31
0.0
100
AcDbText
 73
2
  0
LINE
  5
862
330
17
100
AcDbEntity
  8
42-TABLO
100
AcDbLine
 10
1307.0
 20
567.3999999999985
 30
0.0
 11
1307.0
 21
560.6999999999985
 31
0.0
  0
TEXT
  5
863
330
17
100
AcDbEntity
  8
42-TABLO
100
AcDbText
 10
1308.2
 20
564.0499999999985
 30
0.0
 40
2.05
  1
AER germe konsolu / kancasý, demir direðe cývatalý, galvanizli
  7
TRK
 11
1308.2
 21
564.0499999999985
 31
0.0
100
AcDbText
 73
2
  0
LINE
  5
864
330
17
100
AcDbEntity
  8
42-TABLO
100
AcDbLine
 10
1485.0
 20
567.3999999999985
 30
0.0
 11
1485.0
 21
560.6999999999985
 31
0.0
  0
TEXT
  5
865
330
17
100
AcDbEntity
  8
42-TABLO
100
AcDbText
 10
1491.0
 20
564.0499999999985
 30
0.0
 40
2.05
  1
Adet
  7
TRK
 72
1
 11
1491.0
 21
564.0499999999985
 31
0.0
100
AcDbText
 73
2
  0
LINE
  5
866
330
17
100
AcDbEntity
  8
42-TABLO
100
AcDbLine
 10
1497.0
 20
567.3999999999985
 30
0.0
 11
1497.0
 21
560.6999999999985
 31
0.0
  0
TEXT
  5
867
330
17
100
AcDbEntity
  8
42-TABLO
100
AcDbText
 10
1502.5
 20
564.0499999999985
 30
0.0
 40
2.05
  1
1
  7
TRK
 72
1
 11
1502.5
 21
564.0499999999985
 31
0.0
100
AcDbText
 73
2
  0
LINE
  5
868
330
17
100
AcDbEntity
  8
42-TABLO
100
AcDbLine
 10
1508.0
 20
567.3999999999985
 30
0.0
 11
1508.0
 21
560.6999999999985
 31
0.0
  0
TEXT
  5
869
330
17
100
AcDbEntity
  8
42-TABLO
100
AcDbText
 10
1513.5
 20
564.0499999999985
 30
0.0
 40
2.05
  1
2
  7
TRK
 72
1
 11
1513.5
 21
564.0499999999985
 31
0.0
100
AcDbText
 73
2
  0
LINE
  5
86A
330
17
100
AcDbEntity
  8
42-TABLO
100
AcDbLine
 10
1519.0
 20
567.3999999999985
 30
0.0
 11
1519.0
 21
560.6999999999985
 31
0.0
  0
TEXT
  5
86B
330
17
100
AcDbEntity
  8
42-TABLO
100
AcDbText
 10
1524.5
 20
564.0499999999985
 30
0.0
 40
2.05
  1

  7
TRK
 72
1
 11
1524.5
 21
564.0499999999985
 31
0.0
100
AcDbText
 73
2
  0
LINE
  5
86C
330
17
100
AcDbEntity
  8
42-TABLO
100
AcDbLine
 10
1530.0
 20
567.3999999999985
 30
0.0
 11
1530.0
 21
560.6999999999985
 31
0.0
  0
TEXT
  5
86D
330
17
100
AcDbEntity
  8
42-TABLO
100
AcDbText
 10
1535.5
 20
564.0499999999985
 30
0.0
 40
2.05
  1

  7
TRK
 72
1
 11
1535.5
 21
564.0499999999985
 31
0.0
100
AcDbText
 73
2
  0
LINE
  5
86E
330
17
100
AcDbEntity
  8
42-TABLO
100
AcDbLine
 10
1541.0
 20
567.3999999999985
 30
0.0
 11
1541.0
 21
560.6999999999985
 31
0.0
  0
TEXT
  5
86F
330
17
100
AcDbEntity
  8
42-TABLO
100
AcDbText
 10
1546.5
 20
564.0499999999985
 30
0.0
 40
2.05
  1
2
  7
TRK
 72
1
 11
1546.5
 21
564.0499999999985
 31
0.0
100
AcDbText
 73
2
  0
LINE
  5
870
330
17
100
AcDbEntity
  8
42-TABLO
100
AcDbLine
 10
1552.0
 20
567.3999999999985
 30
0.0
 11
1552.0
 21
560.6999999999985
 31
0.0
  0
TEXT
  5
871
330
17
100
AcDbEntity
  8
42-TABLO
100
AcDbText
 10
1557.5
 20
564.0499999999985
 30
0.0
 40
2.05
  1
1
  7
TRK
 72
1
 11
1557.5
 21
564.0499999999985
 31
0.0
100
AcDbText
 73
2
  0
LINE
  5
872
330
17
100
AcDbEntity
  8
42-TABLO
100
AcDbLine
 10
1563.0
 20
567.3999999999985
 30
0.0
 11
1563.0
 21
560.6999999999985
 31
0.0
  0
TEXT
  5
873
330
17
100
AcDbEntity
  8
42-TABLO
100
AcDbText
 10
1568.5
 20
564.0499999999985
 30
0.0
 40
2.05
  1

  7
TRK
 72
1
 11
1568.5
 21
564.0499999999985
 31
0.0
100
AcDbText
 73
2
  0
LINE
  5
874
330
17
100
AcDbEntity
  8
42-TABLO
100
AcDbLine
 10
1574.0
 20
567.3999999999985
 30
0.0
 11
1574.0
 21
560.6999999999985
 31
0.0
  0
TEXT
  5
875
330
17
100
AcDbEntity
  8
42-TABLO
100
AcDbText
 10
1581.0
 20
564.0499999999985
 30
0.0
 40
2.05
  1

  7
TRK
 72
1
 11
1581.0
 21
564.0499999999985
 31
0.0
100
AcDbText
 73
2
  0
LINE
  5
876
330
17
100
AcDbEntity
  8
42-TABLO
100
AcDbLine
 10
1588.0
 20
567.3999999999985
 30
0.0
 11
1588.0
 21
560.6999999999985
 31
0.0
  0
TEXT
  5
877
330
17
100
AcDbEntity
  8
42-TABLO
100
AcDbText
 10
1602.8
 20
564.0499999999985
 30
0.0
 40
2.05
  1
6
  7
TRK
 72
2
 11
1602.8
 21
564.0499999999985
 31
0.0
100
AcDbText
 73
2
  0
LINE
  5
878
330
17
100
AcDbEntity
  8
42-TABLO
100
AcDbLine
 10
1604.0
 20
567.3999999999985
 30
0.0
 11
1604.0
 21
560.6999999999985
 31
0.0
  0
TEXT
  5
879
330
17
100
AcDbEntity
  8
42-TABLO
100
AcDbText
 10
1622.8
 20
564.0499999999985
 30
0.0
 40
2.05
  1

  7
TRK
 72
2
 11
1622.8
 21
564.0499999999985
 31
0.0
100
AcDbText
 73
2
  0
LINE
  5
87A
330
17
100
AcDbEntity
  8
42-TABLO
100
AcDbLine
 10
1624.0
 20
567.3999999999985
 30
0.0
 11
1624.0
 21
560.6999999999985
 31
0.0
  0
TEXT
  5
87B
330
17
100
AcDbEntity
  8
42-TABLO
100
AcDbText
 10
1644.8
 20
564.0499999999985
 30
0.0
 40
2.05
  1

  7
TRK
 72
2
 11
1644.8
 21
564.0499999999985
 31
0.0
100
AcDbText
 73
2
  0
LINE
  5
87C
330
17
100
AcDbEntity
  8
42-TABLO
100
AcDbLine
 10
1646.0
 20
567.3999999999985
 30
0.0
 11
1646.0
 21
560.6999999999985
 31
0.0
  0
LINE
  5
87D
330
17
100
AcDbEntity
  8
42-TABLO
100
AcDbLine
 10
1280.0
 20
560.6999999999985
 30
0.0
 11
1646.0
 21
560.6999999999985
 31
0.0
  0
TEXT
  5
87E
330
17
100
AcDbEntity
  8
42-TABLO
100
AcDbText
 10
1284.5
 20
557.3499999999984
 30
0.0
 40
2.05
  1
30
  7
TRK
 72
1
 11
1284.5
 21
557.3499999999984
 31
0.0
100
AcDbText
 73
2
  0
LINE
  5
87F
330
17
100
AcDbEntity
  8
42-TABLO
100
AcDbLine
 10
1289.0
 20
560.6999999999985
 30
0.0
 11
1289.0
 21
553.9999999999984
 31
0.0
  0
TEXT
  5
880
330
17
100
AcDbEntity
  8
42-TABLO
100
AcDbText
 10
1298.0
 20
557.3499999999984
 30
0.0
 40
2.05
  1

  7
TRK
 72
1
 11
1298.0
 21
557.3499999999984
 31
0.0
100
AcDbText
 73
2
  0
LINE
  5
881
330
17
100
AcDbEntity
  8
42-TABLO
100
AcDbLine
 10
1307.0
 20
560.6999999999985
 30
0.0
 11
1307.0
 21
553.9999999999984
 31
0.0
  0
TEXT
  5
882
330
17
100
AcDbEntity
  8
42-TABLO
100
AcDbText
 10
1308.2
 20
557.3499999999984
 30
0.0
 40
2.05
  1
AER aský (süspansiyon) pensi, taþýyýcý nötr 54,6-95 mm²
  7
TRK
 11
1308.2
 21
557.3499999999984
 31
0.0
100
AcDbText
 73
2
  0
LINE
  5
883
330
17
100
AcDbEntity
  8
42-TABLO
100
AcDbLine
 10
1485.0
 20
560.6999999999985
 30
0.0
 11
1485.0
 21
553.9999999999984
 31
0.0
  0
TEXT
  5
884
330
17
100
AcDbEntity
  8
42-TABLO
100
AcDbText
 10
1491.0
 20
557.3499999999984
 30
0.0
 40
2.05
  1
Adet
  7
TRK
 72
1
 11
1491.0
 21
557.3499999999984
 31
0.0
100
AcDbText
 73
2
  0
LINE
  5
885
330
17
100
AcDbEntity
  8
42-TABLO
100
AcDbLine
 10
1497.0
 20
560.6999999999985
 30
0.0
 11
1497.0
 21
553.9999999999984
 31
0.0
  0
TEXT
  5
886
330
17
100
AcDbEntity
  8
42-TABLO
100
AcDbText
 10
1502.5
 20
557.3499999999984
 30
0.0
 40
2.05
  1

  7
TRK
 72
1
 11
1502.5
 21
557.3499999999984
 31
0.0
100
AcDbText
 73
2
  0
LINE
  5
887
330
17
100
AcDbEntity
  8
42-TABLO
100
AcDbLine
 10
1508.0
 20
560.6999999999985
 30
0.0
 11
1508.0
 21
553.9999999999984
 31
0.0
  0
TEXT
  5
888
330
17
100
AcDbEntity
  8
42-TABLO
100
AcDbText
 10
1513.5
 20
557.3499999999984
 30
0.0
 40
2.05
  1

  7
TRK
 72
1
 11
1513.5
 21
557.3499999999984
 31
0.0
100
AcDbText
 73
2
  0
LINE
  5
889
330
17
100
AcDbEntity
  8
42-TABLO
100
AcDbLine
 10
1519.0
 20
560.6999999999985
 30
0.0
 11
1519.0
 21
553.9999999999984
 31
0.0
  0
TEXT
  5
88A
330
17
100
AcDbEntity
  8
42-TABLO
100
AcDbText
 10
1524.5
 20
557.3499999999984
 30
0.0
 40
2.05
  1
1
  7
TRK
 72
1
 11
1524.5
 21
557.3499999999984
 31
0.0
100
AcDbText
 73
2
  0
LINE
  5
88B
330
17
100
AcDbEntity
  8
42-TABLO
100
AcDbLine
 10
1530.0
 20
560.6999999999985
 30
0.0
 11
1530.0
 21
553.9999999999984
 31
0.0
  0
TEXT
  5
88C
330
17
100
AcDbEntity
  8
42-TABLO
100
AcDbText
 10
1535.5
 20
557.3499999999984
 30
0.0
 40
2.05
  1
1
  7
TRK
 72
1
 11
1535.5
 21
557.3499999999984
 31
0.0
100
AcDbText
 73
2
  0
LINE
  5
88D
330
17
100
AcDbEntity
  8
42-TABLO
100
AcDbLine
 10
1541.0
 20
560.6999999999985
 30
0.0
 11
1541.0
 21
553.9999999999984
 31
0.0
  0
TEXT
  5
88E
330
17
100
AcDbEntity
  8
42-TABLO
100
AcDbText
 10
1546.5
 20
557.3499999999984
 30
0.0
 40
2.05
  1

  7
TRK
 72
1
 11
1546.5
 21
557.3499999999984
 31
0.0
100
AcDbText
 73
2
  0
LINE
  5
88F
330
17
100
AcDbEntity
  8
42-TABLO
100
AcDbLine
 10
1552.0
 20
560.6999999999985
 30
0.0
 11
1552.0
 21
553.9999999999984
 31
0.0
  0
TEXT
  5
890
330
17
100
AcDbEntity
  8
42-TABLO
100
AcDbText
 10
1557.5
 20
557.3499999999984
 30
0.0
 40
2.05
  1

  7
TRK
 72
1
 11
1557.5
 21
557.3499999999984
 31
0.0
100
AcDbText
 73
2
  0
LINE
  5
891
330
17
100
AcDbEntity
  8
42-TABLO
100
AcDbLine
 10
1563.0
 20
560.6999999999985
 30
0.0
 11
1563.0
 21
553.9999999999984
 31
0.0
  0
TEXT
  5
892
330
17
100
AcDbEntity
  8
42-TABLO
100
AcDbText
 10
1568.5
 20
557.3499999999984
 30
0.0
 40
2.05
  1

  7
TRK
 72
1
 11
1568.5
 21
557.3499999999984
 31
0.0
100
AcDbText
 73
2
  0
LINE
  5
893
330
17
100
AcDbEntity
  8
42-TABLO
100
AcDbLine
 10
1574.0
 20
560.6999999999985
 30
0.0
 11
1574.0
 21
553.9999999999984
 31
0.0
  0
TEXT
  5
894
330
17
100
AcDbEntity
  8
42-TABLO
100
AcDbText
 10
1581.0
 20
557.3499999999984
 30
0.0
 40
2.05
  1

  7
TRK
 72
1
 11
1581.0
 21
557.3499999999984
 31
0.0
100
AcDbText
 73
2
  0
LINE
  5
895
330
17
100
AcDbEntity
  8
42-TABLO
100
AcDbLine
 10
1588.0
 20
560.6999999999985
 30
0.0
 11
1588.0
 21
553.9999999999984
 31
0.0
  0
TEXT
  5
896
330
17
100
AcDbEntity
  8
42-TABLO
100
AcDbText
 10
1602.8
 20
557.3499999999984
 30
0.0
 40
2.05
  1
2
  7
TRK
 72
2
 11
1602.8
 21
557.3499999999984
 31
0.0
100
AcDbText
 73
2
  0
LINE
  5
897
330
17
100
AcDbEntity
  8
42-TABLO
100
AcDbLine
 10
1604.0
 20
560.6999999999985
 30
0.0
 11
1604.0
 21
553.9999999999984
 31
0.0
  0
TEXT
  5
898
330
17
100
AcDbEntity
  8
42-TABLO
100
AcDbText
 10
1622.8
 20
557.3499999999984
 30
0.0
 40
2.05
  1

  7
TRK
 72
2
 11
1622.8
 21
557.3499999999984
 31
0.0
100
AcDbText
 73
2
  0
LINE
  5
899
330
17
100
AcDbEntity
  8
42-TABLO
100
AcDbLine
 10
1624.0
 20
560.6999999999985
 30
0.0
 11
1624.0
 21
553.9999999999984
 31
0.0
  0
TEXT
  5
89A
330
17
100
AcDbEntity
  8
42-TABLO
100
AcDbText
 10
1644.8
 20
557.3499999999984
 30
0.0
 40
2.05
  1

  7
TRK
 72
2
 11
1644.8
 21
557.3499999999984
 31
0.0
100
AcDbText
 73
2
  0
LINE
  5
89B
330
17
100
AcDbEntity
  8
42-TABLO
100
AcDbLine
 10
1646.0
 20
560.6999999999985
 30
0.0
 11
1646.0
 21
553.9999999999984
 31
0.0
  0
LINE
  5
89C
330
17
100
AcDbEntity
  8
42-TABLO
100
AcDbLine
 10
1280.0
 20
553.9999999999984
 30
0.0
 11
1646.0
 21
553.9999999999984
 31
0.0
  0
TEXT
  5
89D
330
17
100
AcDbEntity
  8
42-TABLO
100
AcDbText
 10
1284.5
 20
550.6499999999984
 30
0.0
 40
2.05
  1
31
  7
TRK
 72
1
 11
1284.5
 21
550.6499999999984
 31
0.0
100
AcDbText
 73
2
  0
LINE
  5
89E
330
17
100
AcDbEntity
  8
42-TABLO
100
AcDbLine
 10
1289.0
 20
553.9999999999984
 30
0.0
 11
1289.0
 21
547.2999999999984
 31
0.0
  0
TEXT
  5
89F
330
17
100
AcDbEntity
  8
42-TABLO
100
AcDbText
 10
1298.0
 20
550.6499999999984
 30
0.0
 40
2.05
  1

  7
TRK
 72
1
 11
1298.0
 21
550.6499999999984
 31
0.0
100
AcDbText
 73
2
  0
LINE
  5
8A0
330
17
100
AcDbEntity
  8
42-TABLO
100
AcDbLine
 10
1307.0
 20
553.9999999999984
 30
0.0
 11
1307.0
 21
547.2999999999984
 31
0.0
  0
TEXT
  5
8A1
330
17
100
AcDbEntity
  8
42-TABLO
100
AcDbText
 10
1308.2
 20
550.6499999999984
 30
0.0
 40
2.05
  1
AER aský konsolu, demir direðe cývatalý, galvanizli
  7
TRK
 11
1308.2
 21
550.6499999999984
 31
0.0
100
AcDbText
 73
2
  0
LINE
  5
8A2
330
17
100
AcDbEntity
  8
42-TABLO
100
AcDbLine
 10
1485.0
 20
553.9999999999984
 30
0.0
 11
1485.0
 21
547.2999999999984
 31
0.0
  0
TEXT
  5
8A3
330
17
100
AcDbEntity
  8
42-TABLO
100
AcDbText
 10
1491.0
 20
550.6499999999984
 30
0.0
 40
2.05
  1
Adet
  7
TRK
 72
1
 11
1491.0
 21
550.6499999999984
 31
0.0
100
AcDbText
 73
2
  0
LINE
  5
8A4
330
17
100
AcDbEntity
  8
42-TABLO
100
AcDbLine
 10
1497.0
 20
553.9999999999984
 30
0.0
 11
1497.0
 21
547.2999999999984
 31
0.0
  0
TEXT
  5
8A5
330
17
100
AcDbEntity
  8
42-TABLO
100
AcDbText
 10
1502.5
 20
550.6499999999984
 30
0.0
 40
2.05
  1

  7
TRK
 72
1
 11
1502.5
 21
550.6499999999984
 31
0.0
100
AcDbText
 73
2
  0
LINE
  5
8A6
330
17
100
AcDbEntity
  8
42-TABLO
100
AcDbLine
 10
1508.0
 20
553.9999999999984
 30
0.0
 11
1508.0
 21
547.2999999999984
 31
0.0
  0
TEXT
  5
8A7
330
17
100
AcDbEntity
  8
42-TABLO
100
AcDbText
 10
1513.5
 20
550.6499999999984
 30
0.0
 40
2.05
  1

  7
TRK
 72
1
 11
1513.5
 21
550.6499999999984
 31
0.0
100
AcDbText
 73
2
  0
LINE
  5
8A8
330
17
100
AcDbEntity
  8
42-TABLO
100
AcDbLine
 10
1519.0
 20
553.9999999999984
 30
0.0
 11
1519.0
 21
547.2999999999984
 31
0.0
  0
TEXT
  5
8A9
330
17
100
AcDbEntity
  8
42-TABLO
100
AcDbText
 10
1524.5
 20
550.6499999999984
 30
0.0
 40
2.05
  1
1
  7
TRK
 72
1
 11
1524.5
 21
550.6499999999984
 31
0.0
100
AcDbText
 73
2
  0
LINE
  5
8AA
330
17
100
AcDbEntity
  8
42-TABLO
100
AcDbLine
 10
1530.0
 20
553.9999999999984
 30
0.0
 11
1530.0
 21
547.2999999999984
 31
0.0
  0
TEXT
  5
8AB
330
17
100
AcDbEntity
  8
42-TABLO
100
AcDbText
 10
1535.5
 20
550.6499999999984
 30
0.0
 40
2.05
  1
1
  7
TRK
 72
1
 11
1535.5
 21
550.6499999999984
 31
0.0
100
AcDbText
 73
2
  0
LINE
  5
8AC
330
17
100
AcDbEntity
  8
42-TABLO
100
AcDbLine
 10
1541.0
 20
553.9999999999984
 30
0.0
 11
1541.0
 21
547.2999999999984
 31
0.0
  0
TEXT
  5
8AD
330
17
100
AcDbEntity
  8
42-TABLO
100
AcDbText
 10
1546.5
 20
550.6499999999984
 30
0.0
 40
2.05
  1

  7
TRK
 72
1
 11
1546.5
 21
550.6499999999984
 31
0.0
100
AcDbText
 73
2
  0
LINE
  5
8AE
330
17
100
AcDbEntity
  8
42-TABLO
100
AcDbLine
 10
1552.0
 20
553.9999999999984
 30
0.0
 11
1552.0
 21
547.2999999999984
 31
0.0
  0
TEXT
  5
8AF
330
17
100
AcDbEntity
  8
42-TABLO
100
AcDbText
 10
1557.5
 20
550.6499999999984
 30
0.0
 40
2.05
  1

  7
TRK
 72
1
 11
1557.5
 21
550.6499999999984
 31
0.0
100
AcDbText
 73
2
  0
LINE
  5
8B0
330
17
100
AcDbEntity
  8
42-TABLO
100
AcDbLine
 10
1563.0
 20
553.9999999999984
 30
0.0
 11
1563.0
 21
547.2999999999984
 31
0.0
  0
TEXT
  5
8B1
330
17
100
AcDbEntity
  8
42-TABLO
100
AcDbText
 10
1568.5
 20
550.6499999999984
 30
0.0
 40
2.05
  1

  7
TRK
 72
1
 11
1568.5
 21
550.6499999999984
 31
0.0
100
AcDbText
 73
2
  0
LINE
  5
8B2
330
17
100
AcDbEntity
  8
42-TABLO
100
AcDbLine
 10
1574.0
 20
553.9999999999984
 30
0.0
 11
1574.0
 21
547.2999999999984
 31
0.0
  0
TEXT
  5
8B3
330
17
100
AcDbEntity
  8
42-TABLO
100
AcDbText
 10
1581.0
 20
550.6499999999984
 30
0.0
 40
2.05
  1

  7
TRK
 72
1
 11
1581.0
 21
550.6499999999984
 31
0.0
100
AcDbText
 73
2
  0
LINE
  5
8B4
330
17
100
AcDbEntity
  8
42-TABLO
100
AcDbLine
 10
1588.0
 20
553.9999999999984
 30
0.0
 11
1588.0
 21
547.2999999999984
 31
0.0
  0
TEXT
  5
8B5
330
17
100
AcDbEntity
  8
42-TABLO
100
AcDbText
 10
1602.8
 20
550.6499999999984
 30
0.0
 40
2.05
  1
2
  7
TRK
 72
2
 11
1602.8
 21
550.6499999999984
 31
0.0
100
AcDbText
 73
2
  0
LINE
  5
8B6
330
17
100
AcDbEntity
  8
42-TABLO
100
AcDbLine
 10
1604.0
 20
553.9999999999984
 30
0.0
 11
1604.0
 21
547.2999999999984
 31
0.0
  0
TEXT
  5
8B7
330
17
100
AcDbEntity
  8
42-TABLO
100
AcDbText
 10
1622.8
 20
550.6499999999984
 30
0.0
 40
2.05
  1

  7
TRK
 72
2
 11
1622.8
 21
550.6499999999984
 31
0.0
100
AcDbText
 73
2
  0
LINE
  5
8B8
330
17
100
AcDbEntity
  8
42-TABLO
100
AcDbLine
 10
1624.0
 20
553.9999999999984
 30
0.0
 11
1624.0
 21
547.2999999999984
 31
0.0
  0
TEXT
  5
8B9
330
17
100
AcDbEntity
  8
42-TABLO
100
AcDbText
 10
1644.8
 20
550.6499999999984
 30
0.0
 40
2.05
  1

  7
TRK
 72
2
 11
1644.8
 21
550.6499999999984
 31
0.0
100
AcDbText
 73
2
  0
LINE
  5
8BA
330
17
100
AcDbEntity
  8
42-TABLO
100
AcDbLine
 10
1646.0
 20
553.9999999999984
 30
0.0
 11
1646.0
 21
547.2999999999984
 31
0.0
  0
LINE
  5
8BB
330
17
100
AcDbEntity
  8
42-TABLO
100
AcDbLine
 10
1280.0
 20
547.2999999999984
 30
0.0
 11
1646.0
 21
547.2999999999984
 31
0.0
  0
TEXT
  5
8BC
330
17
100
AcDbEntity
  8
42-TABLO
100
AcDbText
 10
1284.5
 20
543.9499999999983
 30
0.0
 40
2.05
  1
32
  7
TRK
 72
1
 11
1284.5
 21
543.9499999999983
 31
0.0
100
AcDbText
 73
2
  0
LINE
  5
8BD
330
17
100
AcDbEntity
  8
42-TABLO
100
AcDbLine
 10
1289.0
 20
547.2999999999984
 30
0.0
 11
1289.0
 21
540.5999999999983
 31
0.0
  0
TEXT
  5
8BE
330
17
100
AcDbEntity
  8
42-TABLO
100
AcDbText
 10
1298.0
 20
543.9499999999983
 30
0.0
 40
2.05
  1

  7
TRK
 72
1
 11
1298.0
 21
543.9499999999983
 31
0.0
100
AcDbText
 73
2
  0
LINE
  5
8BF
330
17
100
AcDbEntity
  8
42-TABLO
100
AcDbLine
 10
1307.0
 20
547.2999999999984
 30
0.0
 11
1307.0
 21
540.5999999999983
 31
0.0
  0
TEXT
  5
8C0
330
17
100
AcDbEntity
  8
42-TABLO
100
AcDbText
 10
1308.2
 20
543.9499999999983
 30
0.0
 40
2.05
  1
AER uç kapama baþlýðý (end cap) 95 mm²
  7
TRK
 11
1308.2
 21
543.9499999999983
 31
0.0
100
AcDbText
 73
2
  0
LINE
  5
8C1
330
17
100
AcDbEntity
  8
42-TABLO
100
AcDbLine
 10
1485.0
 20
547.2999999999984
 30
0.0
 11
1485.0
 21
540.5999999999983
 31
0.0
  0
TEXT
  5
8C2
330
17
100
AcDbEntity
  8
42-TABLO
100
AcDbText
 10
1491.0
 20
543.9499999999983
 30
0.0
 40
2.05
  1
Adet
  7
TRK
 72
1
 11
1491.0
 21
543.9499999999983
 31
0.0
100
AcDbText
 73
2
  0
LINE
  5
8C3
330
17
100
AcDbEntity
  8
42-TABLO
100
AcDbLine
 10
1497.0
 20
547.2999999999984
 30
0.0
 11
1497.0
 21
540.5999999999983
 31
0.0
  0
TEXT
  5
8C4
330
17
100
AcDbEntity
  8
42-TABLO
100
AcDbText
 10
1502.5
 20
543.9499999999983
 30
0.0
 40
2.05
  1
4
  7
TRK
 72
1
 11
1502.5
 21
543.9499999999983
 31
0.0
100
AcDbText
 73
2
  0
LINE
  5
8C5
330
17
100
AcDbEntity
  8
42-TABLO
100
AcDbLine
 10
1508.0
 20
547.2999999999984
 30
0.0
 11
1508.0
 21
540.5999999999983
 31
0.0
  0
TEXT
  5
8C6
330
17
100
AcDbEntity
  8
42-TABLO
100
AcDbText
 10
1513.5
 20
543.9499999999983
 30
0.0
 40
2.05
  1

  7
TRK
 72
1
 11
1513.5
 21
543.9499999999983
 31
0.0
100
AcDbText
 73
2
  0
LINE
  5
8C7
330
17
100
AcDbEntity
  8
42-TABLO
100
AcDbLine
 10
1519.0
 20
547.2999999999984
 30
0.0
 11
1519.0
 21
540.5999999999983
 31
0.0
  0
TEXT
  5
8C8
330
17
100
AcDbEntity
  8
42-TABLO
100
AcDbText
 10
1524.5
 20
543.9499999999983
 30
0.0
 40
2.05
  1

  7
TRK
 72
1
 11
1524.5
 21
543.9499999999983
 31
0.0
100
AcDbText
 73
2
  0
LINE
  5
8C9
330
17
100
AcDbEntity
  8
42-TABLO
100
AcDbLine
 10
1530.0
 20
547.2999999999984
 30
0.0
 11
1530.0
 21
540.5999999999983
 31
0.0
  0
TEXT
  5
8CA
330
17
100
AcDbEntity
  8
42-TABLO
100
AcDbText
 10
1535.5
 20
543.9499999999983
 30
0.0
 40
2.05
  1

  7
TRK
 72
1
 11
1535.5
 21
543.9499999999983
 31
0.0
100
AcDbText
 73
2
  0
LINE
  5
8CB
330
17
100
AcDbEntity
  8
42-TABLO
100
AcDbLine
 10
1541.0
 20
547.2999999999984
 30
0.0
 11
1541.0
 21
540.5999999999983
 31
0.0
  0
TEXT
  5
8CC
330
17
100
AcDbEntity
  8
42-TABLO
100
AcDbText
 10
1546.5
 20
543.9499999999983
 30
0.0
 40
2.05
  1

  7
TRK
 72
1
 11
1546.5
 21
543.9499999999983
 31
0.0
100
AcDbText
 73
2
  0
LINE
  5
8CD
330
17
100
AcDbEntity
  8
42-TABLO
100
AcDbLine
 10
1552.0
 20
547.2999999999984
 30
0.0
 11
1552.0
 21
540.5999999999983
 31
0.0
  0
TEXT
  5
8CE
330
17
100
AcDbEntity
  8
42-TABLO
100
AcDbText
 10
1557.5
 20
543.9499999999983
 30
0.0
 40
2.05
  1
4
  7
TRK
 72
1
 11
1557.5
 21
543.9499999999983
 31
0.0
100
AcDbText
 73
2
  0
LINE
  5
8CF
330
17
100
AcDbEntity
  8
42-TABLO
100
AcDbLine
 10
1563.0
 20
547.2999999999984
 30
0.0
 11
1563.0
 21
540.5999999999983
 31
0.0
  0
TEXT
  5
8D0
330
17
100
AcDbEntity
  8
42-TABLO
100
AcDbText
 10
1568.5
 20
543.9499999999983
 30
0.0
 40
2.05
  1

  7
TRK
 72
1
 11
1568.5
 21
543.9499999999983
 31
0.0
100
AcDbText
 73
2
  0
LINE
  5
8D1
330
17
100
AcDbEntity
  8
42-TABLO
100
AcDbLine
 10
1574.0
 20
547.2999999999984
 30
0.0
 11
1574.0
 21
540.5999999999983
 31
0.0
  0
TEXT
  5
8D2
330
17
100
AcDbEntity
  8
42-TABLO
100
AcDbText
 10
1581.0
 20
543.9499999999983
 30
0.0
 40
2.05
  1

  7
TRK
 72
1
 11
1581.0
 21
543.9499999999983
 31
0.0
100
AcDbText
 73
2
  0
LINE
  5
8D3
330
17
100
AcDbEntity
  8
42-TABLO
100
AcDbLine
 10
1588.0
 20
547.2999999999984
 30
0.0
 11
1588.0
 21
540.5999999999983
 31
0.0
  0
TEXT
  5
8D4
330
17
100
AcDbEntity
  8
42-TABLO
100
AcDbText
 10
1602.8
 20
543.9499999999983
 30
0.0
 40
2.05
  1
8
  7
TRK
 72
2
 11
1602.8
 21
543.9499999999983
 31
0.0
100
AcDbText
 73
2
  0
LINE
  5
8D5
330
17
100
AcDbEntity
  8
42-TABLO
100
AcDbLine
 10
1604.0
 20
547.2999999999984
 30
0.0
 11
1604.0
 21
540.5999999999983
 31
0.0
  0
TEXT
  5
8D6
330
17
100
AcDbEntity
  8
42-TABLO
100
AcDbText
 10
1622.8
 20
543.9499999999983
 30
0.0
 40
2.05
  1

  7
TRK
 72
2
 11
1622.8
 21
543.9499999999983
 31
0.0
100
AcDbText
 73
2
  0
LINE
  5
8D7
330
17
100
AcDbEntity
  8
42-TABLO
100
AcDbLine
 10
1624.0
 20
547.2999999999984
 30
0.0
 11
1624.0
 21
540.5999999999983
 31
0.0
  0
TEXT
  5
8D8
330
17
100
AcDbEntity
  8
42-TABLO
100
AcDbText
 10
1644.8
 20
543.9499999999983
 30
0.0
 40
2.05
  1

  7
TRK
 72
2
 11
1644.8
 21
543.9499999999983
 31
0.0
100
AcDbText
 73
2
  0
LINE
  5
8D9
330
17
100
AcDbEntity
  8
42-TABLO
100
AcDbLine
 10
1646.0
 20
547.2999999999984
 30
0.0
 11
1646.0
 21
540.5999999999983
 31
0.0
  0
LINE
  5
8DA
330
17
100
AcDbEntity
  8
42-TABLO
100
AcDbLine
 10
1280.0
 20
540.5999999999983
 30
0.0
 11
1646.0
 21
540.5999999999983
 31
0.0
  0
TEXT
  5
8DB
330
17
100
AcDbEntity
  8
42-TABLO
100
AcDbText
 10
1284.5
 20
537.2499999999983
 30
0.0
 40
2.05
  1
33
  7
TRK
 72
1
 11
1284.5
 21
537.2499999999983
 31
0.0
100
AcDbText
 73
2
  0
LINE
  5
8DC
330
17
100
AcDbEntity
  8
42-TABLO
100
AcDbLine
 10
1289.0
 20
540.5999999999983
 30
0.0
 11
1289.0
 21
533.8999999999983
 31
0.0
  0
TEXT
  5
8DD
330
17
100
AcDbEntity
  8
42-TABLO
100
AcDbText
 10
1298.0
 20
537.2499999999983
 30
0.0
 40
2.05
  1

  7
TRK
 72
1
 11
1298.0
 21
537.2499999999983
 31
0.0
100
AcDbText
 73
2
  0
LINE
  5
8DE
330
17
100
AcDbEntity
  8
42-TABLO
100
AcDbLine
 10
1307.0
 20
540.5999999999983
 30
0.0
 11
1307.0
 21
533.8999999999983
 31
0.0
  0
TEXT
  5
8DF
330
17
100
AcDbEntity
  8
42-TABLO
100
AcDbText
 10
1308.2
 20
537.2499999999983
 30
0.0
 40
2.05
  1
UV dayanýmlý kablo baðý (siyah, 9x400 mm)
  7
TRK
 11
1308.2
 21
537.2499999999983
 31
0.0
100
AcDbText
 73
2
  0
LINE
  5
8E0
330
17
100
AcDbEntity
  8
42-TABLO
100
AcDbLine
 10
1485.0
 20
540.5999999999983
 30
0.0
 11
1485.0
 21
533.8999999999983
 31
0.0
  0
TEXT
  5
8E1
330
17
100
AcDbEntity
  8
42-TABLO
100
AcDbText
 10
1491.0
 20
537.2499999999983
 30
0.0
 40
2.05
  1
Adet
  7
TRK
 72
1
 11
1491.0
 21
537.2499999999983
 31
0.0
100
AcDbText
 73
2
  0
LINE
  5
8E2
330
17
100
AcDbEntity
  8
42-TABLO
100
AcDbLine
 10
1497.0
 20
540.5999999999983
 30
0.0
 11
1497.0
 21
533.8999999999983
 31
0.0
  0
TEXT
  5
8E3
330
17
100
AcDbEntity
  8
42-TABLO
100
AcDbText
 10
1502.5
 20
537.2499999999983
 30
0.0
 40
2.05
  1
6
  7
TRK
 72
1
 11
1502.5
 21
537.2499999999983
 31
0.0
100
AcDbText
 73
2
  0
LINE
  5
8E4
330
17
100
AcDbEntity
  8
42-TABLO
100
AcDbLine
 10
1508.0
 20
540.5999999999983
 30
0.0
 11
1508.0
 21
533.8999999999983
 31
0.0
  0
TEXT
  5
8E5
330
17
100
AcDbEntity
  8
42-TABLO
100
AcDbText
 10
1513.5
 20
537.2499999999983
 30
0.0
 40
2.05
  1
8
  7
TRK
 72
1
 11
1513.5
 21
537.2499999999983
 31
0.0
100
AcDbText
 73
2
  0
LINE
  5
8E6
330
17
100
AcDbEntity
  8
42-TABLO
100
AcDbLine
 10
1519.0
 20
540.5999999999983
 30
0.0
 11
1519.0
 21
533.8999999999983
 31
0.0
  0
TEXT
  5
8E7
330
17
100
AcDbEntity
  8
42-TABLO
100
AcDbText
 10
1524.5
 20
537.2499999999983
 30
0.0
 40
2.05
  1
4
  7
TRK
 72
1
 11
1524.5
 21
537.2499999999983
 31
0.0
100
AcDbText
 73
2
  0
LINE
  5
8E8
330
17
100
AcDbEntity
  8
42-TABLO
100
AcDbLine
 10
1530.0
 20
540.5999999999983
 30
0.0
 11
1530.0
 21
533.8999999999983
 31
0.0
  0
TEXT
  5
8E9
330
17
100
AcDbEntity
  8
42-TABLO
100
AcDbText
 10
1535.5
 20
537.2499999999983
 30
0.0
 40
2.05
  1
4
  7
TRK
 72
1
 11
1535.5
 21
537.2499999999983
 31
0.0
100
AcDbText
 73
2
  0
LINE
  5
8EA
330
17
100
AcDbEntity
  8
42-TABLO
100
AcDbLine
 10
1541.0
 20
540.5999999999983
 30
0.0
 11
1541.0
 21
533.8999999999983
 31
0.0
  0
TEXT
  5
8EB
330
17
100
AcDbEntity
  8
42-TABLO
100
AcDbText
 10
1546.5
 20
537.2499999999983
 30
0.0
 40
2.05
  1
8
  7
TRK
 72
1
 11
1546.5
 21
537.2499999999983
 31
0.0
100
AcDbText
 73
2
  0
LINE
  5
8EC
330
17
100
AcDbEntity
  8
42-TABLO
100
AcDbLine
 10
1552.0
 20
540.5999999999983
 30
0.0
 11
1552.0
 21
533.8999999999983
 31
0.0
  0
TEXT
  5
8ED
330
17
100
AcDbEntity
  8
42-TABLO
100
AcDbText
 10
1557.5
 20
537.2499999999983
 30
0.0
 40
2.05
  1
6
  7
TRK
 72
1
 11
1557.5
 21
537.2499999999983
 31
0.0
100
AcDbText
 73
2
  0
LINE
  5
8EE
330
17
100
AcDbEntity
  8
42-TABLO
100
AcDbLine
 10
1563.0
 20
540.5999999999983
 30
0.0
 11
1563.0
 21
533.8999999999983
 31
0.0
  0
TEXT
  5
8EF
330
17
100
AcDbEntity
  8
42-TABLO
100
AcDbText
 10
1568.5
 20
537.2499999999983
 30
0.0
 40
2.05
  1

  7
TRK
 72
1
 11
1568.5
 21
537.2499999999983
 31
0.0
100
AcDbText
 73
2
  0
LINE
  5
8F0
330
17
100
AcDbEntity
  8
42-TABLO
100
AcDbLine
 10
1574.0
 20
540.5999999999983
 30
0.0
 11
1574.0
 21
533.8999999999983
 31
0.0
  0
TEXT
  5
8F1
330
17
100
AcDbEntity
  8
42-TABLO
100
AcDbText
 10
1581.0
 20
537.2499999999983
 30
0.0
 40
2.05
  1

  7
TRK
 72
1
 11
1581.0
 21
537.2499999999983
 31
0.0
100
AcDbText
 73
2
  0
LINE
  5
8F2
330
17
100
AcDbEntity
  8
42-TABLO
100
AcDbLine
 10
1588.0
 20
540.5999999999983
 30
0.0
 11
1588.0
 21
533.8999999999983
 31
0.0
  0
TEXT
  5
8F3
330
17
100
AcDbEntity
  8
42-TABLO
100
AcDbText
 10
1602.8
 20
537.2499999999983
 30
0.0
 40
2.05
  1
36
  7
TRK
 72
2
 11
1602.8
 21
537.2499999999983
 31
0.0
100
AcDbText
 73
2
  0
LINE
  5
8F4
330
17
100
AcDbEntity
  8
42-TABLO
100
AcDbLine
 10
1604.0
 20
540.5999999999983
 30
0.0
 11
1604.0
 21
533.8999999999983
 31
0.0
  0
TEXT
  5
8F5
330
17
100
AcDbEntity
  8
42-TABLO
100
AcDbText
 10
1622.8
 20
537.2499999999983
 30
0.0
 40
2.05
  1

  7
TRK
 72
2
 11
1622.8
 21
537.2499999999983
 31
0.0
100
AcDbText
 73
2
  0
LINE
  5
8F6
330
17
100
AcDbEntity
  8
42-TABLO
100
AcDbLine
 10
1624.0
 20
540.5999999999983
 30
0.0
 11
1624.0
 21
533.8999999999983
 31
0.0
  0
TEXT
  5
8F7
330
17
100
AcDbEntity
  8
42-TABLO
100
AcDbText
 10
1644.8
 20
537.2499999999983
 30
0.0
 40
2.05
  1

  7
TRK
 72
2
 11
1644.8
 21
537.2499999999983
 31
0.0
100
AcDbText
 73
2
  0
LINE
  5
8F8
330
17
100
AcDbEntity
  8
42-TABLO
100
AcDbLine
 10
1646.0
 20
540.5999999999983
 30
0.0
 11
1646.0
 21
533.8999999999983
 31
0.0
  0
LINE
  5
8F9
330
17
100
AcDbEntity
  8
42-TABLO
100
AcDbLine
 10
1280.0
 20
533.8999999999983
 30
0.0
 11
1646.0
 21
533.8999999999983
 31
0.0
  0
TEXT
  5
8FA
330
17
100
AcDbEntity
  8
42-TABLO
100
AcDbText
 10
1284.5
 20
530.5499999999982
 30
0.0
 40
2.05
  1
34
  7
TRK
 72
1
 11
1284.5
 21
530.5499999999982
 31
0.0
100
AcDbText
 73
2
  0
LINE
  5
8FB
330
17
100
AcDbEntity
  8
42-TABLO
100
AcDbLine
 10
1289.0
 20
533.8999999999983
 30
0.0
 11
1289.0
 21
527.1999999999982
 31
0.0
  0
TEXT
  5
8FC
330
17
100
AcDbEntity
  8
42-TABLO
100
AcDbText
 10
1298.0
 20
530.5499999999982
 30
0.0
 40
2.05
  1

  7
TRK
 72
1
 11
1298.0
 21
530.5499999999982
 31
0.0
100
AcDbText
 73
2
  0
LINE
  5
8FD
330
17
100
AcDbEntity
  8
42-TABLO
100
AcDbLine
 10
1307.0
 20
533.8999999999983
 30
0.0
 11
1307.0
 21
527.1999999999982
 31
0.0
  0
TEXT
  5
8FE
330
17
100
AcDbEntity
  8
42-TABLO
100
AcDbText
 10
1308.2
 20
530.5499999999982
 30
0.0
 40
2.05
  1
Ýzoleli delici klemens 16-95 mm² (nötr topraklama baðlantýsý)
  7
TRK
 11
1308.2
 21
530.5499999999982
 31
0.0
100
AcDbText
 73
2
  0
LINE
  5
8FF
330
17
100
AcDbEntity
  8
42-TABLO
100
AcDbLine
 10
1485.0
 20
533.8999999999983
 30
0.0
 11
1485.0
 21
527.1999999999982
 31
0.0
  0
TEXT
  5
900
330
17
100
AcDbEntity
  8
42-TABLO
100
AcDbText
 10
1491.0
 20
530.5499999999982
 30
0.0
 40
2.05
  1
Adet
  7
TRK
 72
1
 11
1491.0
 21
530.5499999999982
 31
0.0
100
AcDbText
 73
2
  0
LINE
  5
901
330
17
100
AcDbEntity
  8
42-TABLO
100
AcDbLine
 10
1497.0
 20
533.8999999999983
 30
0.0
 11
1497.0
 21
527.1999999999982
 31
0.0
  0
TEXT
  5
902
330
17
100
AcDbEntity
  8
42-TABLO
100
AcDbText
 10
1502.5
 20
530.5499999999982
 30
0.0
 40
2.05
  1

  7
TRK
 72
1
 11
1502.5
 21
530.5499999999982
 31
0.0
100
AcDbText
 73
2
  0
LINE
  5
903
330
17
100
AcDbEntity
  8
42-TABLO
100
AcDbLine
 10
1508.0
 20
533.8999999999983
 30
0.0
 11
1508.0
 21
527.1999999999982
 31
0.0
  0
TEXT
  5
904
330
17
100
AcDbEntity
  8
42-TABLO
100
AcDbText
 10
1513.5
 20
530.5499999999982
 30
0.0
 40
2.05
  1
1
  7
TRK
 72
1
 11
1513.5
 21
530.5499999999982
 31
0.0
100
AcDbText
 73
2
  0
LINE
  5
905
330
17
100
AcDbEntity
  8
42-TABLO
100
AcDbLine
 10
1519.0
 20
533.8999999999983
 30
0.0
 11
1519.0
 21
527.1999999999982
 31
0.0
  0
TEXT
  5
906
330
17
100
AcDbEntity
  8
42-TABLO
100
AcDbText
 10
1524.5
 20
530.5499999999982
 30
0.0
 40
2.05
  1

  7
TRK
 72
1
 11
1524.5
 21
530.5499999999982
 31
0.0
100
AcDbText
 73
2
  0
LINE
  5
907
330
17
100
AcDbEntity
  8
42-TABLO
100
AcDbLine
 10
1530.0
 20
533.8999999999983
 30
0.0
 11
1530.0
 21
527.1999999999982
 31
0.0
  0
TEXT
  5
908
330
17
100
AcDbEntity
  8
42-TABLO
100
AcDbText
 10
1535.5
 20
530.5499999999982
 30
0.0
 40
2.05
  1

  7
TRK
 72
1
 11
1535.5
 21
530.5499999999982
 31
0.0
100
AcDbText
 73
2
  0
LINE
  5
909
330
17
100
AcDbEntity
  8
42-TABLO
100
AcDbLine
 10
1541.0
 20
533.8999999999983
 30
0.0
 11
1541.0
 21
527.1999999999982
 31
0.0
  0
TEXT
  5
90A
330
17
100
AcDbEntity
  8
42-TABLO
100
AcDbText
 10
1546.5
 20
530.5499999999982
 30
0.0
 40
2.05
  1

  7
TRK
 72
1
 11
1546.5
 21
530.5499999999982
 31
0.0
100
AcDbText
 73
2
  0
LINE
  5
90B
330
17
100
AcDbEntity
  8
42-TABLO
100
AcDbLine
 10
1552.0
 20
533.8999999999983
 30
0.0
 11
1552.0
 21
527.1999999999982
 31
0.0
  0
TEXT
  5
90C
330
17
100
AcDbEntity
  8
42-TABLO
100
AcDbText
 10
1557.5
 20
530.5499999999982
 30
0.0
 40
2.05
  1
1
  7
TRK
 72
1
 11
1557.5
 21
530.5499999999982
 31
0.0
100
AcDbText
 73
2
  0
LINE
  5
90D
330
17
100
AcDbEntity
  8
42-TABLO
100
AcDbLine
 10
1563.0
 20
533.8999999999983
 30
0.0
 11
1563.0
 21
527.1999999999982
 31
0.0
  0
TEXT
  5
90E
330
17
100
AcDbEntity
  8
42-TABLO
100
AcDbText
 10
1568.5
 20
530.5499999999982
 30
0.0
 40
2.05
  1

  7
TRK
 72
1
 11
1568.5
 21
530.5499999999982
 31
0.0
100
AcDbText
 73
2
  0
LINE
  5
90F
330
17
100
AcDbEntity
  8
42-TABLO
100
AcDbLine
 10
1574.0
 20
533.8999999999983
 30
0.0
 11
1574.0
 21
527.1999999999982
 31
0.0
  0
TEXT
  5
910
330
17
100
AcDbEntity
  8
42-TABLO
100
AcDbText
 10
1581.0
 20
530.5499999999982
 30
0.0
 40
2.05
  1

  7
TRK
 72
1
 11
1581.0
 21
530.5499999999982
 31
0.0
100
AcDbText
 73
2
  0
LINE
  5
911
330
17
100
AcDbEntity
  8
42-TABLO
100
AcDbLine
 10
1588.0
 20
533.8999999999983
 30
0.0
 11
1588.0
 21
527.1999999999982
 31
0.0
  0
TEXT
  5
912
330
17
100
AcDbEntity
  8
42-TABLO
100
AcDbText
 10
1602.8
 20
530.5499999999982
 30
0.0
 40
2.05
  1
2
  7
TRK
 72
2
 11
1602.8
 21
530.5499999999982
 31
0.0
100
AcDbText
 73
2
  0
LINE
  5
913
330
17
100
AcDbEntity
  8
42-TABLO
100
AcDbLine
 10
1604.0
 20
533.8999999999983
 30
0.0
 11
1604.0
 21
527.1999999999982
 31
0.0
  0
TEXT
  5
914
330
17
100
AcDbEntity
  8
42-TABLO
100
AcDbText
 10
1622.8
 20
530.5499999999982
 30
0.0
 40
2.05
  1

  7
TRK
 72
2
 11
1622.8
 21
530.5499999999982
 31
0.0
100
AcDbText
 73
2
  0
LINE
  5
915
330
17
100
AcDbEntity
  8
42-TABLO
100
AcDbLine
 10
1624.0
 20
533.8999999999983
 30
0.0
 11
1624.0
 21
527.1999999999982
 31
0.0
  0
TEXT
  5
916
330
17
100
AcDbEntity
  8
42-TABLO
100
AcDbText
 10
1644.8
 20
530.5499999999982
 30
0.0
 40
2.05
  1

  7
TRK
 72
2
 11
1644.8
 21
530.5499999999982
 31
0.0
100
AcDbText
 73
2
  0
LINE
  5
917
330
17
100
AcDbEntity
  8
42-TABLO
100
AcDbLine
 10
1646.0
 20
533.8999999999983
 30
0.0
 11
1646.0
 21
527.1999999999982
 31
0.0
  0
LINE
  5
918
330
17
100
AcDbEntity
  8
42-TABLO
100
AcDbLine
 10
1280.0
 20
527.1999999999982
 30
0.0
 11
1646.0
 21
527.1999999999982
 31
0.0
  0
LWPOLYLINE
  5
919
330
17
100
AcDbEntity
  8
43-TABLO-CERCEVE
100
AcDbPolyline
 90
4
 70
1
 10
1280.0
 20
520.4999999999982
 10
1646.0
 20
520.4999999999982
 10
1646.0
 20
527.1999999999982
 10
1280.0
 20
527.1999999999982
  0
TEXT
  5
91A
330
17
100
AcDbEntity
  8
42-TABLO
100
AcDbText
 10
1282.0
 20
523.8499999999982
 30
0.0
 40
2.214
  1
F. TOPRAKLAMA MALZEMELERÝ
  7
TRKB
 11
1282.0
 21
523.8499999999982
 31
0.0
100
AcDbText
 73
2
  0
TEXT
  5
91B
330
17
100
AcDbEntity
  8
42-TABLO
100
AcDbText
 10
1284.5
 20
517.1499999999982
 30
0.0
 40
2.05
  1
35
  7
TRK
 72
1
 11
1284.5
 21
517.1499999999982
 31
0.0
100
AcDbText
 73
2
  0
LINE
  5
91C
330
17
100
AcDbEntity
  8
42-TABLO
100
AcDbLine
 10
1289.0
 20
520.4999999999982
 30
0.0
 11
1289.0
 21
513.7999999999981
 31
0.0
  0
TEXT
  5
91D
330
17
100
AcDbEntity
  8
42-TABLO
100
AcDbText
 10
1298.0
 20
517.1499999999982
 30
0.0
 40
2.05
  1

  7
TRK
 72
1
 11
1298.0
 21
517.1499999999982
 31
0.0
100
AcDbText
 73
2
  0
LINE
  5
91E
330
17
100
AcDbEntity
  8
42-TABLO
100
AcDbLine
 10
1307.0
 20
520.4999999999982
 30
0.0
 11
1307.0
 21
513.7999999999981
 31
0.0
  0
TEXT
  5
91F
330
17
100
AcDbEntity
  8
42-TABLO
100
AcDbText
 10
1308.2
 20
517.1499999999982
 30
0.0
 40
2.05
  1
Topraklama çubuðu, bakýr kaplý çelik Ø5/8" (16 mm) x 1,5 m
  7
TRK
 11
1308.2
 21
517.1499999999982
 31
0.0
100
AcDbText
 73
2
  0
LINE
  5
920
330
17
100
AcDbEntity
  8
42-TABLO
100
AcDbLine
 10
1485.0
 20
520.4999999999982
 30
0.0
 11
1485.0
 21
513.7999999999981
 31
0.0
  0
TEXT
  5
921
330
17
100
AcDbEntity
  8
42-TABLO
100
AcDbText
 10
1491.0
 20
517.1499999999982
 30
0.0
 40
2.05
  1
Adet
  7
TRK
 72
1
 11
1491.0
 21
517.1499999999982
 31
0.0
100
AcDbText
 73
2
  0
LINE
  5
922
330
17
100
AcDbEntity
  8
42-TABLO
100
AcDbLine
 10
1497.0
 20
520.4999999999982
 30
0.0
 11
1497.0
 21
513.7999999999981
 31
0.0
  0
TEXT
  5
923
330
17
100
AcDbEntity
  8
42-TABLO
100
AcDbText
 10
1502.5
 20
517.1499999999982
 30
0.0
 40
2.05
  1
4
  7
TRK
 72
1
 11
1502.5
 21
517.1499999999982
 31
0.0
100
AcDbText
 73
2
  0
LINE
  5
924
330
17
100
AcDbEntity
  8
42-TABLO
100
AcDbLine
 10
1508.0
 20
520.4999999999982
 30
0.0
 11
1508.0
 21
513.7999999999981
 31
0.0
  0
TEXT
  5
925
330
17
100
AcDbEntity
  8
42-TABLO
100
AcDbText
 10
1513.5
 20
517.1499999999982
 30
0.0
 40
2.05
  1
2
  7
TRK
 72
1
 11
1513.5
 21
517.1499999999982
 31
0.0
100
AcDbText
 73
2
  0
LINE
  5
926
330
17
100
AcDbEntity
  8
42-TABLO
100
AcDbLine
 10
1519.0
 20
520.4999999999982
 30
0.0
 11
1519.0
 21
513.7999999999981
 31
0.0
  0
TEXT
  5
927
330
17
100
AcDbEntity
  8
42-TABLO
100
AcDbText
 10
1524.5
 20
517.1499999999982
 30
0.0
 40
2.05
  1
1
  7
TRK
 72
1
 11
1524.5
 21
517.1499999999982
 31
0.0
100
AcDbText
 73
2
  0
LINE
  5
928
330
17
100
AcDbEntity
  8
42-TABLO
100
AcDbLine
 10
1530.0
 20
520.4999999999982
 30
0.0
 11
1530.0
 21
513.7999999999981
 31
0.0
  0
TEXT
  5
929
330
17
100
AcDbEntity
  8
42-TABLO
100
AcDbText
 10
1535.5
 20
517.1499999999982
 30
0.0
 40
2.05
  1
1
  7
TRK
 72
1
 11
1535.5
 21
517.1499999999982
 31
0.0
100
AcDbText
 73
2
  0
LINE
  5
92A
330
17
100
AcDbEntity
  8
42-TABLO
100
AcDbLine
 10
1541.0
 20
520.4999999999982
 30
0.0
 11
1541.0
 21
513.7999999999981
 31
0.0
  0
TEXT
  5
92B
330
17
100
AcDbEntity
  8
42-TABLO
100
AcDbText
 10
1546.5
 20
517.1499999999982
 30
0.0
 40
2.05
  1
1
  7
TRK
 72
1
 11
1546.5
 21
517.1499999999982
 31
0.0
100
AcDbText
 73
2
  0
LINE
  5
92C
330
17
100
AcDbEntity
  8
42-TABLO
100
AcDbLine
 10
1552.0
 20
520.4999999999982
 30
0.0
 11
1552.0
 21
513.7999999999981
 31
0.0
  0
TEXT
  5
92D
330
17
100
AcDbEntity
  8
42-TABLO
100
AcDbText
 10
1557.5
 20
517.1499999999982
 30
0.0
 40
2.05
  1
2
  7
TRK
 72
1
 11
1557.5
 21
517.1499999999982
 31
0.0
100
AcDbText
 73
2
  0
LINE
  5
92E
330
17
100
AcDbEntity
  8
42-TABLO
100
AcDbLine
 10
1563.0
 20
520.4999999999982
 30
0.0
 11
1563.0
 21
513.7999999999981
 31
0.0
  0
TEXT
  5
92F
330
17
100
AcDbEntity
  8
42-TABLO
100
AcDbText
 10
1568.5
 20
517.1499999999982
 30
0.0
 40
2.05
  1

  7
TRK
 72
1
 11
1568.5
 21
517.1499999999982
 31
0.0
100
AcDbText
 73
2
  0
LINE
  5
930
330
17
100
AcDbEntity
  8
42-TABLO
100
AcDbLine
 10
1574.0
 20
520.4999999999982
 30
0.0
 11
1574.0
 21
513.7999999999981
 31
0.0
  0
TEXT
  5
931
330
17
100
AcDbEntity
  8
42-TABLO
100
AcDbText
 10
1581.0
 20
517.1499999999982
 30
0.0
 40
2.05
  1

  7
TRK
 72
1
 11
1581.0
 21
517.1499999999982
 31
0.0
100
AcDbText
 73
2
  0
LINE
  5
932
330
17
100
AcDbEntity
  8
42-TABLO
100
AcDbLine
 10
1588.0
 20
520.4999999999982
 30
0.0
 11
1588.0
 21
513.7999999999981
 31
0.0
  0
TEXT
  5
933
330
17
100
AcDbEntity
  8
42-TABLO
100
AcDbText
 10
1602.8
 20
517.1499999999982
 30
0.0
 40
2.05
  1
11
  7
TRK
 72
2
 11
1602.8
 21
517.1499999999982
 31
0.0
100
AcDbText
 73
2
  0
LINE
  5
934
330
17
100
AcDbEntity
  8
42-TABLO
100
AcDbLine
 10
1604.0
 20
520.4999999999982
 30
0.0
 11
1604.0
 21
513.7999999999981
 31
0.0
  0
TEXT
  5
935
330
17
100
AcDbEntity
  8
42-TABLO
100
AcDbText
 10
1622.8
 20
517.1499999999982
 30
0.0
 40
2.05
  1

  7
TRK
 72
2
 11
1622.8
 21
517.1499999999982
 31
0.0
100
AcDbText
 73
2
  0
LINE
  5
936
330
17
100
AcDbEntity
  8
42-TABLO
100
AcDbLine
 10
1624.0
 20
520.4999999999982
 30
0.0
 11
1624.0
 21
513.7999999999981
 31
0.0
  0
TEXT
  5
937
330
17
100
AcDbEntity
  8
42-TABLO
100
AcDbText
 10
1644.8
 20
517.1499999999982
 30
0.0
 40
2.05
  1

  7
TRK
 72
2
 11
1644.8
 21
517.1499999999982
 31
0.0
100
AcDbText
 73
2
  0
LINE
  5
938
330
17
100
AcDbEntity
  8
42-TABLO
100
AcDbLine
 10
1646.0
 20
520.4999999999982
 30
0.0
 11
1646.0
 21
513.7999999999981
 31
0.0
  0
LINE
  5
939
330
17
100
AcDbEntity
  8
42-TABLO
100
AcDbLine
 10
1280.0
 20
513.7999999999981
 30
0.0
 11
1646.0
 21
513.7999999999981
 31
0.0
  0
TEXT
  5
93A
330
17
100
AcDbEntity
  8
42-TABLO
100
AcDbText
 10
1284.5
 20
510.4499999999981
 30
0.0
 40
2.05
  1
36
  7
TRK
 72
1
 11
1284.5
 21
510.4499999999981
 31
0.0
100
AcDbText
 73
2
  0
LINE
  5
93B
330
17
100
AcDbEntity
  8
42-TABLO
100
AcDbLine
 10
1289.0
 20
513.7999999999981
 30
0.0
 11
1289.0
 21
507.09999999999815
 31
0.0
  0
TEXT
  5
93C
330
17
100
AcDbEntity
  8
42-TABLO
100
AcDbText
 10
1298.0
 20
510.4499999999981
 30
0.0
 40
2.05
  1

  7
TRK
 72
1
 11
1298.0
 21
510.4499999999981
 31
0.0
100
AcDbText
 73
2
  0
LINE
  5
93D
330
17
100
AcDbEntity
  8
42-TABLO
100
AcDbLine
 10
1307.0
 20
513.7999999999981
 30
0.0
 11
1307.0
 21
507.09999999999815
 31
0.0
  0
TEXT
  5
93E
330
17
100
AcDbEntity
  8
42-TABLO
100
AcDbText
 10
1308.2
 20
510.4499999999981
 30
0.0
 40
2.05
  1
50 mm² örgülü çýplak bakýr topraklama iletkeni (koruma topraklamasý)
  7
TRK
 11
1308.2
 21
510.4499999999981
 31
0.0
100
AcDbText
 73
2
  0
LINE
  5
93F
330
17
100
AcDbEntity
  8
42-TABLO
100
AcDbLine
 10
1485.0
 20
513.7999999999981
 30
0.0
 11
1485.0
 21
507.09999999999815
 31
0.0
  0
TEXT
  5
940
330
17
100
AcDbEntity
  8
42-TABLO
100
AcDbText
 10
1491.0
 20
510.4499999999981
 30
0.0
 40
2.05
  1
m
  7
TRK
 72
1
 11
1491.0
 21
510.4499999999981
 31
0.0
100
AcDbText
 73
2
  0
LINE
  5
941
330
17
100
AcDbEntity
  8
42-TABLO
100
AcDbLine
 10
1497.0
 20
513.7999999999981
 30
0.0
 11
1497.0
 21
507.09999999999815
 31
0.0
  0
TEXT
  5
942
330
17
100
AcDbEntity
  8
42-TABLO
100
AcDbText
 10
1502.5
 20
510.4499999999981
 30
0.0
 40
2.05
  1
30
  7
TRK
 72
1
 11
1502.5
 21
510.4499999999981
 31
0.0
100
AcDbText
 73
2
  0
LINE
  5
943
330
17
100
AcDbEntity
  8
42-TABLO
100
AcDbLine
 10
1508.0
 20
513.7999999999981
 30
0.0
 11
1508.0
 21
507.09999999999815
 31
0.0
  0
TEXT
  5
944
330
17
100
AcDbEntity
  8
42-TABLO
100
AcDbText
 10
1513.5
 20
510.4499999999981
 30
0.0
 40
2.05
  1
6
  7
TRK
 72
1
 11
1513.5
 21
510.4499999999981
 31
0.0
100
AcDbText
 73
2
  0
LINE
  5
945
330
17
100
AcDbEntity
  8
42-TABLO
100
AcDbLine
 10
1519.0
 20
513.7999999999981
 30
0.0
 11
1519.0
 21
507.09999999999815
 31
0.0
  0
TEXT
  5
946
330
17
100
AcDbEntity
  8
42-TABLO
100
AcDbText
 10
1524.5
 20
510.4499999999981
 30
0.0
 40
2.05
  1
6
  7
TRK
 72
1
 11
1524.5
 21
510.4499999999981
 31
0.0
100
AcDbText
 73
2
  0
LINE
  5
947
330
17
100
AcDbEntity
  8
42-TABLO
100
AcDbLine
 10
1530.0
 20
513.7999999999981
 30
0.0
 11
1530.0
 21
507.09999999999815
 31
0.0
  0
TEXT
  5
948
330
17
100
AcDbEntity
  8
42-TABLO
100
AcDbText
 10
1535.5
 20
510.4499999999981
 30
0.0
 40
2.05
  1
6
  7
TRK
 72
1
 11
1535.5
 21
510.4499999999981
 31
0.0
100
AcDbText
 73
2
  0
LINE
  5
949
330
17
100
AcDbEntity
  8
42-TABLO
100
AcDbLine
 10
1541.0
 20
513.7999999999981
 30
0.0
 11
1541.0
 21
507.09999999999815
 31
0.0
  0
TEXT
  5
94A
330
17
100
AcDbEntity
  8
42-TABLO
100
AcDbText
 10
1546.5
 20
510.4499999999981
 30
0.0
 40
2.05
  1
6
  7
TRK
 72
1
 11
1546.5
 21
510.4499999999981
 31
0.0
100
AcDbText
 73
2
  0
LINE
  5
94B
330
17
100
AcDbEntity
  8
42-TABLO
100
AcDbLine
 10
1552.0
 20
513.7999999999981
 30
0.0
 11
1552.0
 21
507.09999999999815
 31
0.0
  0
TEXT
  5
94C
330
17
100
AcDbEntity
  8
42-TABLO
100
AcDbText
 10
1557.5
 20
510.4499999999981
 30
0.0
 40
2.05
  1
6
  7
TRK
 72
1
 11
1557.5
 21
510.4499999999981
 31
0.0
100
AcDbText
 73
2
  0
LINE
  5
94D
330
17
100
AcDbEntity
  8
42-TABLO
100
AcDbLine
 10
1563.0
 20
513.7999999999981
 30
0.0
 11
1563.0
 21
507.09999999999815
 31
0.0
  0
TEXT
  5
94E
330
17
100
AcDbEntity
  8
42-TABLO
100
AcDbText
 10
1568.5
 20
510.4499999999981
 30
0.0
 40
2.05
  1

  7
TRK
 72
1
 11
1568.5
 21
510.4499999999981
 31
0.0
100
AcDbText
 73
2
  0
LINE
  5
94F
330
17
100
AcDbEntity
  8
42-TABLO
100
AcDbLine
 10
1574.0
 20
513.7999999999981
 30
0.0
 11
1574.0
 21
507.09999999999815
 31
0.0
  0
TEXT
  5
950
330
17
100
AcDbEntity
  8
42-TABLO
100
AcDbText
 10
1581.0
 20
510.4499999999981
 30
0.0
 40
2.05
  1

  7
TRK
 72
1
 11
1581.0
 21
510.4499999999981
 31
0.0
100
AcDbText
 73
2
  0
LINE
  5
951
330
17
100
AcDbEntity
  8
42-TABLO
100
AcDbLine
 10
1588.0
 20
513.7999999999981
 30
0.0
 11
1588.0
 21
507.09999999999815
 31
0.0
  0
TEXT
  5
952
330
17
100
AcDbEntity
  8
42-TABLO
100
AcDbText
 10
1602.8
 20
510.4499999999981
 30
0.0
 40
2.05
  1
60
  7
TRK
 72
2
 11
1602.8
 21
510.4499999999981
 31
0.0
100
AcDbText
 73
2
  0
LINE
  5
953
330
17
100
AcDbEntity
  8
42-TABLO
100
AcDbLine
 10
1604.0
 20
513.7999999999981
 30
0.0
 11
1604.0
 21
507.09999999999815
 31
0.0
  0
TEXT
  5
954
330
17
100
AcDbEntity
  8
42-TABLO
100
AcDbText
 10
1622.8
 20
510.4499999999981
 30
0.0
 40
2.05
  1

  7
TRK
 72
2
 11
1622.8
 21
510.4499999999981
 31
0.0
100
AcDbText
 73
2
  0
LINE
  5
955
330
17
100
AcDbEntity
  8
42-TABLO
100
AcDbLine
 10
1624.0
 20
513.7999999999981
 30
0.0
 11
1624.0
 21
507.09999999999815
 31
0.0
  0
TEXT
  5
956
330
17
100
AcDbEntity
  8
42-TABLO
100
AcDbText
 10
1644.8
 20
510.4499999999981
 30
0.0
 40
2.05
  1

  7
TRK
 72
2
 11
1644.8
 21
510.4499999999981
 31
0.0
100
AcDbText
 73
2
  0
LINE
  5
957
330
17
100
AcDbEntity
  8
42-TABLO
100
AcDbLine
 10
1646.0
 20
513.7999999999981
 30
0.0
 11
1646.0
 21
507.09999999999815
 31
0.0
  0
LINE
  5
958
330
17
100
AcDbEntity
  8
42-TABLO
100
AcDbLine
 10
1280.0
 20
507.09999999999815
 30
0.0
 11
1646.0
 21
507.09999999999815
 31
0.0
  0
TEXT
  5
959
330
17
100
AcDbEntity
  8
42-TABLO
100
AcDbText
 10
1284.5
 20
503.7499999999981
 30
0.0
 40
2.05
  1
37
  7
TRK
 72
1
 11
1284.5
 21
503.7499999999981
 31
0.0
100
AcDbText
 73
2
  0
LINE
  5
95A
330
17
100
AcDbEntity
  8
42-TABLO
100
AcDbLine
 10
1289.0
 20
507.09999999999815
 30
0.0
 11
1289.0
 21
500.39999999999816
 31
0.0
  0
TEXT
  5
95B
330
17
100
AcDbEntity
  8
42-TABLO
100
AcDbText
 10
1298.0
 20
503.7499999999981
 30
0.0
 40
2.05
  1

  7
TRK
 72
1
 11
1298.0
 21
503.7499999999981
 31
0.0
100
AcDbText
 73
2
  0
LINE
  5
95C
330
17
100
AcDbEntity
  8
42-TABLO
100
AcDbLine
 10
1307.0
 20
507.09999999999815
 30
0.0
 11
1307.0
 21
500.39999999999816
 31
0.0
  0
TEXT
  5
95D
330
17
100
AcDbEntity
  8
42-TABLO
100
AcDbText
 10
1308.2
 20
503.7499999999981
 30
0.0
 40
2.05
  1
16 mm² izoleli bakýr iletken H07V-K (AG nötr topraklamasý)
  7
TRK
 11
1308.2
 21
503.7499999999981
 31
0.0
100
AcDbText
 73
2
  0
LINE
  5
95E
330
17
100
AcDbEntity
  8
42-TABLO
100
AcDbLine
 10
1485.0
 20
507.09999999999815
 30
0.0
 11
1485.0
 21
500.39999999999816
 31
0.0
  0
TEXT
  5
95F
330
17
100
AcDbEntity
  8
42-TABLO
100
AcDbText
 10
1491.0
 20
503.7499999999981
 30
0.0
 40
2.05
  1
m
  7
TRK
 72
1
 11
1491.0
 21
503.7499999999981
 31
0.0
100
AcDbText
 73
2
  0
LINE
  5
960
330
17
100
AcDbEntity
  8
42-TABLO
100
AcDbLine
 10
1497.0
 20
507.09999999999815
 30
0.0
 11
1497.0
 21
500.39999999999816
 31
0.0
  0
TEXT
  5
961
330
17
100
AcDbEntity
  8
42-TABLO
100
AcDbText
 10
1502.5
 20
503.7499999999981
 30
0.0
 40
2.05
  1

  7
TRK
 72
1
 11
1502.5
 21
503.7499999999981
 31
0.0
100
AcDbText
 73
2
  0
LINE
  5
962
330
17
100
AcDbEntity
  8
42-TABLO
100
AcDbLine
 10
1508.0
 20
507.09999999999815
 30
0.0
 11
1508.0
 21
500.39999999999816
 31
0.0
  0
TEXT
  5
963
330
17
100
AcDbEntity
  8
42-TABLO
100
AcDbText
 10
1513.5
 20
503.7499999999981
 30
0.0
 40
2.05
  1
10
  7
TRK
 72
1
 11
1513.5
 21
503.7499999999981
 31
0.0
100
AcDbText
 73
2
  0
LINE
  5
964
330
17
100
AcDbEntity
  8
42-TABLO
100
AcDbLine
 10
1519.0
 20
507.09999999999815
 30
0.0
 11
1519.0
 21
500.39999999999816
 31
0.0
  0
TEXT
  5
965
330
17
100
AcDbEntity
  8
42-TABLO
100
AcDbText
 10
1524.5
 20
503.7499999999981
 30
0.0
 40
2.05
  1

  7
TRK
 72
1
 11
1524.5
 21
503.7499999999981
 31
0.0
100
AcDbText
 73
2
  0
LINE
  5
966
330
17
100
AcDbEntity
  8
42-TABLO
100
AcDbLine
 10
1530.0
 20
507.09999999999815
 30
0.0
 11
1530.0
 21
500.39999999999816
 31
0.0
  0
TEXT
  5
967
330
17
100
AcDbEntity
  8
42-TABLO
100
AcDbText
 10
1535.5
 20
503.7499999999981
 30
0.0
 40
2.05
  1

  7
TRK
 72
1
 11
1535.5
 21
503.7499999999981
 31
0.0
100
AcDbText
 73
2
  0
LINE
  5
968
330
17
100
AcDbEntity
  8
42-TABLO
100
AcDbLine
 10
1541.0
 20
507.09999999999815
 30
0.0
 11
1541.0
 21
500.39999999999816
 31
0.0
  0
TEXT
  5
969
330
17
100
AcDbEntity
  8
42-TABLO
100
AcDbText
 10
1546.5
 20
503.7499999999981
 30
0.0
 40
2.05
  1

  7
TRK
 72
1
 11
1546.5
 21
503.7499999999981
 31
0.0
100
AcDbText
 73
2
  0
LINE
  5
96A
330
17
100
AcDbEntity
  8
42-TABLO
100
AcDbLine
 10
1552.0
 20
507.09999999999815
 30
0.0
 11
1552.0
 21
500.39999999999816
 31
0.0
  0
TEXT
  5
96B
330
17
100
AcDbEntity
  8
42-TABLO
100
AcDbText
 10
1557.5
 20
503.7499999999981
 30
0.0
 40
2.05
  1
10
  7
TRK
 72
1
 11
1557.5
 21
503.7499999999981
 31
0.0
100
AcDbText
 73
2
  0
LINE
  5
96C
330
17
100
AcDbEntity
  8
42-TABLO
100
AcDbLine
 10
1563.0
 20
507.09999999999815
 30
0.0
 11
1563.0
 21
500.39999999999816
 31
0.0
  0
TEXT
  5
96D
330
17
100
AcDbEntity
  8
42-TABLO
100
AcDbText
 10
1568.5
 20
503.7499999999981
 30
0.0
 40
2.05
  1

  7
TRK
 72
1
 11
1568.5
 21
503.7499999999981
 31
0.0
100
AcDbText
 73
2
  0
LINE
  5
96E
330
17
100
AcDbEntity
  8
42-TABLO
100
AcDbLine
 10
1574.0
 20
507.09999999999815
 30
0.0
 11
1574.0
 21
500.39999999999816
 31
0.0
  0
TEXT
  5
96F
330
17
100
AcDbEntity
  8
42-TABLO
100
AcDbText
 10
1581.0
 20
503.7499999999981
 30
0.0
 40
2.05
  1

  7
TRK
 72
1
 11
1581.0
 21
503.7499999999981
 31
0.0
100
AcDbText
 73
2
  0
LINE
  5
970
330
17
100
AcDbEntity
  8
42-TABLO
100
AcDbLine
 10
1588.0
 20
507.09999999999815
 30
0.0
 11
1588.0
 21
500.39999999999816
 31
0.0
  0
TEXT
  5
971
330
17
100
AcDbEntity
  8
42-TABLO
100
AcDbText
 10
1602.8
 20
503.7499999999981
 30
0.0
 40
2.05
  1
20
  7
TRK
 72
2
 11
1602.8
 21
503.7499999999981
 31
0.0
100
AcDbText
 73
2
  0
LINE
  5
972
330
17
100
AcDbEntity
  8
42-TABLO
100
AcDbLine
 10
1604.0
 20
507.09999999999815
 30
0.0
 11
1604.0
 21
500.39999999999816
 31
0.0
  0
TEXT
  5
973
330
17
100
AcDbEntity
  8
42-TABLO
100
AcDbText
 10
1622.8
 20
503.7499999999981
 30
0.0
 40
2.05
  1

  7
TRK
 72
2
 11
1622.8
 21
503.7499999999981
 31
0.0
100
AcDbText
 73
2
  0
LINE
  5
974
330
17
100
AcDbEntity
  8
42-TABLO
100
AcDbLine
 10
1624.0
 20
507.09999999999815
 30
0.0
 11
1624.0
 21
500.39999999999816
 31
0.0
  0
TEXT
  5
975
330
17
100
AcDbEntity
  8
42-TABLO
100
AcDbText
 10
1644.8
 20
503.7499999999981
 30
0.0
 40
2.05
  1

  7
TRK
 72
2
 11
1644.8
 21
503.7499999999981
 31
0.0
100
AcDbText
 73
2
  0
LINE
  5
976
330
17
100
AcDbEntity
  8
42-TABLO
100
AcDbLine
 10
1646.0
 20
507.09999999999815
 30
0.0
 11
1646.0
 21
500.39999999999816
 31
0.0
  0
LINE
  5
977
330
17
100
AcDbEntity
  8
42-TABLO
100
AcDbLine
 10
1280.0
 20
500.39999999999816
 30
0.0
 11
1646.0
 21
500.39999999999816
 31
0.0
  0
TEXT
  5
978
330
17
100
AcDbEntity
  8
42-TABLO
100
AcDbText
 10
1284.5
 20
497.04999999999814
 30
0.0
 40
2.05
  1
38
  7
TRK
 72
1
 11
1284.5
 21
497.04999999999814
 31
0.0
100
AcDbText
 73
2
  0
LINE
  5
979
330
17
100
AcDbEntity
  8
42-TABLO
100
AcDbLine
 10
1289.0
 20
500.39999999999816
 30
0.0
 11
1289.0
 21
493.69999999999817
 31
0.0
  0
TEXT
  5
97A
330
17
100
AcDbEntity
  8
42-TABLO
100
AcDbText
 10
1298.0
 20
497.04999999999814
 30
0.0
 40
2.05
  1

  7
TRK
 72
1
 11
1298.0
 21
497.04999999999814
 31
0.0
100
AcDbText
 73
2
  0
LINE
  5
97B
330
17
100
AcDbEntity
  8
42-TABLO
100
AcDbLine
 10
1307.0
 20
500.39999999999816
 30
0.0
 11
1307.0
 21
493.69999999999817
 31
0.0
  0
TEXT
  5
97C
330
17
100
AcDbEntity
  8
42-TABLO
100
AcDbText
 10
1308.2
 20
497.04999999999814
 30
0.0
 40
2.05
  1
PVC koruma borusu Ø20 mm (nötr topraklama iniþi)
  7
TRK
 11
1308.2
 21
497.04999999999814
 31
0.0
100
AcDbText
 73
2
  0
LINE
  5
97D
330
17
100
AcDbEntity
  8
42-TABLO
100
AcDbLine
 10
1485.0
 20
500.39999999999816
 30
0.0
 11
1485.0
 21
493.69999999999817
 31
0.0
  0
TEXT
  5
97E
330
17
100
AcDbEntity
  8
42-TABLO
100
AcDbText
 10
1491.0
 20
497.04999999999814
 30
0.0
 40
2.05
  1
m
  7
TRK
 72
1
 11
1491.0
 21
497.04999999999814
 31
0.0
100
AcDbText
 73
2
  0
LINE
  5
97F
330
17
100
AcDbEntity
  8
42-TABLO
100
AcDbLine
 10
1497.0
 20
500.39999999999816
 30
0.0
 11
1497.0
 21
493.69999999999817
 31
0.0
  0
TEXT
  5
980
330
17
100
AcDbEntity
  8
42-TABLO
100
AcDbText
 10
1502.5
 20
497.04999999999814
 30
0.0
 40
2.05
  1

  7
TRK
 72
1
 11
1502.5
 21
497.04999999999814
 31
0.0
100
AcDbText
 73
2
  0
LINE
  5
981
330
17
100
AcDbEntity
  8
42-TABLO
100
AcDbLine
 10
1508.0
 20
500.39999999999816
 30
0.0
 11
1508.0
 21
493.69999999999817
 31
0.0
  0
TEXT
  5
982
330
17
100
AcDbEntity
  8
42-TABLO
100
AcDbText
 10
1513.5
 20
497.04999999999814
 30
0.0
 40
2.05
  1
3
  7
TRK
 72
1
 11
1513.5
 21
497.04999999999814
 31
0.0
100
AcDbText
 73
2
  0
LINE
  5
983
330
17
100
AcDbEntity
  8
42-TABLO
100
AcDbLine
 10
1519.0
 20
500.39999999999816
 30
0.0
 11
1519.0
 21
493.69999999999817
 31
0.0
  0
TEXT
  5
984
330
17
100
AcDbEntity
  8
42-TABLO
100
AcDbText
 10
1524.5
 20
497.04999999999814
 30
0.0
 40
2.05
  1

  7
TRK
 72
1
 11
1524.5
 21
497.04999999999814
 31
0.0
100
AcDbText
 73
2
  0
LINE
  5
985
330
17
100
AcDbEntity
  8
42-TABLO
100
AcDbLine
 10
1530.0
 20
500.39999999999816
 30
0.0
 11
1530.0
 21
493.69999999999817
 31
0.0
  0
TEXT
  5
986
330
17
100
AcDbEntity
  8
42-TABLO
100
AcDbText
 10
1535.5
 20
497.04999999999814
 30
0.0
 40
2.05
  1

  7
TRK
 72
1
 11
1535.5
 21
497.04999999999814
 31
0.0
100
AcDbText
 73
2
  0
LINE
  5
987
330
17
100
AcDbEntity
  8
42-TABLO
100
AcDbLine
 10
1541.0
 20
500.39999999999816
 30
0.0
 11
1541.0
 21
493.69999999999817
 31
0.0
  0
TEXT
  5
988
330
17
100
AcDbEntity
  8
42-TABLO
100
AcDbText
 10
1546.5
 20
497.04999999999814
 30
0.0
 40
2.05
  1

  7
TRK
 72
1
 11
1546.5
 21
497.04999999999814
 31
0.0
100
AcDbText
 73
2
  0
LINE
  5
989
330
17
100
AcDbEntity
  8
42-TABLO
100
AcDbLine
 10
1552.0
 20
500.39999999999816
 30
0.0
 11
1552.0
 21
493.69999999999817
 31
0.0
  0
TEXT
  5
98A
330
17
100
AcDbEntity
  8
42-TABLO
100
AcDbText
 10
1557.5
 20
497.04999999999814
 30
0.0
 40
2.05
  1
3
  7
TRK
 72
1
 11
1557.5
 21
497.04999999999814
 31
0.0
100
AcDbText
 73
2
  0
LINE
  5
98B
330
17
100
AcDbEntity
  8
42-TABLO
100
AcDbLine
 10
1563.0
 20
500.39999999999816
 30
0.0
 11
1563.0
 21
493.69999999999817
 31
0.0
  0
TEXT
  5
98C
330
17
100
AcDbEntity
  8
42-TABLO
100
AcDbText
 10
1568.5
 20
497.04999999999814
 30
0.0
 40
2.05
  1

  7
TRK
 72
1
 11
1568.5
 21
497.04999999999814
 31
0.0
100
AcDbText
 73
2
  0
LINE
  5
98D
330
17
100
AcDbEntity
  8
42-TABLO
100
AcDbLine
 10
1574.0
 20
500.39999999999816
 30
0.0
 11
1574.0
 21
493.69999999999817
 31
0.0
  0
TEXT
  5
98E
330
17
100
AcDbEntity
  8
42-TABLO
100
AcDbText
 10
1581.0
 20
497.04999999999814
 30
0.0
 40
2.05
  1

  7
TRK
 72
1
 11
1581.0
 21
497.04999999999814
 31
0.0
100
AcDbText
 73
2
  0
LINE
  5
98F
330
17
100
AcDbEntity
  8
42-TABLO
100
AcDbLine
 10
1588.0
 20
500.39999999999816
 30
0.0
 11
1588.0
 21
493.69999999999817
 31
0.0
  0
TEXT
  5
990
330
17
100
AcDbEntity
  8
42-TABLO
100
AcDbText
 10
1602.8
 20
497.04999999999814
 30
0.0
 40
2.05
  1
6
  7
TRK
 72
2
 11
1602.8
 21
497.04999999999814
 31
0.0
100
AcDbText
 73
2
  0
LINE
  5
991
330
17
100
AcDbEntity
  8
42-TABLO
100
AcDbLine
 10
1604.0
 20
500.39999999999816
 30
0.0
 11
1604.0
 21
493.69999999999817
 31
0.0
  0
TEXT
  5
992
330
17
100
AcDbEntity
  8
42-TABLO
100
AcDbText
 10
1622.8
 20
497.04999999999814
 30
0.0
 40
2.05
  1

  7
TRK
 72
2
 11
1622.8
 21
497.04999999999814
 31
0.0
100
AcDbText
 73
2
  0
LINE
  5
993
330
17
100
AcDbEntity
  8
42-TABLO
100
AcDbLine
 10
1624.0
 20
500.39999999999816
 30
0.0
 11
1624.0
 21
493.69999999999817
 31
0.0
  0
TEXT
  5
994
330
17
100
AcDbEntity
  8
42-TABLO
100
AcDbText
 10
1644.8
 20
497.04999999999814
 30
0.0
 40
2.05
  1

  7
TRK
 72
2
 11
1644.8
 21
497.04999999999814
 31
0.0
100
AcDbText
 73
2
  0
LINE
  5
995
330
17
100
AcDbEntity
  8
42-TABLO
100
AcDbLine
 10
1646.0
 20
500.39999999999816
 30
0.0
 11
1646.0
 21
493.69999999999817
 31
0.0
  0
LINE
  5
996
330
17
100
AcDbEntity
  8
42-TABLO
100
AcDbLine
 10
1280.0
 20
493.69999999999817
 30
0.0
 11
1646.0
 21
493.69999999999817
 31
0.0
  0
TEXT
  5
997
330
17
100
AcDbEntity
  8
42-TABLO
100
AcDbText
 10
1284.5
 20
490.34999999999815
 30
0.0
 40
2.05
  1
39
  7
TRK
 72
1
 11
1284.5
 21
490.34999999999815
 31
0.0
100
AcDbText
 73
2
  0
LINE
  5
998
330
17
100
AcDbEntity
  8
42-TABLO
100
AcDbLine
 10
1289.0
 20
493.69999999999817
 30
0.0
 11
1289.0
 21
486.9999999999982
 31
0.0
  0
TEXT
  5
999
330
17
100
AcDbEntity
  8
42-TABLO
100
AcDbText
 10
1298.0
 20
490.34999999999815
 30
0.0
 40
2.05
  1

  7
TRK
 72
1
 11
1298.0
 21
490.34999999999815
 31
0.0
100
AcDbText
 73
2
  0
LINE
  5
99A
330
17
100
AcDbEntity
  8
42-TABLO
100
AcDbLine
 10
1307.0
 20
493.69999999999817
 30
0.0
 11
1307.0
 21
486.9999999999982
 31
0.0
  0
TEXT
  5
99B
330
17
100
AcDbEntity
  8
42-TABLO
100
AcDbText
 10
1308.2
 20
490.34999999999815
 30
0.0
 40
2.05
  1
Topraklama çubuðu-iletken baðlantý klemensi (bakýr)
  7
TRK
 11
1308.2
 21
490.34999999999815
 31
0.0
100
AcDbText
 73
2
  0
LINE
  5
99C
330
17
100
AcDbEntity
  8
42-TABLO
100
AcDbLine
 10
1485.0
 20
493.69999999999817
 30
0.0
 11
1485.0
 21
486.9999999999982
 31
0.0
  0
TEXT
  5
99D
330
17
100
AcDbEntity
  8
42-TABLO
100
AcDbText
 10
1491.0
 20
490.34999999999815
 30
0.0
 40
2.05
  1
Adet
  7
TRK
 72
1
 11
1491.0
 21
490.34999999999815
 31
0.0
100
AcDbText
 73
2
  0
LINE
  5
99E
330
17
100
AcDbEntity
  8
42-TABLO
100
AcDbLine
 10
1497.0
 20
493.69999999999817
 30
0.0
 11
1497.0
 21
486.9999999999982
 31
0.0
  0
TEXT
  5
99F
330
17
100
AcDbEntity
  8
42-TABLO
100
AcDbText
 10
1502.5
 20
490.34999999999815
 30
0.0
 40
2.05
  1
4
  7
TRK
 72
1
 11
1502.5
 21
490.34999999999815
 31
0.0
100
AcDbText
 73
2
  0
LINE
  5
9A0
330
17
100
AcDbEntity
  8
42-TABLO
100
AcDbLine
 10
1508.0
 20
493.69999999999817
 30
0.0
 11
1508.0
 21
486.9999999999982
 31
0.0
  0
TEXT
  5
9A1
330
17
100
AcDbEntity
  8
42-TABLO
100
AcDbText
 10
1513.5
 20
490.34999999999815
 30
0.0
 40
2.05
  1
2
  7
TRK
 72
1
 11
1513.5
 21
490.34999999999815
 31
0.0
100
AcDbText
 73
2
  0
LINE
  5
9A2
330
17
100
AcDbEntity
  8
42-TABLO
100
AcDbLine
 10
1519.0
 20
493.69999999999817
 30
0.0
 11
1519.0
 21
486.9999999999982
 31
0.0
  0
TEXT
  5
9A3
330
17
100
AcDbEntity
  8
42-TABLO
100
AcDbText
 10
1524.5
 20
490.34999999999815
 30
0.0
 40
2.05
  1
1
  7
TRK
 72
1
 11
1524.5
 21
490.34999999999815
 31
0.0
100
AcDbText
 73
2
  0
LINE
  5
9A4
330
17
100
AcDbEntity
  8
42-TABLO
100
AcDbLine
 10
1530.0
 20
493.69999999999817
 30
0.0
 11
1530.0
 21
486.9999999999982
 31
0.0
  0
TEXT
  5
9A5
330
17
100
AcDbEntity
  8
42-TABLO
100
AcDbText
 10
1535.5
 20
490.34999999999815
 30
0.0
 40
2.05
  1
1
  7
TRK
 72
1
 11
1535.5
 21
490.34999999999815
 31
0.0
100
AcDbText
 73
2
  0
LINE
  5
9A6
330
17
100
AcDbEntity
  8
42-TABLO
100
AcDbLine
 10
1541.0
 20
493.69999999999817
 30
0.0
 11
1541.0
 21
486.9999999999982
 31
0.0
  0
TEXT
  5
9A7
330
17
100
AcDbEntity
  8
42-TABLO
100
AcDbText
 10
1546.5
 20
490.34999999999815
 30
0.0
 40
2.05
  1
1
  7
TRK
 72
1
 11
1546.5
 21
490.34999999999815
 31
0.0
100
AcDbText
 73
2
  0
LINE
  5
9A8
330
17
100
AcDbEntity
  8
42-TABLO
100
AcDbLine
 10
1552.0
 20
493.69999999999817
 30
0.0
 11
1552.0
 21
486.9999999999982
 31
0.0
  0
TEXT
  5
9A9
330
17
100
AcDbEntity
  8
42-TABLO
100
AcDbText
 10
1557.5
 20
490.34999999999815
 30
0.0
 40
2.05
  1
2
  7
TRK
 72
1
 11
1557.5
 21
490.34999999999815
 31
0.0
100
AcDbText
 73
2
  0
LINE
  5
9AA
330
17
100
AcDbEntity
  8
42-TABLO
100
AcDbLine
 10
1563.0
 20
493.69999999999817
 30
0.0
 11
1563.0
 21
486.9999999999982
 31
0.0
  0
TEXT
  5
9AB
330
17
100
AcDbEntity
  8
42-TABLO
100
AcDbText
 10
1568.5
 20
490.34999999999815
 30
0.0
 40
2.05
  1

  7
TRK
 72
1
 11
1568.5
 21
490.34999999999815
 31
0.0
100
AcDbText
 73
2
  0
LINE
  5
9AC
330
17
100
AcDbEntity
  8
42-TABLO
100
AcDbLine
 10
1574.0
 20
493.69999999999817
 30
0.0
 11
1574.0
 21
486.9999999999982
 31
0.0
  0
TEXT
  5
9AD
330
17
100
AcDbEntity
  8
42-TABLO
100
AcDbText
 10
1581.0
 20
490.34999999999815
 30
0.0
 40
2.05
  1

  7
TRK
 72
1
 11
1581.0
 21
490.34999999999815
 31
0.0
100
AcDbText
 73
2
  0
LINE
  5
9AE
330
17
100
AcDbEntity
  8
42-TABLO
100
AcDbLine
 10
1588.0
 20
493.69999999999817
 30
0.0
 11
1588.0
 21
486.9999999999982
 31
0.0
  0
TEXT
  5
9AF
330
17
100
AcDbEntity
  8
42-TABLO
100
AcDbText
 10
1602.8
 20
490.34999999999815
 30
0.0
 40
2.05
  1
11
  7
TRK
 72
2
 11
1602.8
 21
490.34999999999815
 31
0.0
100
AcDbText
 73
2
  0
LINE
  5
9B0
330
17
100
AcDbEntity
  8
42-TABLO
100
AcDbLine
 10
1604.0
 20
493.69999999999817
 30
0.0
 11
1604.0
 21
486.9999999999982
 31
0.0
  0
TEXT
  5
9B1
330
17
100
AcDbEntity
  8
42-TABLO
100
AcDbText
 10
1622.8
 20
490.34999999999815
 30
0.0
 40
2.05
  1

  7
TRK
 72
2
 11
1622.8
 21
490.34999999999815
 31
0.0
100
AcDbText
 73
2
  0
LINE
  5
9B2
330
17
100
AcDbEntity
  8
42-TABLO
100
AcDbLine
 10
1624.0
 20
493.69999999999817
 30
0.0
 11
1624.0
 21
486.9999999999982
 31
0.0
  0
TEXT
  5
9B3
330
17
100
AcDbEntity
  8
42-TABLO
100
AcDbText
 10
1644.8
 20
490.34999999999815
 30
0.0
 40
2.05
  1

  7
TRK
 72
2
 11
1644.8
 21
490.34999999999815
 31
0.0
100
AcDbText
 73
2
  0
LINE
  5
9B4
330
17
100
AcDbEntity
  8
42-TABLO
100
AcDbLine
 10
1646.0
 20
493.69999999999817
 30
0.0
 11
1646.0
 21
486.9999999999982
 31
0.0
  0
LINE
  5
9B5
330
17
100
AcDbEntity
  8
42-TABLO
100
AcDbLine
 10
1280.0
 20
486.9999999999982
 30
0.0
 11
1646.0
 21
486.9999999999982
 31
0.0
  0
TEXT
  5
9B6
330
17
100
AcDbEntity
  8
42-TABLO
100
AcDbText
 10
1284.5
 20
483.64999999999816
 30
0.0
 40
2.05
  1
40
  7
TRK
 72
1
 11
1284.5
 21
483.64999999999816
 31
0.0
100
AcDbText
 73
2
  0
LINE
  5
9B7
330
17
100
AcDbEntity
  8
42-TABLO
100
AcDbLine
 10
1289.0
 20
486.9999999999982
 30
0.0
 11
1289.0
 21
480.2999999999982
 31
0.0
  0
TEXT
  5
9B8
330
17
100
AcDbEntity
  8
42-TABLO
100
AcDbText
 10
1298.0
 20
483.64999999999816
 30
0.0
 40
2.05
  1

  7
TRK
 72
1
 11
1298.0
 21
483.64999999999816
 31
0.0
100
AcDbText
 73
2
  0
LINE
  5
9B9
330
17
100
AcDbEntity
  8
42-TABLO
100
AcDbLine
 10
1307.0
 20
486.9999999999982
 30
0.0
 11
1307.0
 21
480.2999999999982
 31
0.0
  0
TEXT
  5
9BA
330
17
100
AcDbEntity
  8
42-TABLO
100
AcDbText
 10
1308.2
 20
483.64999999999816
 30
0.0
 40
2.05
  1
Direk topraklama baðlantý klemensi / cývatasý (bakýr pabuçlu)
  7
TRK
 11
1308.2
 21
483.64999999999816
 31
0.0
100
AcDbText
 73
2
  0
LINE
  5
9BB
330
17
100
AcDbEntity
  8
42-TABLO
100
AcDbLine
 10
1485.0
 20
486.9999999999982
 30
0.0
 11
1485.0
 21
480.2999999999982
 31
0.0
  0
TEXT
  5
9BC
330
17
100
AcDbEntity
  8
42-TABLO
100
AcDbText
 10
1491.0
 20
483.64999999999816
 30
0.0
 40
2.05
  1
Adet
  7
TRK
 72
1
 11
1491.0
 21
483.64999999999816
 31
0.0
100
AcDbText
 73
2
  0
LINE
  5
9BD
330
17
100
AcDbEntity
  8
42-TABLO
100
AcDbLine
 10
1497.0
 20
486.9999999999982
 30
0.0
 11
1497.0
 21
480.2999999999982
 31
0.0
  0
TEXT
  5
9BE
330
17
100
AcDbEntity
  8
42-TABLO
100
AcDbText
 10
1502.5
 20
483.64999999999816
 30
0.0
 40
2.05
  1
2
  7
TRK
 72
1
 11
1502.5
 21
483.64999999999816
 31
0.0
100
AcDbText
 73
2
  0
LINE
  5
9BF
330
17
100
AcDbEntity
  8
42-TABLO
100
AcDbLine
 10
1508.0
 20
486.9999999999982
 30
0.0
 11
1508.0
 21
480.2999999999982
 31
0.0
  0
TEXT
  5
9C0
330
17
100
AcDbEntity
  8
42-TABLO
100
AcDbText
 10
1513.5
 20
483.64999999999816
 30
0.0
 40
2.05
  1
1
  7
TRK
 72
1
 11
1513.5
 21
483.64999999999816
 31
0.0
100
AcDbText
 73
2
  0
LINE
  5
9C1
330
17
100
AcDbEntity
  8
42-TABLO
100
AcDbLine
 10
1519.0
 20
486.9999999999982
 30
0.0
 11
1519.0
 21
480.2999999999982
 31
0.0
  0
TEXT
  5
9C2
330
17
100
AcDbEntity
  8
42-TABLO
100
AcDbText
 10
1524.5
 20
483.64999999999816
 30
0.0
 40
2.05
  1
1
  7
TRK
 72
1
 11
1524.5
 21
483.64999999999816
 31
0.0
100
AcDbText
 73
2
  0
LINE
  5
9C3
330
17
100
AcDbEntity
  8
42-TABLO
100
AcDbLine
 10
1530.0
 20
486.9999999999982
 30
0.0
 11
1530.0
 21
480.2999999999982
 31
0.0
  0
TEXT
  5
9C4
330
17
100
AcDbEntity
  8
42-TABLO
100
AcDbText
 10
1535.5
 20
483.64999999999816
 30
0.0
 40
2.05
  1
1
  7
TRK
 72
1
 11
1535.5
 21
483.64999999999816
 31
0.0
100
AcDbText
 73
2
  0
LINE
  5
9C5
330
17
100
AcDbEntity
  8
42-TABLO
100
AcDbLine
 10
1541.0
 20
486.9999999999982
 30
0.0
 11
1541.0
 21
480.2999999999982
 31
0.0
  0
TEXT
  5
9C6
330
17
100
AcDbEntity
  8
42-TABLO
100
AcDbText
 10
1546.5
 20
483.64999999999816
 30
0.0
 40
2.05
  1
1
  7
TRK
 72
1
 11
1546.5
 21
483.64999999999816
 31
0.0
100
AcDbText
 73
2
  0
LINE
  5
9C7
330
17
100
AcDbEntity
  8
42-TABLO
100
AcDbLine
 10
1552.0
 20
486.9999999999982
 30
0.0
 11
1552.0
 21
480.2999999999982
 31
0.0
  0
TEXT
  5
9C8
330
17
100
AcDbEntity
  8
42-TABLO
100
AcDbText
 10
1557.5
 20
483.64999999999816
 30
0.0
 40
2.05
  1
1
  7
TRK
 72
1
 11
1557.5
 21
483.64999999999816
 31
0.0
100
AcDbText
 73
2
  0
LINE
  5
9C9
330
17
100
AcDbEntity
  8
42-TABLO
100
AcDbLine
 10
1563.0
 20
486.9999999999982
 30
0.0
 11
1563.0
 21
480.2999999999982
 31
0.0
  0
TEXT
  5
9CA
330
17
100
AcDbEntity
  8
42-TABLO
100
AcDbText
 10
1568.5
 20
483.64999999999816
 30
0.0
 40
2.05
  1

  7
TRK
 72
1
 11
1568.5
 21
483.64999999999816
 31
0.0
100
AcDbText
 73
2
  0
LINE
  5
9CB
330
17
100
AcDbEntity
  8
42-TABLO
100
AcDbLine
 10
1574.0
 20
486.9999999999982
 30
0.0
 11
1574.0
 21
480.2999999999982
 31
0.0
  0
TEXT
  5
9CC
330
17
100
AcDbEntity
  8
42-TABLO
100
AcDbText
 10
1581.0
 20
483.64999999999816
 30
0.0
 40
2.05
  1

  7
TRK
 72
1
 11
1581.0
 21
483.64999999999816
 31
0.0
100
AcDbText
 73
2
  0
LINE
  5
9CD
330
17
100
AcDbEntity
  8
42-TABLO
100
AcDbLine
 10
1588.0
 20
486.9999999999982
 30
0.0
 11
1588.0
 21
480.2999999999982
 31
0.0
  0
TEXT
  5
9CE
330
17
100
AcDbEntity
  8
42-TABLO
100
AcDbText
 10
1602.8
 20
483.64999999999816
 30
0.0
 40
2.05
  1
7
  7
TRK
 72
2
 11
1602.8
 21
483.64999999999816
 31
0.0
100
AcDbText
 73
2
  0
LINE
  5
9CF
330
17
100
AcDbEntity
  8
42-TABLO
100
AcDbLine
 10
1604.0
 20
486.9999999999982
 30
0.0
 11
1604.0
 21
480.2999999999982
 31
0.0
  0
TEXT
  5
9D0
330
17
100
AcDbEntity
  8
42-TABLO
100
AcDbText
 10
1622.8
 20
483.64999999999816
 30
0.0
 40
2.05
  1

  7
TRK
 72
2
 11
1622.8
 21
483.64999999999816
 31
0.0
100
AcDbText
 73
2
  0
LINE
  5
9D1
330
17
100
AcDbEntity
  8
42-TABLO
100
AcDbLine
 10
1624.0
 20
486.9999999999982
 30
0.0
 11
1624.0
 21
480.2999999999982
 31
0.0
  0
TEXT
  5
9D2
330
17
100
AcDbEntity
  8
42-TABLO
100
AcDbText
 10
1644.8
 20
483.64999999999816
 30
0.0
 40
2.05
  1

  7
TRK
 72
2
 11
1644.8
 21
483.64999999999816
 31
0.0
100
AcDbText
 73
2
  0
LINE
  5
9D3
330
17
100
AcDbEntity
  8
42-TABLO
100
AcDbLine
 10
1646.0
 20
486.9999999999982
 30
0.0
 11
1646.0
 21
480.2999999999982
 31
0.0
  0
LINE
  5
9D4
330
17
100
AcDbEntity
  8
42-TABLO
100
AcDbLine
 10
1280.0
 20
480.2999999999982
 30
0.0
 11
1646.0
 21
480.2999999999982
 31
0.0
  0
TEXT
  5
9D5
330
17
100
AcDbEntity
  8
42-TABLO
100
AcDbText
 10
1284.5
 20
476.94999999999817
 30
0.0
 40
2.05
  1
41
  7
TRK
 72
1
 11
1284.5
 21
476.94999999999817
 31
0.0
100
AcDbText
 73
2
  0
LINE
  5
9D6
330
17
100
AcDbEntity
  8
42-TABLO
100
AcDbLine
 10
1289.0
 20
480.2999999999982
 30
0.0
 11
1289.0
 21
473.5999999999982
 31
0.0
  0
TEXT
  5
9D7
330
17
100
AcDbEntity
  8
42-TABLO
100
AcDbText
 10
1298.0
 20
476.94999999999817
 30
0.0
 40
2.05
  1

  7
TRK
 72
1
 11
1298.0
 21
476.94999999999817
 31
0.0
100
AcDbText
 73
2
  0
LINE
  5
9D8
330
17
100
AcDbEntity
  8
42-TABLO
100
AcDbLine
 10
1307.0
 20
480.2999999999982
 30
0.0
 11
1307.0
 21
473.5999999999982
 31
0.0
  0
TEXT
  5
9D9
330
17
100
AcDbEntity
  8
42-TABLO
100
AcDbText
 10
1308.2
 20
476.94999999999817
 30
0.0
 40
2.05
  1
Topraklama ölçüm (muayene) klemensi / kutusu
  7
TRK
 11
1308.2
 21
476.94999999999817
 31
0.0
100
AcDbText
 73
2
  0
LINE
  5
9DA
330
17
100
AcDbEntity
  8
42-TABLO
100
AcDbLine
 10
1485.0
 20
480.2999999999982
 30
0.0
 11
1485.0
 21
473.5999999999982
 31
0.0
  0
TEXT
  5
9DB
330
17
100
AcDbEntity
  8
42-TABLO
100
AcDbText
 10
1491.0
 20
476.94999999999817
 30
0.0
 40
2.05
  1
Adet
  7
TRK
 72
1
 11
1491.0
 21
476.94999999999817
 31
0.0
100
AcDbText
 73
2
  0
LINE
  5
9DC
330
17
100
AcDbEntity
  8
42-TABLO
100
AcDbLine
 10
1497.0
 20
480.2999999999982
 30
0.0
 11
1497.0
 21
473.5999999999982
 31
0.0
  0
TEXT
  5
9DD
330
17
100
AcDbEntity
  8
42-TABLO
100
AcDbText
 10
1502.5
 20
476.94999999999817
 30
0.0
 40
2.05
  1
1
  7
TRK
 72
1
 11
1502.5
 21
476.94999999999817
 31
0.0
100
AcDbText
 73
2
  0
LINE
  5
9DE
330
17
100
AcDbEntity
  8
42-TABLO
100
AcDbLine
 10
1508.0
 20
480.2999999999982
 30
0.0
 11
1508.0
 21
473.5999999999982
 31
0.0
  0
TEXT
  5
9DF
330
17
100
AcDbEntity
  8
42-TABLO
100
AcDbText
 10
1513.5
 20
476.94999999999817
 30
0.0
 40
2.05
  1
1
  7
TRK
 72
1
 11
1513.5
 21
476.94999999999817
 31
0.0
100
AcDbText
 73
2
  0
LINE
  5
9E0
330
17
100
AcDbEntity
  8
42-TABLO
100
AcDbLine
 10
1519.0
 20
480.2999999999982
 30
0.0
 11
1519.0
 21
473.5999999999982
 31
0.0
  0
TEXT
  5
9E1
330
17
100
AcDbEntity
  8
42-TABLO
100
AcDbText
 10
1524.5
 20
476.94999999999817
 30
0.0
 40
2.05
  1

  7
TRK
 72
1
 11
1524.5
 21
476.94999999999817
 31
0.0
100
AcDbText
 73
2
  0
LINE
  5
9E2
330
17
100
AcDbEntity
  8
42-TABLO
100
AcDbLine
 10
1530.0
 20
480.2999999999982
 30
0.0
 11
1530.0
 21
473.5999999999982
 31
0.0
  0
TEXT
  5
9E3
330
17
100
AcDbEntity
  8
42-TABLO
100
AcDbText
 10
1535.5
 20
476.94999999999817
 30
0.0
 40
2.05
  1

  7
TRK
 72
1
 11
1535.5
 21
476.94999999999817
 31
0.0
100
AcDbText
 73
2
  0
LINE
  5
9E4
330
17
100
AcDbEntity
  8
42-TABLO
100
AcDbLine
 10
1541.0
 20
480.2999999999982
 30
0.0
 11
1541.0
 21
473.5999999999982
 31
0.0
  0
TEXT
  5
9E5
330
17
100
AcDbEntity
  8
42-TABLO
100
AcDbText
 10
1546.5
 20
476.94999999999817
 30
0.0
 40
2.05
  1

  7
TRK
 72
1
 11
1546.5
 21
476.94999999999817
 31
0.0
100
AcDbText
 73
2
  0
LINE
  5
9E6
330
17
100
AcDbEntity
  8
42-TABLO
100
AcDbLine
 10
1552.0
 20
480.2999999999982
 30
0.0
 11
1552.0
 21
473.5999999999982
 31
0.0
  0
TEXT
  5
9E7
330
17
100
AcDbEntity
  8
42-TABLO
100
AcDbText
 10
1557.5
 20
476.94999999999817
 30
0.0
 40
2.05
  1
1
  7
TRK
 72
1
 11
1557.5
 21
476.94999999999817
 31
0.0
100
AcDbText
 73
2
  0
LINE
  5
9E8
330
17
100
AcDbEntity
  8
42-TABLO
100
AcDbLine
 10
1563.0
 20
480.2999999999982
 30
0.0
 11
1563.0
 21
473.5999999999982
 31
0.0
  0
TEXT
  5
9E9
330
17
100
AcDbEntity
  8
42-TABLO
100
AcDbText
 10
1568.5
 20
476.94999999999817
 30
0.0
 40
2.05
  1

  7
TRK
 72
1
 11
1568.5
 21
476.94999999999817
 31
0.0
100
AcDbText
 73
2
  0
LINE
  5
9EA
330
17
100
AcDbEntity
  8
42-TABLO
100
AcDbLine
 10
1574.0
 20
480.2999999999982
 30
0.0
 11
1574.0
 21
473.5999999999982
 31
0.0
  0
TEXT
  5
9EB
330
17
100
AcDbEntity
  8
42-TABLO
100
AcDbText
 10
1581.0
 20
476.94999999999817
 30
0.0
 40
2.05
  1

  7
TRK
 72
1
 11
1581.0
 21
476.94999999999817
 31
0.0
100
AcDbText
 73
2
  0
LINE
  5
9EC
330
17
100
AcDbEntity
  8
42-TABLO
100
AcDbLine
 10
1588.0
 20
480.2999999999982
 30
0.0
 11
1588.0
 21
473.5999999999982
 31
0.0
  0
TEXT
  5
9ED
330
17
100
AcDbEntity
  8
42-TABLO
100
AcDbText
 10
1602.8
 20
476.94999999999817
 30
0.0
 40
2.05
  1
3
  7
TRK
 72
2
 11
1602.8
 21
476.94999999999817
 31
0.0
100
AcDbText
 73
2
  0
LINE
  5
9EE
330
17
100
AcDbEntity
  8
42-TABLO
100
AcDbLine
 10
1604.0
 20
480.2999999999982
 30
0.0
 11
1604.0
 21
473.5999999999982
 31
0.0
  0
TEXT
  5
9EF
330
17
100
AcDbEntity
  8
42-TABLO
100
AcDbText
 10
1622.8
 20
476.94999999999817
 30
0.0
 40
2.05
  1

  7
TRK
 72
2
 11
1622.8
 21
476.94999999999817
 31
0.0
100
AcDbText
 73
2
  0
LINE
  5
9F0
330
17
100
AcDbEntity
  8
42-TABLO
100
AcDbLine
 10
1624.0
 20
480.2999999999982
 30
0.0
 11
1624.0
 21
473.5999999999982
 31
0.0
  0
TEXT
  5
9F1
330
17
100
AcDbEntity
  8
42-TABLO
100
AcDbText
 10
1644.8
 20
476.94999999999817
 30
0.0
 40
2.05
  1

  7
TRK
 72
2
 11
1644.8
 21
476.94999999999817
 31
0.0
100
AcDbText
 73
2
  0
LINE
  5
9F2
330
17
100
AcDbEntity
  8
42-TABLO
100
AcDbLine
 10
1646.0
 20
480.2999999999982
 30
0.0
 11
1646.0
 21
473.5999999999982
 31
0.0
  0
LINE
  5
9F3
330
17
100
AcDbEntity
  8
42-TABLO
100
AcDbLine
 10
1280.0
 20
473.5999999999982
 30
0.0
 11
1646.0
 21
473.5999999999982
 31
0.0
  0
LWPOLYLINE
  5
9F4
330
17
100
AcDbEntity
  8
43-TABLO-CERCEVE
100
AcDbPolyline
 90
4
 70
1
 10
1280.0
 20
466.8999999999982
 10
1646.0
 20
466.8999999999982
 10
1646.0
 20
473.5999999999982
 10
1280.0
 20
473.5999999999982
  0
TEXT
  5
9F5
330
17
100
AcDbEntity
  8
42-TABLO
100
AcDbText
 10
1282.0
 20
470.2499999999982
 30
0.0
 40
2.214
  1
G. ÝÞARET LEVHALARI VE DÝÐER
  7
TRKB
 11
1282.0
 21
470.2499999999982
 31
0.0
100
AcDbText
 73
2
  0
TEXT
  5
9F6
330
17
100
AcDbEntity
  8
42-TABLO
100
AcDbText
 10
1284.5
 20
463.5499999999982
 30
0.0
 40
2.05
  1
42
  7
TRK
 72
1
 11
1284.5
 21
463.5499999999982
 31
0.0
100
AcDbText
 73
2
  0
LINE
  5
9F7
330
17
100
AcDbEntity
  8
42-TABLO
100
AcDbLine
 10
1289.0
 20
466.8999999999982
 30
0.0
 11
1289.0
 21
460.1999999999982
 31
0.0
  0
TEXT
  5
9F8
330
17
100
AcDbEntity
  8
42-TABLO
100
AcDbText
 10
1298.0
 20
463.5499999999982
 30
0.0
 40
2.05
  1

  7
TRK
 72
1
 11
1298.0
 21
463.5499999999982
 31
0.0
100
AcDbText
 73
2
  0
LINE
  5
9F9
330
17
100
AcDbEntity
  8
42-TABLO
100
AcDbLine
 10
1307.0
 20
466.8999999999982
 30
0.0
 11
1307.0
 21
460.1999999999982
 31
0.0
  0
TEXT
  5
9FA
330
17
100
AcDbEntity
  8
42-TABLO
100
AcDbText
 10
1308.2
 20
463.5499999999982
 30
0.0
 40
2.05
  1
Ölüm tehlike levhasý (emaye, EKATY Md.44-p, zeminden \U+2265 2,5 m)
  7
TRK
 11
1308.2
 21
463.5499999999982
 31
0.0
100
AcDbText
 73
2
  0
LINE
  5
9FB
330
17
100
AcDbEntity
  8
42-TABLO
100
AcDbLine
 10
1485.0
 20
466.8999999999982
 30
0.0
 11
1485.0
 21
460.1999999999982
 31
0.0
  0
TEXT
  5
9FC
330
17
100
AcDbEntity
  8
42-TABLO
100
AcDbText
 10
1491.0
 20
463.5499999999982
 30
0.0
 40
2.05
  1
Adet
  7
TRK
 72
1
 11
1491.0
 21
463.5499999999982
 31
0.0
100
AcDbText
 73
2
  0
LINE
  5
9FD
330
17
100
AcDbEntity
  8
42-TABLO
100
AcDbLine
 10
1497.0
 20
466.8999999999982
 30
0.0
 11
1497.0
 21
460.1999999999982
 31
0.0
  0
TEXT
  5
9FE
330
17
100
AcDbEntity
  8
42-TABLO
100
AcDbText
 10
1502.5
 20
463.5499999999982
 30
0.0
 40
2.05
  1
1
  7
TRK
 72
1
 11
1502.5
 21
463.5499999999982
 31
0.0
100
AcDbText
 73
2
  0
LINE
  5
9FF
330
17
100
AcDbEntity
  8
42-TABLO
100
AcDbLine
 10
1508.0
 20
466.8999999999982
 30
0.0
 11
1508.0
 21
460.1999999999982
 31
0.0
  0
TEXT
  5
A00
330
17
100
AcDbEntity
  8
42-TABLO
100
AcDbText
 10
1513.5
 20
463.5499999999982
 30
0.0
 40
2.05
  1
1
  7
TRK
 72
1
 11
1513.5
 21
463.5499999999982
 31
0.0
100
AcDbText
 73
2
  0
LINE
  5
A01
330
17
100
AcDbEntity
  8
42-TABLO
100
AcDbLine
 10
1519.0
 20
466.8999999999982
 30
0.0
 11
1519.0
 21
460.1999999999982
 31
0.0
  0
TEXT
  5
A02
330
17
100
AcDbEntity
  8
42-TABLO
100
AcDbText
 10
1524.5
 20
463.5499999999982
 30
0.0
 40
2.05
  1
1
  7
TRK
 72
1
 11
1524.5
 21
463.5499999999982
 31
0.0
100
AcDbText
 73
2
  0
LINE
  5
A03
330
17
100
AcDbEntity
  8
42-TABLO
100
AcDbLine
 10
1530.0
 20
466.8999999999982
 30
0.0
 11
1530.0
 21
460.1999999999982
 31
0.0
  0
TEXT
  5
A04
330
17
100
AcDbEntity
  8
42-TABLO
100
AcDbText
 10
1535.5
 20
463.5499999999982
 30
0.0
 40
2.05
  1
1
  7
TRK
 72
1
 11
1535.5
 21
463.5499999999982
 31
0.0
100
AcDbText
 73
2
  0
LINE
  5
A05
330
17
100
AcDbEntity
  8
42-TABLO
100
AcDbLine
 10
1541.0
 20
466.8999999999982
 30
0.0
 11
1541.0
 21
460.1999999999982
 31
0.0
  0
TEXT
  5
A06
330
17
100
AcDbEntity
  8
42-TABLO
100
AcDbText
 10
1546.5
 20
463.5499999999982
 30
0.0
 40
2.05
  1
1
  7
TRK
 72
1
 11
1546.5
 21
463.5499999999982
 31
0.0
100
AcDbText
 73
2
  0
LINE
  5
A07
330
17
100
AcDbEntity
  8
42-TABLO
100
AcDbLine
 10
1552.0
 20
466.8999999999982
 30
0.0
 11
1552.0
 21
460.1999999999982
 31
0.0
  0
TEXT
  5
A08
330
17
100
AcDbEntity
  8
42-TABLO
100
AcDbText
 10
1557.5
 20
463.5499999999982
 30
0.0
 40
2.05
  1
1
  7
TRK
 72
1
 11
1557.5
 21
463.5499999999982
 31
0.0
100
AcDbText
 73
2
  0
LINE
  5
A09
330
17
100
AcDbEntity
  8
42-TABLO
100
AcDbLine
 10
1563.0
 20
466.8999999999982
 30
0.0
 11
1563.0
 21
460.1999999999982
 31
0.0
  0
TEXT
  5
A0A
330
17
100
AcDbEntity
  8
42-TABLO
100
AcDbText
 10
1568.5
 20
463.5499999999982
 30
0.0
 40
2.05
  1

  7
TRK
 72
1
 11
1568.5
 21
463.5499999999982
 31
0.0
100
AcDbText
 73
2
  0
LINE
  5
A0B
330
17
100
AcDbEntity
  8
42-TABLO
100
AcDbLine
 10
1574.0
 20
466.8999999999982
 30
0.0
 11
1574.0
 21
460.1999999999982
 31
0.0
  0
TEXT
  5
A0C
330
17
100
AcDbEntity
  8
42-TABLO
100
AcDbText
 10
1581.0
 20
463.5499999999982
 30
0.0
 40
2.05
  1

  7
TRK
 72
1
 11
1581.0
 21
463.5499999999982
 31
0.0
100
AcDbText
 73
2
  0
LINE
  5
A0D
330
17
100
AcDbEntity
  8
42-TABLO
100
AcDbLine
 10
1588.0
 20
466.8999999999982
 30
0.0
 11
1588.0
 21
460.1999999999982
 31
0.0
  0
TEXT
  5
A0E
330
17
100
AcDbEntity
  8
42-TABLO
100
AcDbText
 10
1602.8
 20
463.5499999999982
 30
0.0
 40
2.05
  1
6
  7
TRK
 72
2
 11
1602.8
 21
463.5499999999982
 31
0.0
100
AcDbText
 73
2
  0
LINE
  5
A0F
330
17
100
AcDbEntity
  8
42-TABLO
100
AcDbLine
 10
1604.0
 20
466.8999999999982
 30
0.0
 11
1604.0
 21
460.1999999999982
 31
0.0
  0
TEXT
  5
A10
330
17
100
AcDbEntity
  8
42-TABLO
100
AcDbText
 10
1622.8
 20
463.5499999999982
 30
0.0
 40
2.05
  1

  7
TRK
 72
2
 11
1622.8
 21
463.5499999999982
 31
0.0
100
AcDbText
 73
2
  0
LINE
  5
A11
330
17
100
AcDbEntity
  8
42-TABLO
100
AcDbLine
 10
1624.0
 20
466.8999999999982
 30
0.0
 11
1624.0
 21
460.1999999999982
 31
0.0
  0
TEXT
  5
A12
330
17
100
AcDbEntity
  8
42-TABLO
100
AcDbText
 10
1644.8
 20
463.5499999999982
 30
0.0
 40
2.05
  1

  7
TRK
 72
2
 11
1644.8
 21
463.5499999999982
 31
0.0
100
AcDbText
 73
2
  0
LINE
  5
A13
330
17
100
AcDbEntity
  8
42-TABLO
100
AcDbLine
 10
1646.0
 20
466.8999999999982
 30
0.0
 11
1646.0
 21
460.1999999999982
 31
0.0
  0
LINE
  5
A14
330
17
100
AcDbEntity
  8
42-TABLO
100
AcDbLine
 10
1280.0
 20
460.1999999999982
 30
0.0
 11
1646.0
 21
460.1999999999982
 31
0.0
  0
TEXT
  5
A15
330
17
100
AcDbEntity
  8
42-TABLO
100
AcDbText
 10
1284.5
 20
456.8499999999982
 30
0.0
 40
2.05
  1
43
  7
TRK
 72
1
 11
1284.5
 21
456.8499999999982
 31
0.0
100
AcDbText
 73
2
  0
LINE
  5
A16
330
17
100
AcDbEntity
  8
42-TABLO
100
AcDbLine
 10
1289.0
 20
460.1999999999982
 30
0.0
 11
1289.0
 21
453.49999999999824
 31
0.0
  0
TEXT
  5
A17
330
17
100
AcDbEntity
  8
42-TABLO
100
AcDbText
 10
1298.0
 20
456.8499999999982
 30
0.0
 40
2.05
  1

  7
TRK
 72
1
 11
1298.0
 21
456.8499999999982
 31
0.0
100
AcDbText
 73
2
  0
LINE
  5
A18
330
17
100
AcDbEntity
  8
42-TABLO
100
AcDbLine
 10
1307.0
 20
460.1999999999982
 30
0.0
 11
1307.0
 21
453.49999999999824
 31
0.0
  0
TEXT
  5
A19
330
17
100
AcDbEntity
  8
42-TABLO
100
AcDbText
 10
1308.2
 20
456.8499999999982
 30
0.0
 40
2.05
  1
Direk numara levhasý
  7
TRK
 11
1308.2
 21
456.8499999999982
 31
0.0
100
AcDbText
 73
2
  0
LINE
  5
A1A
330
17
100
AcDbEntity
  8
42-TABLO
100
AcDbLine
 10
1485.0
 20
460.1999999999982
 30
0.0
 11
1485.0
 21
453.49999999999824
 31
0.0
  0
TEXT
  5
A1B
330
17
100
AcDbEntity
  8
42-TABLO
100
AcDbText
 10
1491.0
 20
456.8499999999982
 30
0.0
 40
2.05
  1
Adet
  7
TRK
 72
1
 11
1491.0
 21
456.8499999999982
 31
0.0
100
AcDbText
 73
2
  0
LINE
  5
A1C
330
17
100
AcDbEntity
  8
42-TABLO
100
AcDbLine
 10
1497.0
 20
460.1999999999982
 30
0.0
 11
1497.0
 21
453.49999999999824
 31
0.0
  0
TEXT
  5
A1D
330
17
100
AcDbEntity
  8
42-TABLO
100
AcDbText
 10
1502.5
 20
456.8499999999982
 30
0.0
 40
2.05
  1
1
  7
TRK
 72
1
 11
1502.5
 21
456.8499999999982
 31
0.0
100
AcDbText
 73
2
  0
LINE
  5
A1E
330
17
100
AcDbEntity
  8
42-TABLO
100
AcDbLine
 10
1508.0
 20
460.1999999999982
 30
0.0
 11
1508.0
 21
453.49999999999824
 31
0.0
  0
TEXT
  5
A1F
330
17
100
AcDbEntity
  8
42-TABLO
100
AcDbText
 10
1513.5
 20
456.8499999999982
 30
0.0
 40
2.05
  1
1
  7
TRK
 72
1
 11
1513.5
 21
456.8499999999982
 31
0.0
100
AcDbText
 73
2
  0
LINE
  5
A20
330
17
100
AcDbEntity
  8
42-TABLO
100
AcDbLine
 10
1519.0
 20
460.1999999999982
 30
0.0
 11
1519.0
 21
453.49999999999824
 31
0.0
  0
TEXT
  5
A21
330
17
100
AcDbEntity
  8
42-TABLO
100
AcDbText
 10
1524.5
 20
456.8499999999982
 30
0.0
 40
2.05
  1
1
  7
TRK
 72
1
 11
1524.5
 21
456.8499999999982
 31
0.0
100
AcDbText
 73
2
  0
LINE
  5
A22
330
17
100
AcDbEntity
  8
42-TABLO
100
AcDbLine
 10
1530.0
 20
460.1999999999982
 30
0.0
 11
1530.0
 21
453.49999999999824
 31
0.0
  0
TEXT
  5
A23
330
17
100
AcDbEntity
  8
42-TABLO
100
AcDbText
 10
1535.5
 20
456.8499999999982
 30
0.0
 40
2.05
  1
1
  7
TRK
 72
1
 11
1535.5
 21
456.8499999999982
 31
0.0
100
AcDbText
 73
2
  0
LINE
  5
A24
330
17
100
AcDbEntity
  8
42-TABLO
100
AcDbLine
 10
1541.0
 20
460.1999999999982
 30
0.0
 11
1541.0
 21
453.49999999999824
 31
0.0
  0
TEXT
  5
A25
330
17
100
AcDbEntity
  8
42-TABLO
100
AcDbText
 10
1546.5
 20
456.8499999999982
 30
0.0
 40
2.05
  1
1
  7
TRK
 72
1
 11
1546.5
 21
456.8499999999982
 31
0.0
100
AcDbText
 73
2
  0
LINE
  5
A26
330
17
100
AcDbEntity
  8
42-TABLO
100
AcDbLine
 10
1552.0
 20
460.1999999999982
 30
0.0
 11
1552.0
 21
453.49999999999824
 31
0.0
  0
TEXT
  5
A27
330
17
100
AcDbEntity
  8
42-TABLO
100
AcDbText
 10
1557.5
 20
456.8499999999982
 30
0.0
 40
2.05
  1
1
  7
TRK
 72
1
 11
1557.5
 21
456.8499999999982
 31
0.0
100
AcDbText
 73
2
  0
LINE
  5
A28
330
17
100
AcDbEntity
  8
42-TABLO
100
AcDbLine
 10
1563.0
 20
460.1999999999982
 30
0.0
 11
1563.0
 21
453.49999999999824
 31
0.0
  0
TEXT
  5
A29
330
17
100
AcDbEntity
  8
42-TABLO
100
AcDbText
 10
1568.5
 20
456.8499999999982
 30
0.0
 40
2.05
  1

  7
TRK
 72
1
 11
1568.5
 21
456.8499999999982
 31
0.0
100
AcDbText
 73
2
  0
LINE
  5
A2A
330
17
100
AcDbEntity
  8
42-TABLO
100
AcDbLine
 10
1574.0
 20
460.1999999999982
 30
0.0
 11
1574.0
 21
453.49999999999824
 31
0.0
  0
TEXT
  5
A2B
330
17
100
AcDbEntity
  8
42-TABLO
100
AcDbText
 10
1581.0
 20
456.8499999999982
 30
0.0
 40
2.05
  1

  7
TRK
 72
1
 11
1581.0
 21
456.8499999999982
 31
0.0
100
AcDbText
 73
2
  0
LINE
  5
A2C
330
17
100
AcDbEntity
  8
42-TABLO
100
AcDbLine
 10
1588.0
 20
460.1999999999982
 30
0.0
 11
1588.0
 21
453.49999999999824
 31
0.0
  0
TEXT
  5
A2D
330
17
100
AcDbEntity
  8
42-TABLO
100
AcDbText
 10
1602.8
 20
456.8499999999982
 30
0.0
 40
2.05
  1
6
  7
TRK
 72
2
 11
1602.8
 21
456.8499999999982
 31
0.0
100
AcDbText
 73
2
  0
LINE
  5
A2E
330
17
100
AcDbEntity
  8
42-TABLO
100
AcDbLine
 10
1604.0
 20
460.1999999999982
 30
0.0
 11
1604.0
 21
453.49999999999824
 31
0.0
  0
TEXT
  5
A2F
330
17
100
AcDbEntity
  8
42-TABLO
100
AcDbText
 10
1622.8
 20
456.8499999999982
 30
0.0
 40
2.05
  1

  7
TRK
 72
2
 11
1622.8
 21
456.8499999999982
 31
0.0
100
AcDbText
 73
2
  0
LINE
  5
A30
330
17
100
AcDbEntity
  8
42-TABLO
100
AcDbLine
 10
1624.0
 20
460.1999999999982
 30
0.0
 11
1624.0
 21
453.49999999999824
 31
0.0
  0
TEXT
  5
A31
330
17
100
AcDbEntity
  8
42-TABLO
100
AcDbText
 10
1644.8
 20
456.8499999999982
 30
0.0
 40
2.05
  1

  7
TRK
 72
2
 11
1644.8
 21
456.8499999999982
 31
0.0
100
AcDbText
 73
2
  0
LINE
  5
A32
330
17
100
AcDbEntity
  8
42-TABLO
100
AcDbLine
 10
1646.0
 20
460.1999999999982
 30
0.0
 11
1646.0
 21
453.49999999999824
 31
0.0
  0
LINE
  5
A33
330
17
100
AcDbEntity
  8
42-TABLO
100
AcDbLine
 10
1280.0
 20
453.49999999999824
 30
0.0
 11
1646.0
 21
453.49999999999824
 31
0.0
  0
TEXT
  5
A34
330
17
100
AcDbEntity
  8
42-TABLO
100
AcDbText
 10
1284.5
 20
450.1499999999982
 30
0.0
 40
2.05
  1
44
  7
TRK
 72
1
 11
1284.5
 21
450.1499999999982
 31
0.0
100
AcDbText
 73
2
  0
LINE
  5
A35
330
17
100
AcDbEntity
  8
42-TABLO
100
AcDbLine
 10
1289.0
 20
453.49999999999824
 30
0.0
 11
1289.0
 21
446.79999999999825
 31
0.0
  0
TEXT
  5
A36
330
17
100
AcDbEntity
  8
42-TABLO
100
AcDbText
 10
1298.0
 20
450.1499999999982
 30
0.0
 40
2.05
  1

  7
TRK
 72
1
 11
1298.0
 21
450.1499999999982
 31
0.0
100
AcDbText
 73
2
  0
LINE
  5
A37
330
17
100
AcDbEntity
  8
42-TABLO
100
AcDbLine
 10
1307.0
 20
453.49999999999824
 30
0.0
 11
1307.0
 21
446.79999999999825
 31
0.0
  0
TEXT
  5
A38
330
17
100
AcDbEntity
  8
42-TABLO
100
AcDbText
 10
1308.2
 20
450.1499999999982
 30
0.0
 40
2.05
  1
Ayýrýcý iþletme/numara levhasý
  7
TRK
 11
1308.2
 21
450.1499999999982
 31
0.0
100
AcDbText
 73
2
  0
LINE
  5
A39
330
17
100
AcDbEntity
  8
42-TABLO
100
AcDbLine
 10
1485.0
 20
453.49999999999824
 30
0.0
 11
1485.0
 21
446.79999999999825
 31
0.0
  0
TEXT
  5
A3A
330
17
100
AcDbEntity
  8
42-TABLO
100
AcDbText
 10
1491.0
 20
450.1499999999982
 30
0.0
 40
2.05
  1
Adet
  7
TRK
 72
1
 11
1491.0
 21
450.1499999999982
 31
0.0
100
AcDbText
 73
2
  0
LINE
  5
A3B
330
17
100
AcDbEntity
  8
42-TABLO
100
AcDbLine
 10
1497.0
 20
453.49999999999824
 30
0.0
 11
1497.0
 21
446.79999999999825
 31
0.0
  0
TEXT
  5
A3C
330
17
100
AcDbEntity
  8
42-TABLO
100
AcDbText
 10
1502.5
 20
450.1499999999982
 30
0.0
 40
2.05
  1
1
  7
TRK
 72
1
 11
1502.5
 21
450.1499999999982
 31
0.0
100
AcDbText
 73
2
  0
LINE
  5
A3D
330
17
100
AcDbEntity
  8
42-TABLO
100
AcDbLine
 10
1508.0
 20
453.49999999999824
 30
0.0
 11
1508.0
 21
446.79999999999825
 31
0.0
  0
TEXT
  5
A3E
330
17
100
AcDbEntity
  8
42-TABLO
100
AcDbText
 10
1513.5
 20
450.1499999999982
 30
0.0
 40
2.05
  1

  7
TRK
 72
1
 11
1513.5
 21
450.1499999999982
 31
0.0
100
AcDbText
 73
2
  0
LINE
  5
A3F
330
17
100
AcDbEntity
  8
42-TABLO
100
AcDbLine
 10
1519.0
 20
453.49999999999824
 30
0.0
 11
1519.0
 21
446.79999999999825
 31
0.0
  0
TEXT
  5
A40
330
17
100
AcDbEntity
  8
42-TABLO
100
AcDbText
 10
1524.5
 20
450.1499999999982
 30
0.0
 40
2.05
  1

  7
TRK
 72
1
 11
1524.5
 21
450.1499999999982
 31
0.0
100
AcDbText
 73
2
  0
LINE
  5
A41
330
17
100
AcDbEntity
  8
42-TABLO
100
AcDbLine
 10
1530.0
 20
453.49999999999824
 30
0.0
 11
1530.0
 21
446.79999999999825
 31
0.0
  0
TEXT
  5
A42
330
17
100
AcDbEntity
  8
42-TABLO
100
AcDbText
 10
1535.5
 20
450.1499999999982
 30
0.0
 40
2.05
  1

  7
TRK
 72
1
 11
1535.5
 21
450.1499999999982
 31
0.0
100
AcDbText
 73
2
  0
LINE
  5
A43
330
17
100
AcDbEntity
  8
42-TABLO
100
AcDbLine
 10
1541.0
 20
453.49999999999824
 30
0.0
 11
1541.0
 21
446.79999999999825
 31
0.0
  0
TEXT
  5
A44
330
17
100
AcDbEntity
  8
42-TABLO
100
AcDbText
 10
1546.5
 20
450.1499999999982
 30
0.0
 40
2.05
  1

  7
TRK
 72
1
 11
1546.5
 21
450.1499999999982
 31
0.0
100
AcDbText
 73
2
  0
LINE
  5
A45
330
17
100
AcDbEntity
  8
42-TABLO
100
AcDbLine
 10
1552.0
 20
453.49999999999824
 30
0.0
 11
1552.0
 21
446.79999999999825
 31
0.0
  0
TEXT
  5
A46
330
17
100
AcDbEntity
  8
42-TABLO
100
AcDbText
 10
1557.5
 20
450.1499999999982
 30
0.0
 40
2.05
  1

  7
TRK
 72
1
 11
1557.5
 21
450.1499999999982
 31
0.0
100
AcDbText
 73
2
  0
LINE
  5
A47
330
17
100
AcDbEntity
  8
42-TABLO
100
AcDbLine
 10
1563.0
 20
453.49999999999824
 30
0.0
 11
1563.0
 21
446.79999999999825
 31
0.0
  0
TEXT
  5
A48
330
17
100
AcDbEntity
  8
42-TABLO
100
AcDbText
 10
1568.5
 20
450.1499999999982
 30
0.0
 40
2.05
  1

  7
TRK
 72
1
 11
1568.5
 21
450.1499999999982
 31
0.0
100
AcDbText
 73
2
  0
LINE
  5
A49
330
17
100
AcDbEntity
  8
42-TABLO
100
AcDbLine
 10
1574.0
 20
453.49999999999824
 30
0.0
 11
1574.0
 21
446.79999999999825
 31
0.0
  0
TEXT
  5
A4A
330
17
100
AcDbEntity
  8
42-TABLO
100
AcDbText
 10
1581.0
 20
450.1499999999982
 30
0.0
 40
2.05
  1

  7
TRK
 72
1
 11
1581.0
 21
450.1499999999982
 31
0.0
100
AcDbText
 73
2
  0
LINE
  5
A4B
330
17
100
AcDbEntity
  8
42-TABLO
100
AcDbLine
 10
1588.0
 20
453.49999999999824
 30
0.0
 11
1588.0
 21
446.79999999999825
 31
0.0
  0
TEXT
  5
A4C
330
17
100
AcDbEntity
  8
42-TABLO
100
AcDbText
 10
1602.8
 20
450.1499999999982
 30
0.0
 40
2.05
  1
1
  7
TRK
 72
2
 11
1602.8
 21
450.1499999999982
 31
0.0
100
AcDbText
 73
2
  0
LINE
  5
A4D
330
17
100
AcDbEntity
  8
42-TABLO
100
AcDbLine
 10
1604.0
 20
453.49999999999824
 30
0.0
 11
1604.0
 21
446.79999999999825
 31
0.0
  0
TEXT
  5
A4E
330
17
100
AcDbEntity
  8
42-TABLO
100
AcDbText
 10
1622.8
 20
450.1499999999982
 30
0.0
 40
2.05
  1

  7
TRK
 72
2
 11
1622.8
 21
450.1499999999982
 31
0.0
100
AcDbText
 73
2
  0
LINE
  5
A4F
330
17
100
AcDbEntity
  8
42-TABLO
100
AcDbLine
 10
1624.0
 20
453.49999999999824
 30
0.0
 11
1624.0
 21
446.79999999999825
 31
0.0
  0
TEXT
  5
A50
330
17
100
AcDbEntity
  8
42-TABLO
100
AcDbText
 10
1644.8
 20
450.1499999999982
 30
0.0
 40
2.05
  1

  7
TRK
 72
2
 11
1644.8
 21
450.1499999999982
 31
0.0
100
AcDbText
 73
2
  0
LINE
  5
A51
330
17
100
AcDbEntity
  8
42-TABLO
100
AcDbLine
 10
1646.0
 20
453.49999999999824
 30
0.0
 11
1646.0
 21
446.79999999999825
 31
0.0
  0
LINE
  5
A52
330
17
100
AcDbEntity
  8
42-TABLO
100
AcDbLine
 10
1280.0
 20
446.79999999999825
 30
0.0
 11
1646.0
 21
446.79999999999825
 31
0.0
  0
TEXT
  5
A53
330
17
100
AcDbEntity
  8
42-TABLO
100
AcDbText
 10
1284.5
 20
443.4499999999982
 30
0.0
 40
2.05
  1
45
  7
TRK
 72
1
 11
1284.5
 21
443.4499999999982
 31
0.0
100
AcDbText
 73
2
  0
LINE
  5
A54
330
17
100
AcDbEntity
  8
42-TABLO
100
AcDbLine
 10
1289.0
 20
446.79999999999825
 30
0.0
 11
1289.0
 21
440.09999999999826
 31
0.0
  0
TEXT
  5
A55
330
17
100
AcDbEntity
  8
42-TABLO
100
AcDbText
 10
1298.0
 20
443.4499999999982
 30
0.0
 40
2.05
  1

  7
TRK
 72
1
 11
1298.0
 21
443.4499999999982
 31
0.0
100
AcDbText
 73
2
  0
LINE
  5
A56
330
17
100
AcDbEntity
  8
42-TABLO
100
AcDbLine
 10
1307.0
 20
446.79999999999825
 30
0.0
 11
1307.0
 21
440.09999999999826
 31
0.0
  0
TEXT
  5
A57
330
17
100
AcDbEntity
  8
42-TABLO
100
AcDbText
 10
1308.2
 20
443.4499999999982
 30
0.0
 40
2.05
  1
Týrmanma engeli (galvanizli dikenli tel/korkuluk tipi, zeminden \U+2265 4 m, EKATY Md.44-o)
  7
TRK
 11
1308.2
 21
443.4499999999982
 31
0.0
100
AcDbText
 73
2
  0
LINE
  5
A58
330
17
100
AcDbEntity
  8
42-TABLO
100
AcDbLine
 10
1485.0
 20
446.79999999999825
 30
0.0
 11
1485.0
 21
440.09999999999826
 31
0.0
  0
TEXT
  5
A59
330
17
100
AcDbEntity
  8
42-TABLO
100
AcDbText
 10
1491.0
 20
443.4499999999982
 30
0.0
 40
2.05
  1
Takým
  7
TRK
 72
1
 11
1491.0
 21
443.4499999999982
 31
0.0
100
AcDbText
 73
2
  0
LINE
  5
A5A
330
17
100
AcDbEntity
  8
42-TABLO
100
AcDbLine
 10
1497.0
 20
446.79999999999825
 30
0.0
 11
1497.0
 21
440.09999999999826
 31
0.0
  0
TEXT
  5
A5B
330
17
100
AcDbEntity
  8
42-TABLO
100
AcDbText
 10
1502.5
 20
443.4499999999982
 30
0.0
 40
2.05
  1
1
  7
TRK
 72
1
 11
1502.5
 21
443.4499999999982
 31
0.0
100
AcDbText
 73
2
  0
LINE
  5
A5C
330
17
100
AcDbEntity
  8
42-TABLO
100
AcDbLine
 10
1508.0
 20
446.79999999999825
 30
0.0
 11
1508.0
 21
440.09999999999826
 31
0.0
  0
TEXT
  5
A5D
330
17
100
AcDbEntity
  8
42-TABLO
100
AcDbText
 10
1513.5
 20
443.4499999999982
 30
0.0
 40
2.05
  1
1
  7
TRK
 72
1
 11
1513.5
 21
443.4499999999982
 31
0.0
100
AcDbText
 73
2
  0
LINE
  5
A5E
330
17
100
AcDbEntity
  8
42-TABLO
100
AcDbLine
 10
1519.0
 20
446.79999999999825
 30
0.0
 11
1519.0
 21
440.09999999999826
 31
0.0
  0
TEXT
  5
A5F
330
17
100
AcDbEntity
  8
42-TABLO
100
AcDbText
 10
1524.5
 20
443.4499999999982
 30
0.0
 40
2.05
  1
1
  7
TRK
 72
1
 11
1524.5
 21
443.4499999999982
 31
0.0
100
AcDbText
 73
2
  0
LINE
  5
A60
330
17
100
AcDbEntity
  8
42-TABLO
100
AcDbLine
 10
1530.0
 20
446.79999999999825
 30
0.0
 11
1530.0
 21
440.09999999999826
 31
0.0
  0
TEXT
  5
A61
330
17
100
AcDbEntity
  8
42-TABLO
100
AcDbText
 10
1535.5
 20
443.4499999999982
 30
0.0
 40
2.05
  1
1
  7
TRK
 72
1
 11
1535.5
 21
443.4499999999982
 31
0.0
100
AcDbText
 73
2
  0
LINE
  5
A62
330
17
100
AcDbEntity
  8
42-TABLO
100
AcDbLine
 10
1541.0
 20
446.79999999999825
 30
0.0
 11
1541.0
 21
440.09999999999826
 31
0.0
  0
TEXT
  5
A63
330
17
100
AcDbEntity
  8
42-TABLO
100
AcDbText
 10
1546.5
 20
443.4499999999982
 30
0.0
 40
2.05
  1
1
  7
TRK
 72
1
 11
1546.5
 21
443.4499999999982
 31
0.0
100
AcDbText
 73
2
  0
LINE
  5
A64
330
17
100
AcDbEntity
  8
42-TABLO
100
AcDbLine
 10
1552.0
 20
446.79999999999825
 30
0.0
 11
1552.0
 21
440.09999999999826
 31
0.0
  0
TEXT
  5
A65
330
17
100
AcDbEntity
  8
42-TABLO
100
AcDbText
 10
1557.5
 20
443.4499999999982
 30
0.0
 40
2.05
  1
1
  7
TRK
 72
1
 11
1557.5
 21
443.4499999999982
 31
0.0
100
AcDbText
 73
2
  0
LINE
  5
A66
330
17
100
AcDbEntity
  8
42-TABLO
100
AcDbLine
 10
1563.0
 20
446.79999999999825
 30
0.0
 11
1563.0
 21
440.09999999999826
 31
0.0
  0
TEXT
  5
A67
330
17
100
AcDbEntity
  8
42-TABLO
100
AcDbText
 10
1568.5
 20
443.4499999999982
 30
0.0
 40
2.05
  1

  7
TRK
 72
1
 11
1568.5
 21
443.4499999999982
 31
0.0
100
AcDbText
 73
2
  0
LINE
  5
A68
330
17
100
AcDbEntity
  8
42-TABLO
100
AcDbLine
 10
1574.0
 20
446.79999999999825
 30
0.0
 11
1574.0
 21
440.09999999999826
 31
0.0
  0
TEXT
  5
A69
330
17
100
AcDbEntity
  8
42-TABLO
100
AcDbText
 10
1581.0
 20
443.4499999999982
 30
0.0
 40
2.05
  1

  7
TRK
 72
1
 11
1581.0
 21
443.4499999999982
 31
0.0
100
AcDbText
 73
2
  0
LINE
  5
A6A
330
17
100
AcDbEntity
  8
42-TABLO
100
AcDbLine
 10
1588.0
 20
446.79999999999825
 30
0.0
 11
1588.0
 21
440.09999999999826
 31
0.0
  0
TEXT
  5
A6B
330
17
100
AcDbEntity
  8
42-TABLO
100
AcDbText
 10
1602.8
 20
443.4499999999982
 30
0.0
 40
2.05
  1
6
  7
TRK
 72
2
 11
1602.8
 21
443.4499999999982
 31
0.0
100
AcDbText
 73
2
  0
LINE
  5
A6C
330
17
100
AcDbEntity
  8
42-TABLO
100
AcDbLine
 10
1604.0
 20
446.79999999999825
 30
0.0
 11
1604.0
 21
440.09999999999826
 31
0.0
  0
TEXT
  5
A6D
330
17
100
AcDbEntity
  8
42-TABLO
100
AcDbText
 10
1622.8
 20
443.4499999999982
 30
0.0
 40
2.05
  1

  7
TRK
 72
2
 11
1622.8
 21
443.4499999999982
 31
0.0
100
AcDbText
 73
2
  0
LINE
  5
A6E
330
17
100
AcDbEntity
  8
42-TABLO
100
AcDbLine
 10
1624.0
 20
446.79999999999825
 30
0.0
 11
1624.0
 21
440.09999999999826
 31
0.0
  0
TEXT
  5
A6F
330
17
100
AcDbEntity
  8
42-TABLO
100
AcDbText
 10
1644.8
 20
443.4499999999982
 30
0.0
 40
2.05
  1

  7
TRK
 72
2
 11
1644.8
 21
443.4499999999982
 31
0.0
100
AcDbText
 73
2
  0
LINE
  5
A70
330
17
100
AcDbEntity
  8
42-TABLO
100
AcDbLine
 10
1646.0
 20
446.79999999999825
 30
0.0
 11
1646.0
 21
440.09999999999826
 31
0.0
  0
LINE
  5
A71
330
17
100
AcDbEntity
  8
42-TABLO
100
AcDbLine
 10
1280.0
 20
440.09999999999826
 30
0.0
 11
1646.0
 21
440.09999999999826
 31
0.0
  0
LWPOLYLINE
  5
A72
330
17
100
AcDbEntity
  8
43-TABLO-CERCEVE
100
AcDbPolyline
 90
4
 70
1
 10
1280.0
 20
433.3999999999983
 10
1646.0
 20
433.3999999999983
 10
1646.0
 20
440.09999999999826
 10
1280.0
 20
440.09999999999826
  0
TEXT
  5
A73
330
17
100
AcDbEntity
  8
42-TABLO
100
AcDbText
 10
1282.0
 20
436.74999999999824
 30
0.0
 40
2.214
  1
H. ÝNÞAAT ÝÞLERÝ (TEMEL)
  7
TRKB
 11
1282.0
 21
436.74999999999824
 31
0.0
100
AcDbText
 73
2
  0
TEXT
  5
A74
330
17
100
AcDbEntity
  8
42-TABLO
100
AcDbText
 10
1284.5
 20
430.04999999999825
 30
0.0
 40
2.05
  1
46
  7
TRK
 72
1
 11
1284.5
 21
430.04999999999825
 31
0.0
100
AcDbText
 73
2
  0
LINE
  5
A75
330
17
100
AcDbEntity
  8
42-TABLO
100
AcDbLine
 10
1289.0
 20
433.3999999999983
 30
0.0
 11
1289.0
 21
426.6999999999983
 31
0.0
  0
TEXT
  5
A76
330
17
100
AcDbEntity
  8
42-TABLO
100
AcDbText
 10
1298.0
 20
430.04999999999825
 30
0.0
 40
2.05
  1

  7
TRK
 72
1
 11
1298.0
 21
430.04999999999825
 31
0.0
100
AcDbText
 73
2
  0
LINE
  5
A77
330
17
100
AcDbEntity
  8
42-TABLO
100
AcDbLine
 10
1307.0
 20
433.3999999999983
 30
0.0
 11
1307.0
 21
426.6999999999983
 31
0.0
  0
TEXT
  5
A78
330
17
100
AcDbEntity
  8
42-TABLO
100
AcDbText
 10
1308.2
 20
430.04999999999825
 30
0.0
 40
2.05
  1
Direk temel çukuru kazýsý, her cins zeminde (kaya hariç), elle/makine ile
  7
TRK
 11
1308.2
 21
430.04999999999825
 31
0.0
100
AcDbText
 73
2
  0
LINE
  5
A79
330
17
100
AcDbEntity
  8
42-TABLO
100
AcDbLine
 10
1485.0
 20
433.3999999999983
 30
0.0
 11
1485.0
 21
426.6999999999983
 31
0.0
  0
TEXT
  5
A7A
330
17
100
AcDbEntity
  8
42-TABLO
100
AcDbText
 10
1491.0
 20
430.04999999999825
 30
0.0
 40
2.05
  1
m³
  7
TRK
 72
1
 11
1491.0
 21
430.04999999999825
 31
0.0
100
AcDbText
 73
2
  0
LINE
  5
A7B
330
17
100
AcDbEntity
  8
42-TABLO
100
AcDbLine
 10
1497.0
 20
433.3999999999983
 30
0.0
 11
1497.0
 21
426.6999999999983
 31
0.0
  0
TEXT
  5
A7C
330
17
100
AcDbEntity
  8
42-TABLO
100
AcDbText
 10
1502.5
 20
430.04999999999825
 30
0.0
 40
2.05
  1
3,46
  7
TRK
 72
1
 11
1502.5
 21
430.04999999999825
 31
0.0
100
AcDbText
 73
2
  0
LINE
  5
A7D
330
17
100
AcDbEntity
  8
42-TABLO
100
AcDbLine
 10
1508.0
 20
433.3999999999983
 30
0.0
 11
1508.0
 21
426.6999999999983
 31
0.0
  0
TEXT
  5
A7E
330
17
100
AcDbEntity
  8
42-TABLO
100
AcDbText
 10
1513.5
 20
430.04999999999825
 30
0.0
 40
2.05
  1
3,46
  7
TRK
 72
1
 11
1513.5
 21
430.04999999999825
 31
0.0
100
AcDbText
 73
2
  0
LINE
  5
A7F
330
17
100
AcDbEntity
  8
42-TABLO
100
AcDbLine
 10
1519.0
 20
433.3999999999983
 30
0.0
 11
1519.0
 21
426.6999999999983
 31
0.0
  0
TEXT
  5
A80
330
17
100
AcDbEntity
  8
42-TABLO
100
AcDbText
 10
1524.5
 20
430.04999999999825
 30
0.0
 40
2.05
  1
1,38
  7
TRK
 72
1
 11
1524.5
 21
430.04999999999825
 31
0.0
100
AcDbText
 73
2
  0
LINE
  5
A81
330
17
100
AcDbEntity
  8
42-TABLO
100
AcDbLine
 10
1530.0
 20
433.3999999999983
 30
0.0
 11
1530.0
 21
426.6999999999983
 31
0.0
  0
TEXT
  5
A82
330
17
100
AcDbEntity
  8
42-TABLO
100
AcDbText
 10
1535.5
 20
430.04999999999825
 30
0.0
 40
2.05
  1
1,38
  7
TRK
 72
1
 11
1535.5
 21
430.04999999999825
 31
0.0
100
AcDbText
 73
2
  0
LINE
  5
A83
330
17
100
AcDbEntity
  8
42-TABLO
100
AcDbLine
 10
1541.0
 20
433.3999999999983
 30
0.0
 11
1541.0
 21
426.6999999999983
 31
0.0
  0
TEXT
  5
A84
330
17
100
AcDbEntity
  8
42-TABLO
100
AcDbText
 10
1546.5
 20
430.04999999999825
 30
0.0
 40
2.05
  1
3,46
  7
TRK
 72
1
 11
1546.5
 21
430.04999999999825
 31
0.0
100
AcDbText
 73
2
  0
LINE
  5
A85
330
17
100
AcDbEntity
  8
42-TABLO
100
AcDbLine
 10
1552.0
 20
433.3999999999983
 30
0.0
 11
1552.0
 21
426.6999999999983
 31
0.0
  0
TEXT
  5
A86
330
17
100
AcDbEntity
  8
42-TABLO
100
AcDbText
 10
1557.5
 20
430.04999999999825
 30
0.0
 40
2.05
  1
3,31
  7
TRK
 72
1
 11
1557.5
 21
430.04999999999825
 31
0.0
100
AcDbText
 73
2
  0
LINE
  5
A87
330
17
100
AcDbEntity
  8
42-TABLO
100
AcDbLine
 10
1563.0
 20
433.3999999999983
 30
0.0
 11
1563.0
 21
426.6999999999983
 31
0.0
  0
TEXT
  5
A88
330
17
100
AcDbEntity
  8
42-TABLO
100
AcDbText
 10
1568.5
 20
430.04999999999825
 30
0.0
 40
2.05
  1

  7
TRK
 72
1
 11
1568.5
 21
430.04999999999825
 31
0.0
100
AcDbText
 73
2
  0
LINE
  5
A89
330
17
100
AcDbEntity
  8
42-TABLO
100
AcDbLine
 10
1574.0
 20
433.3999999999983
 30
0.0
 11
1574.0
 21
426.6999999999983
 31
0.0
  0
TEXT
  5
A8A
330
17
100
AcDbEntity
  8
42-TABLO
100
AcDbText
 10
1581.0
 20
430.04999999999825
 30
0.0
 40
2.05
  1

  7
TRK
 72
1
 11
1581.0
 21
430.04999999999825
 31
0.0
100
AcDbText
 73
2
  0
LINE
  5
A8B
330
17
100
AcDbEntity
  8
42-TABLO
100
AcDbLine
 10
1588.0
 20
433.3999999999983
 30
0.0
 11
1588.0
 21
426.6999999999983
 31
0.0
  0
TEXT
  5
A8C
330
17
100
AcDbEntity
  8
42-TABLO
100
AcDbText
 10
1602.8
 20
430.04999999999825
 30
0.0
 40
2.05
  1
16,44
  7
TRK
 72
2
 11
1602.8
 21
430.04999999999825
 31
0.0
100
AcDbText
 73
2
  0
LINE
  5
A8D
330
17
100
AcDbEntity
  8
42-TABLO
100
AcDbLine
 10
1604.0
 20
433.3999999999983
 30
0.0
 11
1604.0
 21
426.6999999999983
 31
0.0
  0
TEXT
  5
A8E
330
17
100
AcDbEntity
  8
42-TABLO
100
AcDbText
 10
1622.8
 20
430.04999999999825
 30
0.0
 40
2.05
  1

  7
TRK
 72
2
 11
1622.8
 21
430.04999999999825
 31
0.0
100
AcDbText
 73
2
  0
LINE
  5
A8F
330
17
100
AcDbEntity
  8
42-TABLO
100
AcDbLine
 10
1624.0
 20
433.3999999999983
 30
0.0
 11
1624.0
 21
426.6999999999983
 31
0.0
  0
TEXT
  5
A90
330
17
100
AcDbEntity
  8
42-TABLO
100
AcDbText
 10
1644.8
 20
430.04999999999825
 30
0.0
 40
2.05
  1

  7
TRK
 72
2
 11
1644.8
 21
430.04999999999825
 31
0.0
100
AcDbText
 73
2
  0
LINE
  5
A91
330
17
100
AcDbEntity
  8
42-TABLO
100
AcDbLine
 10
1646.0
 20
433.3999999999983
 30
0.0
 11
1646.0
 21
426.6999999999983
 31
0.0
  0
LINE
  5
A92
330
17
100
AcDbEntity
  8
42-TABLO
100
AcDbLine
 10
1280.0
 20
426.6999999999983
 30
0.0
 11
1646.0
 21
426.6999999999983
 31
0.0
  0
TEXT
  5
A93
330
17
100
AcDbEntity
  8
42-TABLO
100
AcDbText
 10
1284.5
 20
423.34999999999826
 30
0.0
 40
2.05
  1
47
  7
TRK
 72
1
 11
1284.5
 21
423.34999999999826
 31
0.0
100
AcDbText
 73
2
  0
LINE
  5
A94
330
17
100
AcDbEntity
  8
42-TABLO
100
AcDbLine
 10
1289.0
 20
426.6999999999983
 30
0.0
 11
1289.0
 21
419.9999999999983
 31
0.0
  0
TEXT
  5
A95
330
17
100
AcDbEntity
  8
42-TABLO
100
AcDbText
 10
1298.0
 20
423.34999999999826
 30
0.0
 40
2.05
  1

  7
TRK
 72
1
 11
1298.0
 21
423.34999999999826
 31
0.0
100
AcDbText
 73
2
  0
LINE
  5
A96
330
17
100
AcDbEntity
  8
42-TABLO
100
AcDbLine
 10
1307.0
 20
426.6999999999983
 30
0.0
 11
1307.0
 21
419.9999999999983
 31
0.0
  0
TEXT
  5
A97
330
17
100
AcDbEntity
  8
42-TABLO
100
AcDbText
 10
1308.2
 20
423.34999999999826
 30
0.0
 40
2.05
  1
C20/25 hazýr beton, temel ve yaðmurluk baþlýðý dahil (demirsiz, monoblok)
  7
TRK
 11
1308.2
 21
423.34999999999826
 31
0.0
100
AcDbText
 73
2
  0
LINE
  5
A98
330
17
100
AcDbEntity
  8
42-TABLO
100
AcDbLine
 10
1485.0
 20
426.6999999999983
 30
0.0
 11
1485.0
 21
419.9999999999983
 31
0.0
  0
TEXT
  5
A99
330
17
100
AcDbEntity
  8
42-TABLO
100
AcDbText
 10
1491.0
 20
423.34999999999826
 30
0.0
 40
2.05
  1
m³
  7
TRK
 72
1
 11
1491.0
 21
423.34999999999826
 31
0.0
100
AcDbText
 73
2
  0
LINE
  5
A9A
330
17
100
AcDbEntity
  8
42-TABLO
100
AcDbLine
 10
1497.0
 20
426.6999999999983
 30
0.0
 11
1497.0
 21
419.9999999999983
 31
0.0
  0
TEXT
  5
A9B
330
17
100
AcDbEntity
  8
42-TABLO
100
AcDbText
 10
1502.5
 20
423.34999999999826
 30
0.0
 40
2.05
  1
3,74
  7
TRK
 72
1
 11
1502.5
 21
423.34999999999826
 31
0.0
100
AcDbText
 73
2
  0
LINE
  5
A9C
330
17
100
AcDbEntity
  8
42-TABLO
100
AcDbLine
 10
1508.0
 20
426.6999999999983
 30
0.0
 11
1508.0
 21
419.9999999999983
 31
0.0
  0
TEXT
  5
A9D
330
17
100
AcDbEntity
  8
42-TABLO
100
AcDbText
 10
1513.5
 20
423.34999999999826
 30
0.0
 40
2.05
  1
3,74
  7
TRK
 72
1
 11
1513.5
 21
423.34999999999826
 31
0.0
100
AcDbText
 73
2
  0
LINE
  5
A9E
330
17
100
AcDbEntity
  8
42-TABLO
100
AcDbLine
 10
1519.0
 20
426.6999999999983
 30
0.0
 11
1519.0
 21
419.9999999999983
 31
0.0
  0
TEXT
  5
A9F
330
17
100
AcDbEntity
  8
42-TABLO
100
AcDbText
 10
1524.5
 20
423.34999999999826
 30
0.0
 40
2.05
  1
1,52
  7
TRK
 72
1
 11
1524.5
 21
423.34999999999826
 31
0.0
100
AcDbText
 73
2
  0
LINE
  5
AA0
330
17
100
AcDbEntity
  8
42-TABLO
100
AcDbLine
 10
1530.0
 20
426.6999999999983
 30
0.0
 11
1530.0
 21
419.9999999999983
 31
0.0
  0
TEXT
  5
AA1
330
17
100
AcDbEntity
  8
42-TABLO
100
AcDbText
 10
1535.5
 20
423.34999999999826
 30
0.0
 40
2.05
  1
1,52
  7
TRK
 72
1
 11
1535.5
 21
423.34999999999826
 31
0.0
100
AcDbText
 73
2
  0
LINE
  5
AA2
330
17
100
AcDbEntity
  8
42-TABLO
100
AcDbLine
 10
1541.0
 20
426.6999999999983
 30
0.0
 11
1541.0
 21
419.9999999999983
 31
0.0
  0
TEXT
  5
AA3
330
17
100
AcDbEntity
  8
42-TABLO
100
AcDbText
 10
1546.5
 20
423.34999999999826
 30
0.0
 40
2.05
  1
3,74
  7
TRK
 72
1
 11
1546.5
 21
423.34999999999826
 31
0.0
100
AcDbText
 73
2
  0
LINE
  5
AA4
330
17
100
AcDbEntity
  8
42-TABLO
100
AcDbLine
 10
1552.0
 20
426.6999999999983
 30
0.0
 11
1552.0
 21
419.9999999999983
 31
0.0
  0
TEXT
  5
AA5
330
17
100
AcDbEntity
  8
42-TABLO
100
AcDbText
 10
1557.5
 20
423.34999999999826
 30
0.0
 40
2.05
  1
3,60
  7
TRK
 72
1
 11
1557.5
 21
423.34999999999826
 31
0.0
100
AcDbText
 73
2
  0
LINE
  5
AA6
330
17
100
AcDbEntity
  8
42-TABLO
100
AcDbLine
 10
1563.0
 20
426.6999999999983
 30
0.0
 11
1563.0
 21
419.9999999999983
 31
0.0
  0
TEXT
  5
AA7
330
17
100
AcDbEntity
  8
42-TABLO
100
AcDbText
 10
1568.5
 20
423.34999999999826
 30
0.0
 40
2.05
  1

  7
TRK
 72
1
 11
1568.5
 21
423.34999999999826
 31
0.0
100
AcDbText
 73
2
  0
LINE
  5
AA8
330
17
100
AcDbEntity
  8
42-TABLO
100
AcDbLine
 10
1574.0
 20
426.6999999999983
 30
0.0
 11
1574.0
 21
419.9999999999983
 31
0.0
  0
TEXT
  5
AA9
330
17
100
AcDbEntity
  8
42-TABLO
100
AcDbText
 10
1581.0
 20
423.34999999999826
 30
0.0
 40
2.05
  1

  7
TRK
 72
1
 11
1581.0
 21
423.34999999999826
 31
0.0
100
AcDbText
 73
2
  0
LINE
  5
AAA
330
17
100
AcDbEntity
  8
42-TABLO
100
AcDbLine
 10
1588.0
 20
426.6999999999983
 30
0.0
 11
1588.0
 21
419.9999999999983
 31
0.0
  0
TEXT
  5
AAB
330
17
100
AcDbEntity
  8
42-TABLO
100
AcDbText
 10
1602.8
 20
423.34999999999826
 30
0.0
 40
2.05
  1
17,87
  7
TRK
 72
2
 11
1602.8
 21
423.34999999999826
 31
0.0
100
AcDbText
 73
2
  0
LINE
  5
AAC
330
17
100
AcDbEntity
  8
42-TABLO
100
AcDbLine
 10
1604.0
 20
426.6999999999983
 30
0.0
 11
1604.0
 21
419.9999999999983
 31
0.0
  0
TEXT
  5
AAD
330
17
100
AcDbEntity
  8
42-TABLO
100
AcDbText
 10
1622.8
 20
423.34999999999826
 30
0.0
 40
2.05
  1

  7
TRK
 72
2
 11
1622.8
 21
423.34999999999826
 31
0.0
100
AcDbText
 73
2
  0
LINE
  5
AAE
330
17
100
AcDbEntity
  8
42-TABLO
100
AcDbLine
 10
1624.0
 20
426.6999999999983
 30
0.0
 11
1624.0
 21
419.9999999999983
 31
0.0
  0
TEXT
  5
AAF
330
17
100
AcDbEntity
  8
42-TABLO
100
AcDbText
 10
1644.8
 20
423.34999999999826
 30
0.0
 40
2.05
  1

  7
TRK
 72
2
 11
1644.8
 21
423.34999999999826
 31
0.0
100
AcDbText
 73
2
  0
LINE
  5
AB0
330
17
100
AcDbEntity
  8
42-TABLO
100
AcDbLine
 10
1646.0
 20
426.6999999999983
 30
0.0
 11
1646.0
 21
419.9999999999983
 31
0.0
  0
LINE
  5
AB1
330
17
100
AcDbEntity
  8
42-TABLO
100
AcDbLine
 10
1280.0
 20
419.9999999999983
 30
0.0
 11
1646.0
 21
419.9999999999983
 31
0.0
  0
TEXT
  5
AB2
330
17
100
AcDbEntity
  8
42-TABLO
100
AcDbText
 10
1284.5
 20
416.6499999999983
 30
0.0
 40
2.05
  1
48
  7
TRK
 72
1
 11
1284.5
 21
416.6499999999983
 31
0.0
100
AcDbText
 73
2
  0
LINE
  5
AB3
330
17
100
AcDbEntity
  8
42-TABLO
100
AcDbLine
 10
1289.0
 20
419.9999999999983
 30
0.0
 11
1289.0
 21
413.2999999999983
 31
0.0
  0
TEXT
  5
AB4
330
17
100
AcDbEntity
  8
42-TABLO
100
AcDbText
 10
1298.0
 20
416.6499999999983
 30
0.0
 40
2.05
  1

  7
TRK
 72
1
 11
1298.0
 21
416.6499999999983
 31
0.0
100
AcDbText
 73
2
  0
LINE
  5
AB5
330
17
100
AcDbEntity
  8
42-TABLO
100
AcDbLine
 10
1307.0
 20
419.9999999999983
 30
0.0
 11
1307.0
 21
413.2999999999983
 31
0.0
  0
TEXT
  5
AB6
330
17
100
AcDbEntity
  8
42-TABLO
100
AcDbText
 10
1308.2
 20
416.6499999999983
 30
0.0
 40
2.05
  1
Ahþap kalýp (temel baþlýðý, zemin üstü 0,20 m + 0,10 m)
  7
TRK
 11
1308.2
 21
416.6499999999983
 31
0.0
100
AcDbText
 73
2
  0
LINE
  5
AB7
330
17
100
AcDbEntity
  8
42-TABLO
100
AcDbLine
 10
1485.0
 20
419.9999999999983
 30
0.0
 11
1485.0
 21
413.2999999999983
 31
0.0
  0
TEXT
  5
AB8
330
17
100
AcDbEntity
  8
42-TABLO
100
AcDbText
 10
1491.0
 20
416.6499999999983
 30
0.0
 40
2.05
  1
m²
  7
TRK
 72
1
 11
1491.0
 21
416.6499999999983
 31
0.0
100
AcDbText
 73
2
  0
LINE
  5
AB9
330
17
100
AcDbEntity
  8
42-TABLO
100
AcDbLine
 10
1497.0
 20
419.9999999999983
 30
0.0
 11
1497.0
 21
413.2999999999983
 31
0.0
  0
TEXT
  5
ABA
330
17
100
AcDbEntity
  8
42-TABLO
100
AcDbText
 10
1502.5
 20
416.6499999999983
 30
0.0
 40
2.05
  1
1,44
  7
TRK
 72
1
 11
1502.5
 21
416.6499999999983
 31
0.0
100
AcDbText
 73
2
  0
LINE
  5
ABB
330
17
100
AcDbEntity
  8
42-TABLO
100
AcDbLine
 10
1508.0
 20
419.9999999999983
 30
0.0
 11
1508.0
 21
413.2999999999983
 31
0.0
  0
TEXT
  5
ABC
330
17
100
AcDbEntity
  8
42-TABLO
100
AcDbText
 10
1513.5
 20
416.6499999999983
 30
0.0
 40
2.05
  1
1,44
  7
TRK
 72
1
 11
1513.5
 21
416.6499999999983
 31
0.0
100
AcDbText
 73
2
  0
LINE
  5
ABD
330
17
100
AcDbEntity
  8
42-TABLO
100
AcDbLine
 10
1519.0
 20
419.9999999999983
 30
0.0
 11
1519.0
 21
413.2999999999983
 31
0.0
  0
TEXT
  5
ABE
330
17
100
AcDbEntity
  8
42-TABLO
100
AcDbText
 10
1524.5
 20
416.6499999999983
 30
0.0
 40
2.05
  1
1,05
  7
TRK
 72
1
 11
1524.5
 21
416.6499999999983
 31
0.0
100
AcDbText
 73
2
  0
LINE
  5
ABF
330
17
100
AcDbEntity
  8
42-TABLO
100
AcDbLine
 10
1530.0
 20
419.9999999999983
 30
0.0
 11
1530.0
 21
413.2999999999983
 31
0.0
  0
TEXT
  5
AC0
330
17
100
AcDbEntity
  8
42-TABLO
100
AcDbText
 10
1535.5
 20
416.6499999999983
 30
0.0
 40
2.05
  1
1,05
  7
TRK
 72
1
 11
1535.5
 21
416.6499999999983
 31
0.0
100
AcDbText
 73
2
  0
LINE
  5
AC1
330
17
100
AcDbEntity
  8
42-TABLO
100
AcDbLine
 10
1541.0
 20
419.9999999999983
 30
0.0
 11
1541.0
 21
413.2999999999983
 31
0.0
  0
TEXT
  5
AC2
330
17
100
AcDbEntity
  8
42-TABLO
100
AcDbText
 10
1546.5
 20
416.6499999999983
 30
0.0
 40
2.05
  1
1,44
  7
TRK
 72
1
 11
1546.5
 21
416.6499999999983
 31
0.0
100
AcDbText
 73
2
  0
LINE
  5
AC3
330
17
100
AcDbEntity
  8
42-TABLO
100
AcDbLine
 10
1552.0
 20
419.9999999999983
 30
0.0
 11
1552.0
 21
413.2999999999983
 31
0.0
  0
TEXT
  5
AC4
330
17
100
AcDbEntity
  8
42-TABLO
100
AcDbText
 10
1557.5
 20
416.6499999999983
 30
0.0
 40
2.05
  1
1,44
  7
TRK
 72
1
 11
1557.5
 21
416.6499999999983
 31
0.0
100
AcDbText
 73
2
  0
LINE
  5
AC5
330
17
100
AcDbEntity
  8
42-TABLO
100
AcDbLine
 10
1563.0
 20
419.9999999999983
 30
0.0
 11
1563.0
 21
413.2999999999983
 31
0.0
  0
TEXT
  5
AC6
330
17
100
AcDbEntity
  8
42-TABLO
100
AcDbText
 10
1568.5
 20
416.6499999999983
 30
0.0
 40
2.05
  1

  7
TRK
 72
1
 11
1568.5
 21
416.6499999999983
 31
0.0
100
AcDbText
 73
2
  0
LINE
  5
AC7
330
17
100
AcDbEntity
  8
42-TABLO
100
AcDbLine
 10
1574.0
 20
419.9999999999983
 30
0.0
 11
1574.0
 21
413.2999999999983
 31
0.0
  0
TEXT
  5
AC8
330
17
100
AcDbEntity
  8
42-TABLO
100
AcDbText
 10
1581.0
 20
416.6499999999983
 30
0.0
 40
2.05
  1

  7
TRK
 72
1
 11
1581.0
 21
416.6499999999983
 31
0.0
100
AcDbText
 73
2
  0
LINE
  5
AC9
330
17
100
AcDbEntity
  8
42-TABLO
100
AcDbLine
 10
1588.0
 20
419.9999999999983
 30
0.0
 11
1588.0
 21
413.2999999999983
 31
0.0
  0
TEXT
  5
ACA
330
17
100
AcDbEntity
  8
42-TABLO
100
AcDbText
 10
1602.8
 20
416.6499999999983
 30
0.0
 40
2.05
  1
7,86
  7
TRK
 72
2
 11
1602.8
 21
416.6499999999983
 31
0.0
100
AcDbText
 73
2
  0
LINE
  5
ACB
330
17
100
AcDbEntity
  8
42-TABLO
100
AcDbLine
 10
1604.0
 20
419.9999999999983
 30
0.0
 11
1604.0
 21
413.2999999999983
 31
0.0
  0
TEXT
  5
ACC
330
17
100
AcDbEntity
  8
42-TABLO
100
AcDbText
 10
1622.8
 20
416.6499999999983
 30
0.0
 40
2.05
  1

  7
TRK
 72
2
 11
1622.8
 21
416.6499999999983
 31
0.0
100
AcDbText
 73
2
  0
LINE
  5
ACD
330
17
100
AcDbEntity
  8
42-TABLO
100
AcDbLine
 10
1624.0
 20
419.9999999999983
 30
0.0
 11
1624.0
 21
413.2999999999983
 31
0.0
  0
TEXT
  5
ACE
330
17
100
AcDbEntity
  8
42-TABLO
100
AcDbText
 10
1644.8
 20
416.6499999999983
 30
0.0
 40
2.05
  1

  7
TRK
 72
2
 11
1644.8
 21
416.6499999999983
 31
0.0
100
AcDbText
 73
2
  0
LINE
  5
ACF
330
17
100
AcDbEntity
  8
42-TABLO
100
AcDbLine
 10
1646.0
 20
419.9999999999983
 30
0.0
 11
1646.0
 21
413.2999999999983
 31
0.0
  0
LINE
  5
AD0
330
17
100
AcDbEntity
  8
42-TABLO
100
AcDbLine
 10
1280.0
 20
413.2999999999983
 30
0.0
 11
1646.0
 21
413.2999999999983
 31
0.0
  0
TEXT
  5
AD1
330
17
100
AcDbEntity
  8
42-TABLO
100
AcDbText
 10
1284.5
 20
409.9499999999983
 30
0.0
 40
2.05
  1
49
  7
TRK
 72
1
 11
1284.5
 21
409.9499999999983
 31
0.0
100
AcDbText
 73
2
  0
LINE
  5
AD2
330
17
100
AcDbEntity
  8
42-TABLO
100
AcDbLine
 10
1289.0
 20
413.2999999999983
 30
0.0
 11
1289.0
 21
406.5999999999983
 31
0.0
  0
TEXT
  5
AD3
330
17
100
AcDbEntity
  8
42-TABLO
100
AcDbText
 10
1298.0
 20
409.9499999999983
 30
0.0
 40
2.05
  1

  7
TRK
 72
1
 11
1298.0
 21
409.9499999999983
 31
0.0
100
AcDbText
 73
2
  0
LINE
  5
AD4
330
17
100
AcDbEntity
  8
42-TABLO
100
AcDbLine
 10
1307.0
 20
413.2999999999983
 30
0.0
 11
1307.0
 21
406.5999999999983
 31
0.0
  0
TEXT
  5
AD5
330
17
100
AcDbEntity
  8
42-TABLO
100
AcDbText
 10
1308.2
 20
409.9499999999983
 30
0.0
 40
2.05
  1
Kazý fazlasý topraðýn yüklenmesi, taþýnmasý ve dökülmesi
  7
TRK
 11
1308.2
 21
409.9499999999983
 31
0.0
100
AcDbText
 73
2
  0
LINE
  5
AD6
330
17
100
AcDbEntity
  8
42-TABLO
100
AcDbLine
 10
1485.0
 20
413.2999999999983
 30
0.0
 11
1485.0
 21
406.5999999999983
 31
0.0
  0
TEXT
  5
AD7
330
17
100
AcDbEntity
  8
42-TABLO
100
AcDbText
 10
1491.0
 20
409.9499999999983
 30
0.0
 40
2.05
  1
m³
  7
TRK
 72
1
 11
1491.0
 21
409.9499999999983
 31
0.0
100
AcDbText
 73
2
  0
LINE
  5
AD8
330
17
100
AcDbEntity
  8
42-TABLO
100
AcDbLine
 10
1497.0
 20
413.2999999999983
 30
0.0
 11
1497.0
 21
406.5999999999983
 31
0.0
  0
TEXT
  5
AD9
330
17
100
AcDbEntity
  8
42-TABLO
100
AcDbText
 10
1502.5
 20
409.9499999999983
 30
0.0
 40
2.05
  1
3,46
  7
TRK
 72
1
 11
1502.5
 21
409.9499999999983
 31
0.0
100
AcDbText
 73
2
  0
LINE
  5
ADA
330
17
100
AcDbEntity
  8
42-TABLO
100
AcDbLine
 10
1508.0
 20
413.2999999999983
 30
0.0
 11
1508.0
 21
406.5999999999983
 31
0.0
  0
TEXT
  5
ADB
330
17
100
AcDbEntity
  8
42-TABLO
100
AcDbText
 10
1513.5
 20
409.9499999999983
 30
0.0
 40
2.05
  1
3,46
  7
TRK
 72
1
 11
1513.5
 21
409.9499999999983
 31
0.0
100
AcDbText
 73
2
  0
LINE
  5
ADC
330
17
100
AcDbEntity
  8
42-TABLO
100
AcDbLine
 10
1519.0
 20
413.2999999999983
 30
0.0
 11
1519.0
 21
406.5999999999983
 31
0.0
  0
TEXT
  5
ADD
330
17
100
AcDbEntity
  8
42-TABLO
100
AcDbText
 10
1524.5
 20
409.9499999999983
 30
0.0
 40
2.05
  1
1,38
  7
TRK
 72
1
 11
1524.5
 21
409.9499999999983
 31
0.0
100
AcDbText
 73
2
  0
LINE
  5
ADE
330
17
100
AcDbEntity
  8
42-TABLO
100
AcDbLine
 10
1530.0
 20
413.2999999999983
 30
0.0
 11
1530.0
 21
406.5999999999983
 31
0.0
  0
TEXT
  5
ADF
330
17
100
AcDbEntity
  8
42-TABLO
100
AcDbText
 10
1535.5
 20
409.9499999999983
 30
0.0
 40
2.05
  1
1,38
  7
TRK
 72
1
 11
1535.5
 21
409.9499999999983
 31
0.0
100
AcDbText
 73
2
  0
LINE
  5
AE0
330
17
100
AcDbEntity
  8
42-TABLO
100
AcDbLine
 10
1541.0
 20
413.2999999999983
 30
0.0
 11
1541.0
 21
406.5999999999983
 31
0.0
  0
TEXT
  5
AE1
330
17
100
AcDbEntity
  8
42-TABLO
100
AcDbText
 10
1546.5
 20
409.9499999999983
 30
0.0
 40
2.05
  1
3,46
  7
TRK
 72
1
 11
1546.5
 21
409.9499999999983
 31
0.0
100
AcDbText
 73
2
  0
LINE
  5
AE2
330
17
100
AcDbEntity
  8
42-TABLO
100
AcDbLine
 10
1552.0
 20
413.2999999999983
 30
0.0
 11
1552.0
 21
406.5999999999983
 31
0.0
  0
TEXT
  5
AE3
330
17
100
AcDbEntity
  8
42-TABLO
100
AcDbText
 10
1557.5
 20
409.9499999999983
 30
0.0
 40
2.05
  1
3,31
  7
TRK
 72
1
 11
1557.5
 21
409.9499999999983
 31
0.0
100
AcDbText
 73
2
  0
LINE
  5
AE4
330
17
100
AcDbEntity
  8
42-TABLO
100
AcDbLine
 10
1563.0
 20
413.2999999999983
 30
0.0
 11
1563.0
 21
406.5999999999983
 31
0.0
  0
TEXT
  5
AE5
330
17
100
AcDbEntity
  8
42-TABLO
100
AcDbText
 10
1568.5
 20
409.9499999999983
 30
0.0
 40
2.05
  1

  7
TRK
 72
1
 11
1568.5
 21
409.9499999999983
 31
0.0
100
AcDbText
 73
2
  0
LINE
  5
AE6
330
17
100
AcDbEntity
  8
42-TABLO
100
AcDbLine
 10
1574.0
 20
413.2999999999983
 30
0.0
 11
1574.0
 21
406.5999999999983
 31
0.0
  0
TEXT
  5
AE7
330
17
100
AcDbEntity
  8
42-TABLO
100
AcDbText
 10
1581.0
 20
409.9499999999983
 30
0.0
 40
2.05
  1

  7
TRK
 72
1
 11
1581.0
 21
409.9499999999983
 31
0.0
100
AcDbText
 73
2
  0
LINE
  5
AE8
330
17
100
AcDbEntity
  8
42-TABLO
100
AcDbLine
 10
1588.0
 20
413.2999999999983
 30
0.0
 11
1588.0
 21
406.5999999999983
 31
0.0
  0
TEXT
  5
AE9
330
17
100
AcDbEntity
  8
42-TABLO
100
AcDbText
 10
1602.8
 20
409.9499999999983
 30
0.0
 40
2.05
  1
16,44
  7
TRK
 72
2
 11
1602.8
 21
409.9499999999983
 31
0.0
100
AcDbText
 73
2
  0
LINE
  5
AEA
330
17
100
AcDbEntity
  8
42-TABLO
100
AcDbLine
 10
1604.0
 20
413.2999999999983
 30
0.0
 11
1604.0
 21
406.5999999999983
 31
0.0
  0
TEXT
  5
AEB
330
17
100
AcDbEntity
  8
42-TABLO
100
AcDbText
 10
1622.8
 20
409.9499999999983
 30
0.0
 40
2.05
  1

  7
TRK
 72
2
 11
1622.8
 21
409.9499999999983
 31
0.0
100
AcDbText
 73
2
  0
LINE
  5
AEC
330
17
100
AcDbEntity
  8
42-TABLO
100
AcDbLine
 10
1624.0
 20
413.2999999999983
 30
0.0
 11
1624.0
 21
406.5999999999983
 31
0.0
  0
TEXT
  5
AED
330
17
100
AcDbEntity
  8
42-TABLO
100
AcDbText
 10
1644.8
 20
409.9499999999983
 30
0.0
 40
2.05
  1

  7
TRK
 72
2
 11
1644.8
 21
409.9499999999983
 31
0.0
100
AcDbText
 73
2
  0
LINE
  5
AEE
330
17
100
AcDbEntity
  8
42-TABLO
100
AcDbLine
 10
1646.0
 20
413.2999999999983
 30
0.0
 11
1646.0
 21
406.5999999999983
 31
0.0
  0
LINE
  5
AEF
330
17
100
AcDbEntity
  8
42-TABLO
100
AcDbLine
 10
1280.0
 20
406.5999999999983
 30
0.0
 11
1646.0
 21
406.5999999999983
 31
0.0
  0
TEXT
  5
AF0
330
17
100
AcDbEntity
  8
42-TABLO
100
AcDbText
 10
1284.5
 20
403.2499999999983
 30
0.0
 40
2.05
  1
50
  7
TRK
 72
1
 11
1284.5
 21
403.2499999999983
 31
0.0
100
AcDbText
 73
2
  0
LINE
  5
AF1
330
17
100
AcDbEntity
  8
42-TABLO
100
AcDbLine
 10
1289.0
 20
406.5999999999983
 30
0.0
 11
1289.0
 21
399.89999999999833
 31
0.0
  0
TEXT
  5
AF2
330
17
100
AcDbEntity
  8
42-TABLO
100
AcDbText
 10
1298.0
 20
403.2499999999983
 30
0.0
 40
2.05
  1

  7
TRK
 72
1
 11
1298.0
 21
403.2499999999983
 31
0.0
100
AcDbText
 73
2
  0
LINE
  5
AF3
330
17
100
AcDbEntity
  8
42-TABLO
100
AcDbLine
 10
1307.0
 20
406.5999999999983
 30
0.0
 11
1307.0
 21
399.89999999999833
 31
0.0
  0
TEXT
  5
AF4
330
17
100
AcDbEntity
  8
42-TABLO
100
AcDbText
 10
1308.2
 20
403.2499999999983
 30
0.0
 40
2.05
  1
Beton kürü (sulama/örtme) ve temel çevresi tesviyesi
  7
TRK
 11
1308.2
 21
403.2499999999983
 31
0.0
100
AcDbText
 73
2
  0
LINE
  5
AF5
330
17
100
AcDbEntity
  8
42-TABLO
100
AcDbLine
 10
1485.0
 20
406.5999999999983
 30
0.0
 11
1485.0
 21
399.89999999999833
 31
0.0
  0
TEXT
  5
AF6
330
17
100
AcDbEntity
  8
42-TABLO
100
AcDbText
 10
1491.0
 20
403.2499999999983
 30
0.0
 40
2.05
  1
Adet
  7
TRK
 72
1
 11
1491.0
 21
403.2499999999983
 31
0.0
100
AcDbText
 73
2
  0
LINE
  5
AF7
330
17
100
AcDbEntity
  8
42-TABLO
100
AcDbLine
 10
1497.0
 20
406.5999999999983
 30
0.0
 11
1497.0
 21
399.89999999999833
 31
0.0
  0
TEXT
  5
AF8
330
17
100
AcDbEntity
  8
42-TABLO
100
AcDbText
 10
1502.5
 20
403.2499999999983
 30
0.0
 40
2.05
  1
1
  7
TRK
 72
1
 11
1502.5
 21
403.2499999999983
 31
0.0
100
AcDbText
 73
2
  0
LINE
  5
AF9
330
17
100
AcDbEntity
  8
42-TABLO
100
AcDbLine
 10
1508.0
 20
406.5999999999983
 30
0.0
 11
1508.0
 21
399.89999999999833
 31
0.0
  0
TEXT
  5
AFA
330
17
100
AcDbEntity
  8
42-TABLO
100
AcDbText
 10
1513.5
 20
403.2499999999983
 30
0.0
 40
2.05
  1
1
  7
TRK
 72
1
 11
1513.5
 21
403.2499999999983
 31
0.0
100
AcDbText
 73
2
  0
LINE
  5
AFB
330
17
100
AcDbEntity
  8
42-TABLO
100
AcDbLine
 10
1519.0
 20
406.5999999999983
 30
0.0
 11
1519.0
 21
399.89999999999833
 31
0.0
  0
TEXT
  5
AFC
330
17
100
AcDbEntity
  8
42-TABLO
100
AcDbText
 10
1524.5
 20
403.2499999999983
 30
0.0
 40
2.05
  1
1
  7
TRK
 72
1
 11
1524.5
 21
403.2499999999983
 31
0.0
100
AcDbText
 73
2
  0
LINE
  5
AFD
330
17
100
AcDbEntity
  8
42-TABLO
100
AcDbLine
 10
1530.0
 20
406.5999999999983
 30
0.0
 11
1530.0
 21
399.89999999999833
 31
0.0
  0
TEXT
  5
AFE
330
17
100
AcDbEntity
  8
42-TABLO
100
AcDbText
 10
1535.5
 20
403.2499999999983
 30
0.0
 40
2.05
  1
1
  7
TRK
 72
1
 11
1535.5
 21
403.2499999999983
 31
0.0
100
AcDbText
 73
2
  0
LINE
  5
AFF
330
17
100
AcDbEntity
  8
42-TABLO
100
AcDbLine
 10
1541.0
 20
406.5999999999983
 30
0.0
 11
1541.0
 21
399.89999999999833
 31
0.0
  0
TEXT
  5
B00
330
17
100
AcDbEntity
  8
42-TABLO
100
AcDbText
 10
1546.5
 20
403.2499999999983
 30
0.0
 40
2.05
  1
1
  7
TRK
 72
1
 11
1546.5
 21
403.2499999999983
 31
0.0
100
AcDbText
 73
2
  0
LINE
  5
B01
330
17
100
AcDbEntity
  8
42-TABLO
100
AcDbLine
 10
1552.0
 20
406.5999999999983
 30
0.0
 11
1552.0
 21
399.89999999999833
 31
0.0
  0
TEXT
  5
B02
330
17
100
AcDbEntity
  8
42-TABLO
100
AcDbText
 10
1557.5
 20
403.2499999999983
 30
0.0
 40
2.05
  1
1
  7
TRK
 72
1
 11
1557.5
 21
403.2499999999983
 31
0.0
100
AcDbText
 73
2
  0
LINE
  5
B03
330
17
100
AcDbEntity
  8
42-TABLO
100
AcDbLine
 10
1563.0
 20
406.5999999999983
 30
0.0
 11
1563.0
 21
399.89999999999833
 31
0.0
  0
TEXT
  5
B04
330
17
100
AcDbEntity
  8
42-TABLO
100
AcDbText
 10
1568.5
 20
403.2499999999983
 30
0.0
 40
2.05
  1

  7
TRK
 72
1
 11
1568.5
 21
403.2499999999983
 31
0.0
100
AcDbText
 73
2
  0
LINE
  5
B05
330
17
100
AcDbEntity
  8
42-TABLO
100
AcDbLine
 10
1574.0
 20
406.5999999999983
 30
0.0
 11
1574.0
 21
399.89999999999833
 31
0.0
  0
TEXT
  5
B06
330
17
100
AcDbEntity
  8
42-TABLO
100
AcDbText
 10
1581.0
 20
403.2499999999983
 30
0.0
 40
2.05
  1

  7
TRK
 72
1
 11
1581.0
 21
403.2499999999983
 31
0.0
100
AcDbText
 73
2
  0
LINE
  5
B07
330
17
100
AcDbEntity
  8
42-TABLO
100
AcDbLine
 10
1588.0
 20
406.5999999999983
 30
0.0
 11
1588.0
 21
399.89999999999833
 31
0.0
  0
TEXT
  5
B08
330
17
100
AcDbEntity
  8
42-TABLO
100
AcDbText
 10
1602.8
 20
403.2499999999983
 30
0.0
 40
2.05
  1
6
  7
TRK
 72
2
 11
1602.8
 21
403.2499999999983
 31
0.0
100
AcDbText
 73
2
  0
LINE
  5
B09
330
17
100
AcDbEntity
  8
42-TABLO
100
AcDbLine
 10
1604.0
 20
406.5999999999983
 30
0.0
 11
1604.0
 21
399.89999999999833
 31
0.0
  0
TEXT
  5
B0A
330
17
100
AcDbEntity
  8
42-TABLO
100
AcDbText
 10
1622.8
 20
403.2499999999983
 30
0.0
 40
2.05
  1

  7
TRK
 72
2
 11
1622.8
 21
403.2499999999983
 31
0.0
100
AcDbText
 73
2
  0
LINE
  5
B0B
330
17
100
AcDbEntity
  8
42-TABLO
100
AcDbLine
 10
1624.0
 20
406.5999999999983
 30
0.0
 11
1624.0
 21
399.89999999999833
 31
0.0
  0
TEXT
  5
B0C
330
17
100
AcDbEntity
  8
42-TABLO
100
AcDbText
 10
1644.8
 20
403.2499999999983
 30
0.0
 40
2.05
  1

  7
TRK
 72
2
 11
1644.8
 21
403.2499999999983
 31
0.0
100
AcDbText
 73
2
  0
LINE
  5
B0D
330
17
100
AcDbEntity
  8
42-TABLO
100
AcDbLine
 10
1646.0
 20
406.5999999999983
 30
0.0
 11
1646.0
 21
399.89999999999833
 31
0.0
  0
LINE
  5
B0E
330
17
100
AcDbEntity
  8
42-TABLO
100
AcDbLine
 10
1280.0
 20
399.89999999999833
 30
0.0
 11
1646.0
 21
399.89999999999833
 31
0.0
  0
LWPOLYLINE
  5
B0F
330
17
100
AcDbEntity
  8
43-TABLO-CERCEVE
100
AcDbPolyline
 90
4
 70
1
 10
1280.0
 20
393.19999999999834
 10
1646.0
 20
393.19999999999834
 10
1646.0
 20
399.89999999999833
 10
1280.0
 20
399.89999999999833
  0
TEXT
  5
B10
330
17
100
AcDbEntity
  8
42-TABLO
100
AcDbText
 10
1282.0
 20
396.5499999999983
 30
0.0
 40
2.214
  1
I. MONTAJ VE DÝÐER ÝÞLER
  7
TRKB
 11
1282.0
 21
396.5499999999983
 31
0.0
100
AcDbText
 73
2
  0
TEXT
  5
B11
330
17
100
AcDbEntity
  8
42-TABLO
100
AcDbText
 10
1284.5
 20
389.8499999999983
 30
0.0
 40
2.05
  1
51
  7
TRK
 72
1
 11
1284.5
 21
389.8499999999983
 31
0.0
100
AcDbText
 73
2
  0
LINE
  5
B12
330
17
100
AcDbEntity
  8
42-TABLO
100
AcDbLine
 10
1289.0
 20
393.19999999999834
 30
0.0
 11
1289.0
 21
386.49999999999835
 31
0.0
  0
TEXT
  5
B13
330
17
100
AcDbEntity
  8
42-TABLO
100
AcDbText
 10
1298.0
 20
389.8499999999983
 30
0.0
 40
2.05
  1

  7
TRK
 72
1
 11
1298.0
 21
389.8499999999983
 31
0.0
100
AcDbText
 73
2
  0
LINE
  5
B14
330
17
100
AcDbEntity
  8
42-TABLO
100
AcDbLine
 10
1307.0
 20
393.19999999999834
 30
0.0
 11
1307.0
 21
386.49999999999835
 31
0.0
  0
TEXT
  5
B15
330
17
100
AcDbEntity
  8
42-TABLO
100
AcDbText
 10
1308.2
 20
389.8499999999983
 30
0.0
 40
2.05
  1
K5'' tipi demir direk nakli, montajý ve dikimi (temele gömme, þakulüne alma)
  7
TRK
 11
1308.2
 21
389.8499999999983
 31
0.0
100
AcDbText
 73
2
  0
LINE
  5
B16
330
17
100
AcDbEntity
  8
42-TABLO
100
AcDbLine
 10
1485.0
 20
393.19999999999834
 30
0.0
 11
1485.0
 21
386.49999999999835
 31
0.0
  0
TEXT
  5
B17
330
17
100
AcDbEntity
  8
42-TABLO
100
AcDbText
 10
1491.0
 20
389.8499999999983
 30
0.0
 40
2.05
  1
Adet
  7
TRK
 72
1
 11
1491.0
 21
389.8499999999983
 31
0.0
100
AcDbText
 73
2
  0
LINE
  5
B18
330
17
100
AcDbEntity
  8
42-TABLO
100
AcDbLine
 10
1497.0
 20
393.19999999999834
 30
0.0
 11
1497.0
 21
386.49999999999835
 31
0.0
  0
TEXT
  5
B19
330
17
100
AcDbEntity
  8
42-TABLO
100
AcDbText
 10
1502.5
 20
389.8499999999983
 30
0.0
 40
2.05
  1
1
  7
TRK
 72
1
 11
1502.5
 21
389.8499999999983
 31
0.0
100
AcDbText
 73
2
  0
LINE
  5
B1A
330
17
100
AcDbEntity
  8
42-TABLO
100
AcDbLine
 10
1508.0
 20
393.19999999999834
 30
0.0
 11
1508.0
 21
386.49999999999835
 31
0.0
  0
TEXT
  5
B1B
330
17
100
AcDbEntity
  8
42-TABLO
100
AcDbText
 10
1513.5
 20
389.8499999999983
 30
0.0
 40
2.05
  1
1
  7
TRK
 72
1
 11
1513.5
 21
389.8499999999983
 31
0.0
100
AcDbText
 73
2
  0
LINE
  5
B1C
330
17
100
AcDbEntity
  8
42-TABLO
100
AcDbLine
 10
1519.0
 20
393.19999999999834
 30
0.0
 11
1519.0
 21
386.49999999999835
 31
0.0
  0
TEXT
  5
B1D
330
17
100
AcDbEntity
  8
42-TABLO
100
AcDbText
 10
1524.5
 20
389.8499999999983
 30
0.0
 40
2.05
  1

  7
TRK
 72
1
 11
1524.5
 21
389.8499999999983
 31
0.0
100
AcDbText
 73
2
  0
LINE
  5
B1E
330
17
100
AcDbEntity
  8
42-TABLO
100
AcDbLine
 10
1530.0
 20
393.19999999999834
 30
0.0
 11
1530.0
 21
386.49999999999835
 31
0.0
  0
TEXT
  5
B1F
330
17
100
AcDbEntity
  8
42-TABLO
100
AcDbText
 10
1535.5
 20
389.8499999999983
 30
0.0
 40
2.05
  1

  7
TRK
 72
1
 11
1535.5
 21
389.8499999999983
 31
0.0
100
AcDbText
 73
2
  0
LINE
  5
B20
330
17
100
AcDbEntity
  8
42-TABLO
100
AcDbLine
 10
1541.0
 20
393.19999999999834
 30
0.0
 11
1541.0
 21
386.49999999999835
 31
0.0
  0
TEXT
  5
B21
330
17
100
AcDbEntity
  8
42-TABLO
100
AcDbText
 10
1546.5
 20
389.8499999999983
 30
0.0
 40
2.05
  1
1
  7
TRK
 72
1
 11
1546.5
 21
389.8499999999983
 31
0.0
100
AcDbText
 73
2
  0
LINE
  5
B22
330
17
100
AcDbEntity
  8
42-TABLO
100
AcDbLine
 10
1552.0
 20
393.19999999999834
 30
0.0
 11
1552.0
 21
386.49999999999835
 31
0.0
  0
TEXT
  5
B23
330
17
100
AcDbEntity
  8
42-TABLO
100
AcDbText
 10
1557.5
 20
389.8499999999983
 30
0.0
 40
2.05
  1

  7
TRK
 72
1
 11
1557.5
 21
389.8499999999983
 31
0.0
100
AcDbText
 73
2
  0
LINE
  5
B24
330
17
100
AcDbEntity
  8
42-TABLO
100
AcDbLine
 10
1563.0
 20
393.19999999999834
 30
0.0
 11
1563.0
 21
386.49999999999835
 31
0.0
  0
TEXT
  5
B25
330
17
100
AcDbEntity
  8
42-TABLO
100
AcDbText
 10
1568.5
 20
389.8499999999983
 30
0.0
 40
2.05
  1

  7
TRK
 72
1
 11
1568.5
 21
389.8499999999983
 31
0.0
100
AcDbText
 73
2
  0
LINE
  5
B26
330
17
100
AcDbEntity
  8
42-TABLO
100
AcDbLine
 10
1574.0
 20
393.19999999999834
 30
0.0
 11
1574.0
 21
386.49999999999835
 31
0.0
  0
TEXT
  5
B27
330
17
100
AcDbEntity
  8
42-TABLO
100
AcDbText
 10
1581.0
 20
389.8499999999983
 30
0.0
 40
2.05
  1

  7
TRK
 72
1
 11
1581.0
 21
389.8499999999983
 31
0.0
100
AcDbText
 73
2
  0
LINE
  5
B28
330
17
100
AcDbEntity
  8
42-TABLO
100
AcDbLine
 10
1588.0
 20
393.19999999999834
 30
0.0
 11
1588.0
 21
386.49999999999835
 31
0.0
  0
TEXT
  5
B29
330
17
100
AcDbEntity
  8
42-TABLO
100
AcDbText
 10
1602.8
 20
389.8499999999983
 30
0.0
 40
2.05
  1
3
  7
TRK
 72
2
 11
1602.8
 21
389.8499999999983
 31
0.0
100
AcDbText
 73
2
  0
LINE
  5
B2A
330
17
100
AcDbEntity
  8
42-TABLO
100
AcDbLine
 10
1604.0
 20
393.19999999999834
 30
0.0
 11
1604.0
 21
386.49999999999835
 31
0.0
  0
TEXT
  5
B2B
330
17
100
AcDbEntity
  8
42-TABLO
100
AcDbText
 10
1622.8
 20
389.8499999999983
 30
0.0
 40
2.05
  1

  7
TRK
 72
2
 11
1622.8
 21
389.8499999999983
 31
0.0
100
AcDbText
 73
2
  0
LINE
  5
B2C
330
17
100
AcDbEntity
  8
42-TABLO
100
AcDbLine
 10
1624.0
 20
393.19999999999834
 30
0.0
 11
1624.0
 21
386.49999999999835
 31
0.0
  0
TEXT
  5
B2D
330
17
100
AcDbEntity
  8
42-TABLO
100
AcDbText
 10
1644.8
 20
389.8499999999983
 30
0.0
 40
2.05
  1

  7
TRK
 72
2
 11
1644.8
 21
389.8499999999983
 31
0.0
100
AcDbText
 73
2
  0
LINE
  5
B2E
330
17
100
AcDbEntity
  8
42-TABLO
100
AcDbLine
 10
1646.0
 20
393.19999999999834
 30
0.0
 11
1646.0
 21
386.49999999999835
 31
0.0
  0
LINE
  5
B2F
330
17
100
AcDbEntity
  8
42-TABLO
100
AcDbLine
 10
1280.0
 20
386.49999999999835
 30
0.0
 11
1646.0
 21
386.49999999999835
 31
0.0
  0
TEXT
  5
B30
330
17
100
AcDbEntity
  8
42-TABLO
100
AcDbText
 10
1284.5
 20
383.14999999999833
 30
0.0
 40
2.05
  1
52
  7
TRK
 72
1
 11
1284.5
 21
383.14999999999833
 31
0.0
100
AcDbText
 73
2
  0
LINE
  5
B31
330
17
100
AcDbEntity
  8
42-TABLO
100
AcDbLine
 10
1289.0
 20
386.49999999999835
 30
0.0
 11
1289.0
 21
379.79999999999836
 31
0.0
  0
TEXT
  5
B32
330
17
100
AcDbEntity
  8
42-TABLO
100
AcDbText
 10
1298.0
 20
383.14999999999833
 30
0.0
 40
2.05
  1

  7
TRK
 72
1
 11
1298.0
 21
383.14999999999833
 31
0.0
100
AcDbText
 73
2
  0
LINE
  5
B33
330
17
100
AcDbEntity
  8
42-TABLO
100
AcDbLine
 10
1307.0
 20
386.49999999999835
 30
0.0
 11
1307.0
 21
379.79999999999836
 31
0.0
  0
TEXT
  5
B34
330
17
100
AcDbEntity
  8
42-TABLO
100
AcDbText
 10
1308.2
 20
383.14999999999833
 30
0.0
 40
2.05
  1
K4'' tipi demir direk nakli, montajý ve dikimi (temele gömme, þakulüne alma)
  7
TRK
 11
1308.2
 21
383.14999999999833
 31
0.0
100
AcDbText
 73
2
  0
LINE
  5
B35
330
17
100
AcDbEntity
  8
42-TABLO
100
AcDbLine
 10
1485.0
 20
386.49999999999835
 30
0.0
 11
1485.0
 21
379.79999999999836
 31
0.0
  0
TEXT
  5
B36
330
17
100
AcDbEntity
  8
42-TABLO
100
AcDbText
 10
1491.0
 20
383.14999999999833
 30
0.0
 40
2.05
  1
Adet
  7
TRK
 72
1
 11
1491.0
 21
383.14999999999833
 31
0.0
100
AcDbText
 73
2
  0
LINE
  5
B37
330
17
100
AcDbEntity
  8
42-TABLO
100
AcDbLine
 10
1497.0
 20
386.49999999999835
 30
0.0
 11
1497.0
 21
379.79999999999836
 31
0.0
  0
TEXT
  5
B38
330
17
100
AcDbEntity
  8
42-TABLO
100
AcDbText
 10
1502.5
 20
383.14999999999833
 30
0.0
 40
2.05
  1

  7
TRK
 72
1
 11
1502.5
 21
383.14999999999833
 31
0.0
100
AcDbText
 73
2
  0
LINE
  5
B39
330
17
100
AcDbEntity
  8
42-TABLO
100
AcDbLine
 10
1508.0
 20
386.49999999999835
 30
0.0
 11
1508.0
 21
379.79999999999836
 31
0.0
  0
TEXT
  5
B3A
330
17
100
AcDbEntity
  8
42-TABLO
100
AcDbText
 10
1513.5
 20
383.14999999999833
 30
0.0
 40
2.05
  1

  7
TRK
 72
1
 11
1513.5
 21
383.14999999999833
 31
0.0
100
AcDbText
 73
2
  0
LINE
  5
B3B
330
17
100
AcDbEntity
  8
42-TABLO
100
AcDbLine
 10
1519.0
 20
386.49999999999835
 30
0.0
 11
1519.0
 21
379.79999999999836
 31
0.0
  0
TEXT
  5
B3C
330
17
100
AcDbEntity
  8
42-TABLO
100
AcDbText
 10
1524.5
 20
383.14999999999833
 30
0.0
 40
2.05
  1

  7
TRK
 72
1
 11
1524.5
 21
383.14999999999833
 31
0.0
100
AcDbText
 73
2
  0
LINE
  5
B3D
330
17
100
AcDbEntity
  8
42-TABLO
100
AcDbLine
 10
1530.0
 20
386.49999999999835
 30
0.0
 11
1530.0
 21
379.79999999999836
 31
0.0
  0
TEXT
  5
B3E
330
17
100
AcDbEntity
  8
42-TABLO
100
AcDbText
 10
1535.5
 20
383.14999999999833
 30
0.0
 40
2.05
  1

  7
TRK
 72
1
 11
1535.5
 21
383.14999999999833
 31
0.0
100
AcDbText
 73
2
  0
LINE
  5
B3F
330
17
100
AcDbEntity
  8
42-TABLO
100
AcDbLine
 10
1541.0
 20
386.49999999999835
 30
0.0
 11
1541.0
 21
379.79999999999836
 31
0.0
  0
TEXT
  5
B40
330
17
100
AcDbEntity
  8
42-TABLO
100
AcDbText
 10
1546.5
 20
383.14999999999833
 30
0.0
 40
2.05
  1

  7
TRK
 72
1
 11
1546.5
 21
383.14999999999833
 31
0.0
100
AcDbText
 73
2
  0
LINE
  5
B41
330
17
100
AcDbEntity
  8
42-TABLO
100
AcDbLine
 10
1552.0
 20
386.49999999999835
 30
0.0
 11
1552.0
 21
379.79999999999836
 31
0.0
  0
TEXT
  5
B42
330
17
100
AcDbEntity
  8
42-TABLO
100
AcDbText
 10
1557.5
 20
383.14999999999833
 30
0.0
 40
2.05
  1
1
  7
TRK
 72
1
 11
1557.5
 21
383.14999999999833
 31
0.0
100
AcDbText
 73
2
  0
LINE
  5
B43
330
17
100
AcDbEntity
  8
42-TABLO
100
AcDbLine
 10
1563.0
 20
386.49999999999835
 30
0.0
 11
1563.0
 21
379.79999999999836
 31
0.0
  0
TEXT
  5
B44
330
17
100
AcDbEntity
  8
42-TABLO
100
AcDbText
 10
1568.5
 20
383.14999999999833
 30
0.0
 40
2.05
  1

  7
TRK
 72
1
 11
1568.5
 21
383.14999999999833
 31
0.0
100
AcDbText
 73
2
  0
LINE
  5
B45
330
17
100
AcDbEntity
  8
42-TABLO
100
AcDbLine
 10
1574.0
 20
386.49999999999835
 30
0.0
 11
1574.0
 21
379.79999999999836
 31
0.0
  0
TEXT
  5
B46
330
17
100
AcDbEntity
  8
42-TABLO
100
AcDbText
 10
1581.0
 20
383.14999999999833
 30
0.0
 40
2.05
  1

  7
TRK
 72
1
 11
1581.0
 21
383.14999999999833
 31
0.0
100
AcDbText
 73
2
  0
LINE
  5
B47
330
17
100
AcDbEntity
  8
42-TABLO
100
AcDbLine
 10
1588.0
 20
386.49999999999835
 30
0.0
 11
1588.0
 21
379.79999999999836
 31
0.0
  0
TEXT
  5
B48
330
17
100
AcDbEntity
  8
42-TABLO
100
AcDbText
 10
1602.8
 20
383.14999999999833
 30
0.0
 40
2.05
  1
1
  7
TRK
 72
2
 11
1602.8
 21
383.14999999999833
 31
0.0
100
AcDbText
 73
2
  0
LINE
  5
B49
330
17
100
AcDbEntity
  8
42-TABLO
100
AcDbLine
 10
1604.0
 20
386.49999999999835
 30
0.0
 11
1604.0
 21
379.79999999999836
 31
0.0
  0
TEXT
  5
B4A
330
17
100
AcDbEntity
  8
42-TABLO
100
AcDbText
 10
1622.8
 20
383.14999999999833
 30
0.0
 40
2.05
  1

  7
TRK
 72
2
 11
1622.8
 21
383.14999999999833
 31
0.0
100
AcDbText
 73
2
  0
LINE
  5
B4B
330
17
100
AcDbEntity
  8
42-TABLO
100
AcDbLine
 10
1624.0
 20
386.49999999999835
 30
0.0
 11
1624.0
 21
379.79999999999836
 31
0.0
  0
TEXT
  5
B4C
330
17
100
AcDbEntity
  8
42-TABLO
100
AcDbText
 10
1644.8
 20
383.14999999999833
 30
0.0
 40
2.05
  1

  7
TRK
 72
2
 11
1644.8
 21
383.14999999999833
 31
0.0
100
AcDbText
 73
2
  0
LINE
  5
B4D
330
17
100
AcDbEntity
  8
42-TABLO
100
AcDbLine
 10
1646.0
 20
386.49999999999835
 30
0.0
 11
1646.0
 21
379.79999999999836
 31
0.0
  0
LINE
  5
B4E
330
17
100
AcDbEntity
  8
42-TABLO
100
AcDbLine
 10
1280.0
 20
379.79999999999836
 30
0.0
 11
1646.0
 21
379.79999999999836
 31
0.0
  0
TEXT
  5
B4F
330
17
100
AcDbEntity
  8
42-TABLO
100
AcDbText
 10
1284.5
 20
376.44999999999834
 30
0.0
 40
2.05
  1
53
  7
TRK
 72
1
 11
1284.5
 21
376.44999999999834
 31
0.0
100
AcDbText
 73
2
  0
LINE
  5
B50
330
17
100
AcDbEntity
  8
42-TABLO
100
AcDbLine
 10
1289.0
 20
379.79999999999836
 30
0.0
 11
1289.0
 21
373.0999999999984
 31
0.0
  0
TEXT
  5
B51
330
17
100
AcDbEntity
  8
42-TABLO
100
AcDbText
 10
1298.0
 20
376.44999999999834
 30
0.0
 40
2.05
  1

  7
TRK
 72
1
 11
1298.0
 21
376.44999999999834
 31
0.0
100
AcDbText
 73
2
  0
LINE
  5
B52
330
17
100
AcDbEntity
  8
42-TABLO
100
AcDbLine
 10
1307.0
 20
379.79999999999836
 30
0.0
 11
1307.0
 21
373.0999999999984
 31
0.0
  0
TEXT
  5
B53
330
17
100
AcDbEntity
  8
42-TABLO
100
AcDbText
 10
1308.2
 20
376.44999999999834
 30
0.0
 40
2.05
  1
12U'' tipi demir direk nakli, montajý ve dikimi (temele gömme, þakulüne alma)
  7
TRK
 11
1308.2
 21
376.44999999999834
 31
0.0
100
AcDbText
 73
2
  0
LINE
  5
B54
330
17
100
AcDbEntity
  8
42-TABLO
100
AcDbLine
 10
1485.0
 20
379.79999999999836
 30
0.0
 11
1485.0
 21
373.0999999999984
 31
0.0
  0
TEXT
  5
B55
330
17
100
AcDbEntity
  8
42-TABLO
100
AcDbText
 10
1491.0
 20
376.44999999999834
 30
0.0
 40
2.05
  1
Adet
  7
TRK
 72
1
 11
1491.0
 21
376.44999999999834
 31
0.0
100
AcDbText
 73
2
  0
LINE
  5
B56
330
17
100
AcDbEntity
  8
42-TABLO
100
AcDbLine
 10
1497.0
 20
379.79999999999836
 30
0.0
 11
1497.0
 21
373.0999999999984
 31
0.0
  0
TEXT
  5
B57
330
17
100
AcDbEntity
  8
42-TABLO
100
AcDbText
 10
1502.5
 20
376.44999999999834
 30
0.0
 40
2.05
  1

  7
TRK
 72
1
 11
1502.5
 21
376.44999999999834
 31
0.0
100
AcDbText
 73
2
  0
LINE
  5
B58
330
17
100
AcDbEntity
  8
42-TABLO
100
AcDbLine
 10
1508.0
 20
379.79999999999836
 30
0.0
 11
1508.0
 21
373.0999999999984
 31
0.0
  0
TEXT
  5
B59
330
17
100
AcDbEntity
  8
42-TABLO
100
AcDbText
 10
1513.5
 20
376.44999999999834
 30
0.0
 40
2.05
  1

  7
TRK
 72
1
 11
1513.5
 21
376.44999999999834
 31
0.0
100
AcDbText
 73
2
  0
LINE
  5
B5A
330
17
100
AcDbEntity
  8
42-TABLO
100
AcDbLine
 10
1519.0
 20
379.79999999999836
 30
0.0
 11
1519.0
 21
373.0999999999984
 31
0.0
  0
TEXT
  5
B5B
330
17
100
AcDbEntity
  8
42-TABLO
100
AcDbText
 10
1524.5
 20
376.44999999999834
 30
0.0
 40
2.05
  1
1
  7
TRK
 72
1
 11
1524.5
 21
376.44999999999834
 31
0.0
100
AcDbText
 73
2
  0
LINE
  5
B5C
330
17
100
AcDbEntity
  8
42-TABLO
100
AcDbLine
 10
1530.0
 20
379.79999999999836
 30
0.0
 11
1530.0
 21
373.0999999999984
 31
0.0
  0
TEXT
  5
B5D
330
17
100
AcDbEntity
  8
42-TABLO
100
AcDbText
 10
1535.5
 20
376.44999999999834
 30
0.0
 40
2.05
  1
1
  7
TRK
 72
1
 11
1535.5
 21
376.44999999999834
 31
0.0
100
AcDbText
 73
2
  0
LINE
  5
B5E
330
17
100
AcDbEntity
  8
42-TABLO
100
AcDbLine
 10
1541.0
 20
379.79999999999836
 30
0.0
 11
1541.0
 21
373.0999999999984
 31
0.0
  0
TEXT
  5
B5F
330
17
100
AcDbEntity
  8
42-TABLO
100
AcDbText
 10
1546.5
 20
376.44999999999834
 30
0.0
 40
2.05
  1

  7
TRK
 72
1
 11
1546.5
 21
376.44999999999834
 31
0.0
100
AcDbText
 73
2
  0
LINE
  5
B60
330
17
100
AcDbEntity
  8
42-TABLO
100
AcDbLine
 10
1552.0
 20
379.79999999999836
 30
0.0
 11
1552.0
 21
373.0999999999984
 31
0.0
  0
TEXT
  5
B61
330
17
100
AcDbEntity
  8
42-TABLO
100
AcDbText
 10
1557.5
 20
376.44999999999834
 30
0.0
 40
2.05
  1

  7
TRK
 72
1
 11
1557.5
 21
376.44999999999834
 31
0.0
100
AcDbText
 73
2
  0
LINE
  5
B62
330
17
100
AcDbEntity
  8
42-TABLO
100
AcDbLine
 10
1563.0
 20
379.79999999999836
 30
0.0
 11
1563.0
 21
373.0999999999984
 31
0.0
  0
TEXT
  5
B63
330
17
100
AcDbEntity
  8
42-TABLO
100
AcDbText
 10
1568.5
 20
376.44999999999834
 30
0.0
 40
2.05
  1

  7
TRK
 72
1
 11
1568.5
 21
376.44999999999834
 31
0.0
100
AcDbText
 73
2
  0
LINE
  5
B64
330
17
100
AcDbEntity
  8
42-TABLO
100
AcDbLine
 10
1574.0
 20
379.79999999999836
 30
0.0
 11
1574.0
 21
373.0999999999984
 31
0.0
  0
TEXT
  5
B65
330
17
100
AcDbEntity
  8
42-TABLO
100
AcDbText
 10
1581.0
 20
376.44999999999834
 30
0.0
 40
2.05
  1

  7
TRK
 72
1
 11
1581.0
 21
376.44999999999834
 31
0.0
100
AcDbText
 73
2
  0
LINE
  5
B66
330
17
100
AcDbEntity
  8
42-TABLO
100
AcDbLine
 10
1588.0
 20
379.79999999999836
 30
0.0
 11
1588.0
 21
373.0999999999984
 31
0.0
  0
TEXT
  5
B67
330
17
100
AcDbEntity
  8
42-TABLO
100
AcDbText
 10
1602.8
 20
376.44999999999834
 30
0.0
 40
2.05
  1
2
  7
TRK
 72
2
 11
1602.8
 21
376.44999999999834
 31
0.0
100
AcDbText
 73
2
  0
LINE
  5
B68
330
17
100
AcDbEntity
  8
42-TABLO
100
AcDbLine
 10
1604.0
 20
379.79999999999836
 30
0.0
 11
1604.0
 21
373.0999999999984
 31
0.0
  0
TEXT
  5
B69
330
17
100
AcDbEntity
  8
42-TABLO
100
AcDbText
 10
1622.8
 20
376.44999999999834
 30
0.0
 40
2.05
  1

  7
TRK
 72
2
 11
1622.8
 21
376.44999999999834
 31
0.0
100
AcDbText
 73
2
  0
LINE
  5
B6A
330
17
100
AcDbEntity
  8
42-TABLO
100
AcDbLine
 10
1624.0
 20
379.79999999999836
 30
0.0
 11
1624.0
 21
373.0999999999984
 31
0.0
  0
TEXT
  5
B6B
330
17
100
AcDbEntity
  8
42-TABLO
100
AcDbText
 10
1644.8
 20
376.44999999999834
 30
0.0
 40
2.05
  1

  7
TRK
 72
2
 11
1644.8
 21
376.44999999999834
 31
0.0
100
AcDbText
 73
2
  0
LINE
  5
B6C
330
17
100
AcDbEntity
  8
42-TABLO
100
AcDbLine
 10
1646.0
 20
379.79999999999836
 30
0.0
 11
1646.0
 21
373.0999999999984
 31
0.0
  0
LINE
  5
B6D
330
17
100
AcDbEntity
  8
42-TABLO
100
AcDbLine
 10
1280.0
 20
373.0999999999984
 30
0.0
 11
1646.0
 21
373.0999999999984
 31
0.0
  0
TEXT
  5
B6E
330
17
100
AcDbEntity
  8
42-TABLO
100
AcDbText
 10
1284.5
 20
369.74999999999835
 30
0.0
 40
2.05
  1
54
  7
TRK
 72
1
 11
1284.5
 21
369.74999999999835
 31
0.0
100
AcDbText
 73
2
  0
LINE
  5
B6F
330
17
100
AcDbEntity
  8
42-TABLO
100
AcDbLine
 10
1289.0
 20
373.0999999999984
 30
0.0
 11
1289.0
 21
366.3999999999984
 31
0.0
  0
TEXT
  5
B70
330
17
100
AcDbEntity
  8
42-TABLO
100
AcDbText
 10
1298.0
 20
369.74999999999835
 30
0.0
 40
2.05
  1

  7
TRK
 72
1
 11
1298.0
 21
369.74999999999835
 31
0.0
100
AcDbText
 73
2
  0
LINE
  5
B71
330
17
100
AcDbEntity
  8
42-TABLO
100
AcDbLine
 10
1307.0
 20
373.0999999999984
 30
0.0
 11
1307.0
 21
366.3999999999984
 31
0.0
  0
TEXT
  5
B72
330
17
100
AcDbEntity
  8
42-TABLO
100
AcDbText
 10
1308.2
 20
369.74999999999835
 30
0.0
 40
2.05
  1
OG potans/travers montajý
  7
TRK
 11
1308.2
 21
369.74999999999835
 31
0.0
100
AcDbText
 73
2
  0
LINE
  5
B73
330
17
100
AcDbEntity
  8
42-TABLO
100
AcDbLine
 10
1485.0
 20
373.0999999999984
 30
0.0
 11
1485.0
 21
366.3999999999984
 31
0.0
  0
TEXT
  5
B74
330
17
100
AcDbEntity
  8
42-TABLO
100
AcDbText
 10
1491.0
 20
369.74999999999835
 30
0.0
 40
2.05
  1
Adet
  7
TRK
 72
1
 11
1491.0
 21
369.74999999999835
 31
0.0
100
AcDbText
 73
2
  0
LINE
  5
B75
330
17
100
AcDbEntity
  8
42-TABLO
100
AcDbLine
 10
1497.0
 20
373.0999999999984
 30
0.0
 11
1497.0
 21
366.3999999999984
 31
0.0
  0
TEXT
  5
B76
330
17
100
AcDbEntity
  8
42-TABLO
100
AcDbText
 10
1502.5
 20
369.74999999999835
 30
0.0
 40
2.05
  1
1
  7
TRK
 72
1
 11
1502.5
 21
369.74999999999835
 31
0.0
100
AcDbText
 73
2
  0
LINE
  5
B77
330
17
100
AcDbEntity
  8
42-TABLO
100
AcDbLine
 10
1508.0
 20
373.0999999999984
 30
0.0
 11
1508.0
 21
366.3999999999984
 31
0.0
  0
TEXT
  5
B78
330
17
100
AcDbEntity
  8
42-TABLO
100
AcDbText
 10
1513.5
 20
369.74999999999835
 30
0.0
 40
2.05
  1
1
  7
TRK
 72
1
 11
1513.5
 21
369.74999999999835
 31
0.0
100
AcDbText
 73
2
  0
LINE
  5
B79
330
17
100
AcDbEntity
  8
42-TABLO
100
AcDbLine
 10
1519.0
 20
373.0999999999984
 30
0.0
 11
1519.0
 21
366.3999999999984
 31
0.0
  0
TEXT
  5
B7A
330
17
100
AcDbEntity
  8
42-TABLO
100
AcDbText
 10
1524.5
 20
369.74999999999835
 30
0.0
 40
2.05
  1
1
  7
TRK
 72
1
 11
1524.5
 21
369.74999999999835
 31
0.0
100
AcDbText
 73
2
  0
LINE
  5
B7B
330
17
100
AcDbEntity
  8
42-TABLO
100
AcDbLine
 10
1530.0
 20
373.0999999999984
 30
0.0
 11
1530.0
 21
366.3999999999984
 31
0.0
  0
TEXT
  5
B7C
330
17
100
AcDbEntity
  8
42-TABLO
100
AcDbText
 10
1535.5
 20
369.74999999999835
 30
0.0
 40
2.05
  1
1
  7
TRK
 72
1
 11
1535.5
 21
369.74999999999835
 31
0.0
100
AcDbText
 73
2
  0
LINE
  5
B7D
330
17
100
AcDbEntity
  8
42-TABLO
100
AcDbLine
 10
1541.0
 20
373.0999999999984
 30
0.0
 11
1541.0
 21
366.3999999999984
 31
0.0
  0
TEXT
  5
B7E
330
17
100
AcDbEntity
  8
42-TABLO
100
AcDbText
 10
1546.5
 20
369.74999999999835
 30
0.0
 40
2.05
  1
1
  7
TRK
 72
1
 11
1546.5
 21
369.74999999999835
 31
0.0
100
AcDbText
 73
2
  0
LINE
  5
B7F
330
17
100
AcDbEntity
  8
42-TABLO
100
AcDbLine
 10
1552.0
 20
373.0999999999984
 30
0.0
 11
1552.0
 21
366.3999999999984
 31
0.0
  0
TEXT
  5
B80
330
17
100
AcDbEntity
  8
42-TABLO
100
AcDbText
 10
1557.5
 20
369.74999999999835
 30
0.0
 40
2.05
  1
1
  7
TRK
 72
1
 11
1557.5
 21
369.74999999999835
 31
0.0
100
AcDbText
 73
2
  0
LINE
  5
B81
330
17
100
AcDbEntity
  8
42-TABLO
100
AcDbLine
 10
1563.0
 20
373.0999999999984
 30
0.0
 11
1563.0
 21
366.3999999999984
 31
0.0
  0
TEXT
  5
B82
330
17
100
AcDbEntity
  8
42-TABLO
100
AcDbText
 10
1568.5
 20
369.74999999999835
 30
0.0
 40
2.05
  1

  7
TRK
 72
1
 11
1568.5
 21
369.74999999999835
 31
0.0
100
AcDbText
 73
2
  0
LINE
  5
B83
330
17
100
AcDbEntity
  8
42-TABLO
100
AcDbLine
 10
1574.0
 20
373.0999999999984
 30
0.0
 11
1574.0
 21
366.3999999999984
 31
0.0
  0
TEXT
  5
B84
330
17
100
AcDbEntity
  8
42-TABLO
100
AcDbText
 10
1581.0
 20
369.74999999999835
 30
0.0
 40
2.05
  1

  7
TRK
 72
1
 11
1581.0
 21
369.74999999999835
 31
0.0
100
AcDbText
 73
2
  0
LINE
  5
B85
330
17
100
AcDbEntity
  8
42-TABLO
100
AcDbLine
 10
1588.0
 20
373.0999999999984
 30
0.0
 11
1588.0
 21
366.3999999999984
 31
0.0
  0
TEXT
  5
B86
330
17
100
AcDbEntity
  8
42-TABLO
100
AcDbText
 10
1602.8
 20
369.74999999999835
 30
0.0
 40
2.05
  1
6
  7
TRK
 72
2
 11
1602.8
 21
369.74999999999835
 31
0.0
100
AcDbText
 73
2
  0
LINE
  5
B87
330
17
100
AcDbEntity
  8
42-TABLO
100
AcDbLine
 10
1604.0
 20
373.0999999999984
 30
0.0
 11
1604.0
 21
366.3999999999984
 31
0.0
  0
TEXT
  5
B88
330
17
100
AcDbEntity
  8
42-TABLO
100
AcDbText
 10
1622.8
 20
369.74999999999835
 30
0.0
 40
2.05
  1

  7
TRK
 72
2
 11
1622.8
 21
369.74999999999835
 31
0.0
100
AcDbText
 73
2
  0
LINE
  5
B89
330
17
100
AcDbEntity
  8
42-TABLO
100
AcDbLine
 10
1624.0
 20
373.0999999999984
 30
0.0
 11
1624.0
 21
366.3999999999984
 31
0.0
  0
TEXT
  5
B8A
330
17
100
AcDbEntity
  8
42-TABLO
100
AcDbText
 10
1644.8
 20
369.74999999999835
 30
0.0
 40
2.05
  1

  7
TRK
 72
2
 11
1644.8
 21
369.74999999999835
 31
0.0
100
AcDbText
 73
2
  0
LINE
  5
B8B
330
17
100
AcDbEntity
  8
42-TABLO
100
AcDbLine
 10
1646.0
 20
373.0999999999984
 30
0.0
 11
1646.0
 21
366.3999999999984
 31
0.0
  0
LINE
  5
B8C
330
17
100
AcDbEntity
  8
42-TABLO
100
AcDbLine
 10
1280.0
 20
366.3999999999984
 30
0.0
 11
1646.0
 21
366.3999999999984
 31
0.0
  0
TEXT
  5
B8D
330
17
100
AcDbEntity
  8
42-TABLO
100
AcDbText
 10
1284.5
 20
363.04999999999836
 30
0.0
 40
2.05
  1
55
  7
TRK
 72
1
 11
1284.5
 21
363.04999999999836
 31
0.0
100
AcDbText
 73
2
  0
LINE
  5
B8E
330
17
100
AcDbEntity
  8
42-TABLO
100
AcDbLine
 10
1289.0
 20
366.3999999999984
 30
0.0
 11
1289.0
 21
359.6999999999984
 31
0.0
  0
TEXT
  5
B8F
330
17
100
AcDbEntity
  8
42-TABLO
100
AcDbText
 10
1298.0
 20
363.04999999999836
 30
0.0
 40
2.05
  1

  7
TRK
 72
1
 11
1298.0
 21
363.04999999999836
 31
0.0
100
AcDbText
 73
2
  0
LINE
  5
B90
330
17
100
AcDbEntity
  8
42-TABLO
100
AcDbLine
 10
1307.0
 20
366.3999999999984
 30
0.0
 11
1307.0
 21
359.6999999999984
 31
0.0
  0
TEXT
  5
B91
330
17
100
AcDbEntity
  8
42-TABLO
100
AcDbText
 10
1308.2
 20
363.04999999999836
 30
0.0
 40
2.05
  1
OG gergi izolatör takýmý montajý (izolatör + klemens + baðlantý)
  7
TRK
 11
1308.2
 21
363.04999999999836
 31
0.0
100
AcDbText
 73
2
  0
LINE
  5
B92
330
17
100
AcDbEntity
  8
42-TABLO
100
AcDbLine
 10
1485.0
 20
366.3999999999984
 30
0.0
 11
1485.0
 21
359.6999999999984
 31
0.0
  0
TEXT
  5
B93
330
17
100
AcDbEntity
  8
42-TABLO
100
AcDbText
 10
1491.0
 20
363.04999999999836
 30
0.0
 40
2.05
  1
Takým
  7
TRK
 72
1
 11
1491.0
 21
363.04999999999836
 31
0.0
100
AcDbText
 73
2
  0
LINE
  5
B94
330
17
100
AcDbEntity
  8
42-TABLO
100
AcDbLine
 10
1497.0
 20
366.3999999999984
 30
0.0
 11
1497.0
 21
359.6999999999984
 31
0.0
  0
TEXT
  5
B95
330
17
100
AcDbEntity
  8
42-TABLO
100
AcDbText
 10
1502.5
 20
363.04999999999836
 30
0.0
 40
2.05
  1
6
  7
TRK
 72
1
 11
1502.5
 21
363.04999999999836
 31
0.0
100
AcDbText
 73
2
  0
LINE
  5
B96
330
17
100
AcDbEntity
  8
42-TABLO
100
AcDbLine
 10
1508.0
 20
366.3999999999984
 30
0.0
 11
1508.0
 21
359.6999999999984
 31
0.0
  0
TEXT
  5
B97
330
17
100
AcDbEntity
  8
42-TABLO
100
AcDbText
 10
1513.5
 20
363.04999999999836
 30
0.0
 40
2.05
  1
6
  7
TRK
 72
1
 11
1513.5
 21
363.04999999999836
 31
0.0
100
AcDbText
 73
2
  0
LINE
  5
B98
330
17
100
AcDbEntity
  8
42-TABLO
100
AcDbLine
 10
1519.0
 20
366.3999999999984
 30
0.0
 11
1519.0
 21
359.6999999999984
 31
0.0
  0
TEXT
  5
B99
330
17
100
AcDbEntity
  8
42-TABLO
100
AcDbText
 10
1524.5
 20
363.04999999999836
 30
0.0
 40
2.05
  1

  7
TRK
 72
1
 11
1524.5
 21
363.04999999999836
 31
0.0
100
AcDbText
 73
2
  0
LINE
  5
B9A
330
17
100
AcDbEntity
  8
42-TABLO
100
AcDbLine
 10
1530.0
 20
366.3999999999984
 30
0.0
 11
1530.0
 21
359.6999999999984
 31
0.0
  0
TEXT
  5
B9B
330
17
100
AcDbEntity
  8
42-TABLO
100
AcDbText
 10
1535.5
 20
363.04999999999836
 30
0.0
 40
2.05
  1

  7
TRK
 72
1
 11
1535.5
 21
363.04999999999836
 31
0.0
100
AcDbText
 73
2
  0
LINE
  5
B9C
330
17
100
AcDbEntity
  8
42-TABLO
100
AcDbLine
 10
1541.0
 20
366.3999999999984
 30
0.0
 11
1541.0
 21
359.6999999999984
 31
0.0
  0
TEXT
  5
B9D
330
17
100
AcDbEntity
  8
42-TABLO
100
AcDbText
 10
1546.5
 20
363.04999999999836
 30
0.0
 40
2.05
  1
6
  7
TRK
 72
1
 11
1546.5
 21
363.04999999999836
 31
0.0
100
AcDbText
 73
2
  0
LINE
  5
B9E
330
17
100
AcDbEntity
  8
42-TABLO
100
AcDbLine
 10
1552.0
 20
366.3999999999984
 30
0.0
 11
1552.0
 21
359.6999999999984
 31
0.0
  0
TEXT
  5
B9F
330
17
100
AcDbEntity
  8
42-TABLO
100
AcDbText
 10
1557.5
 20
363.04999999999836
 30
0.0
 40
2.05
  1
3
  7
TRK
 72
1
 11
1557.5
 21
363.04999999999836
 31
0.0
100
AcDbText
 73
2
  0
LINE
  5
BA0
330
17
100
AcDbEntity
  8
42-TABLO
100
AcDbLine
 10
1563.0
 20
366.3999999999984
 30
0.0
 11
1563.0
 21
359.6999999999984
 31
0.0
  0
TEXT
  5
BA1
330
17
100
AcDbEntity
  8
42-TABLO
100
AcDbText
 10
1568.5
 20
363.04999999999836
 30
0.0
 40
2.05
  1
3
  7
TRK
 72
1
 11
1568.5
 21
363.04999999999836
 31
0.0
100
AcDbText
 73
2
  0
LINE
  5
BA2
330
17
100
AcDbEntity
  8
42-TABLO
100
AcDbLine
 10
1574.0
 20
366.3999999999984
 30
0.0
 11
1574.0
 21
359.6999999999984
 31
0.0
  0
TEXT
  5
BA3
330
17
100
AcDbEntity
  8
42-TABLO
100
AcDbText
 10
1581.0
 20
363.04999999999836
 30
0.0
 40
2.05
  1

  7
TRK
 72
1
 11
1581.0
 21
363.04999999999836
 31
0.0
100
AcDbText
 73
2
  0
LINE
  5
BA4
330
17
100
AcDbEntity
  8
42-TABLO
100
AcDbLine
 10
1588.0
 20
366.3999999999984
 30
0.0
 11
1588.0
 21
359.6999999999984
 31
0.0
  0
TEXT
  5
BA5
330
17
100
AcDbEntity
  8
42-TABLO
100
AcDbText
 10
1602.8
 20
363.04999999999836
 30
0.0
 40
2.05
  1
24
  7
TRK
 72
2
 11
1602.8
 21
363.04999999999836
 31
0.0
100
AcDbText
 73
2
  0
LINE
  5
BA6
330
17
100
AcDbEntity
  8
42-TABLO
100
AcDbLine
 10
1604.0
 20
366.3999999999984
 30
0.0
 11
1604.0
 21
359.6999999999984
 31
0.0
  0
TEXT
  5
BA7
330
17
100
AcDbEntity
  8
42-TABLO
100
AcDbText
 10
1622.8
 20
363.04999999999836
 30
0.0
 40
2.05
  1

  7
TRK
 72
2
 11
1622.8
 21
363.04999999999836
 31
0.0
100
AcDbText
 73
2
  0
LINE
  5
BA8
330
17
100
AcDbEntity
  8
42-TABLO
100
AcDbLine
 10
1624.0
 20
366.3999999999984
 30
0.0
 11
1624.0
 21
359.6999999999984
 31
0.0
  0
TEXT
  5
BA9
330
17
100
AcDbEntity
  8
42-TABLO
100
AcDbText
 10
1644.8
 20
363.04999999999836
 30
0.0
 40
2.05
  1

  7
TRK
 72
2
 11
1644.8
 21
363.04999999999836
 31
0.0
100
AcDbText
 73
2
  0
LINE
  5
BAA
330
17
100
AcDbEntity
  8
42-TABLO
100
AcDbLine
 10
1646.0
 20
366.3999999999984
 30
0.0
 11
1646.0
 21
359.6999999999984
 31
0.0
  0
LINE
  5
BAB
330
17
100
AcDbEntity
  8
42-TABLO
100
AcDbLine
 10
1280.0
 20
359.6999999999984
 30
0.0
 11
1646.0
 21
359.6999999999984
 31
0.0
  0
TEXT
  5
BAC
330
17
100
AcDbEntity
  8
42-TABLO
100
AcDbText
 10
1284.5
 20
356.3499999999984
 30
0.0
 40
2.05
  1
56
  7
TRK
 72
1
 11
1284.5
 21
356.3499999999984
 31
0.0
100
AcDbText
 73
2
  0
LINE
  5
BAD
330
17
100
AcDbEntity
  8
42-TABLO
100
AcDbLine
 10
1289.0
 20
359.6999999999984
 30
0.0
 11
1289.0
 21
352.9999999999984
 31
0.0
  0
TEXT
  5
BAE
330
17
100
AcDbEntity
  8
42-TABLO
100
AcDbText
 10
1298.0
 20
356.3499999999984
 30
0.0
 40
2.05
  1

  7
TRK
 72
1
 11
1298.0
 21
356.3499999999984
 31
0.0
100
AcDbText
 73
2
  0
LINE
  5
BAF
330
17
100
AcDbEntity
  8
42-TABLO
100
AcDbLine
 10
1307.0
 20
359.6999999999984
 30
0.0
 11
1307.0
 21
352.9999999999984
 31
0.0
  0
TEXT
  5
BB0
330
17
100
AcDbEntity
  8
42-TABLO
100
AcDbText
 10
1308.2
 20
356.3499999999984
 30
0.0
 40
2.05
  1
OG mesnet izolatörü montajý
  7
TRK
 11
1308.2
 21
356.3499999999984
 31
0.0
100
AcDbText
 73
2
  0
LINE
  5
BB1
330
17
100
AcDbEntity
  8
42-TABLO
100
AcDbLine
 10
1485.0
 20
359.6999999999984
 30
0.0
 11
1485.0
 21
352.9999999999984
 31
0.0
  0
TEXT
  5
BB2
330
17
100
AcDbEntity
  8
42-TABLO
100
AcDbText
 10
1491.0
 20
356.3499999999984
 30
0.0
 40
2.05
  1
Adet
  7
TRK
 72
1
 11
1491.0
 21
356.3499999999984
 31
0.0
100
AcDbText
 73
2
  0
LINE
  5
BB3
330
17
100
AcDbEntity
  8
42-TABLO
100
AcDbLine
 10
1497.0
 20
359.6999999999984
 30
0.0
 11
1497.0
 21
352.9999999999984
 31
0.0
  0
TEXT
  5
BB4
330
17
100
AcDbEntity
  8
42-TABLO
100
AcDbText
 10
1502.5
 20
356.3499999999984
 30
0.0
 40
2.05
  1

  7
TRK
 72
1
 11
1502.5
 21
356.3499999999984
 31
0.0
100
AcDbText
 73
2
  0
LINE
  5
BB5
330
17
100
AcDbEntity
  8
42-TABLO
100
AcDbLine
 10
1508.0
 20
359.6999999999984
 30
0.0
 11
1508.0
 21
352.9999999999984
 31
0.0
  0
TEXT
  5
BB6
330
17
100
AcDbEntity
  8
42-TABLO
100
AcDbText
 10
1513.5
 20
356.3499999999984
 30
0.0
 40
2.05
  1
1
  7
TRK
 72
1
 11
1513.5
 21
356.3499999999984
 31
0.0
100
AcDbText
 73
2
  0
LINE
  5
BB7
330
17
100
AcDbEntity
  8
42-TABLO
100
AcDbLine
 10
1519.0
 20
359.6999999999984
 30
0.0
 11
1519.0
 21
352.9999999999984
 31
0.0
  0
TEXT
  5
BB8
330
17
100
AcDbEntity
  8
42-TABLO
100
AcDbText
 10
1524.5
 20
356.3499999999984
 30
0.0
 40
2.05
  1
3
  7
TRK
 72
1
 11
1524.5
 21
356.3499999999984
 31
0.0
100
AcDbText
 73
2
  0
LINE
  5
BB9
330
17
100
AcDbEntity
  8
42-TABLO
100
AcDbLine
 10
1530.0
 20
359.6999999999984
 30
0.0
 11
1530.0
 21
352.9999999999984
 31
0.0
  0
TEXT
  5
BBA
330
17
100
AcDbEntity
  8
42-TABLO
100
AcDbText
 10
1535.5
 20
356.3499999999984
 30
0.0
 40
2.05
  1
3
  7
TRK
 72
1
 11
1535.5
 21
356.3499999999984
 31
0.0
100
AcDbText
 73
2
  0
LINE
  5
BBB
330
17
100
AcDbEntity
  8
42-TABLO
100
AcDbLine
 10
1541.0
 20
359.6999999999984
 30
0.0
 11
1541.0
 21
352.9999999999984
 31
0.0
  0
TEXT
  5
BBC
330
17
100
AcDbEntity
  8
42-TABLO
100
AcDbText
 10
1546.5
 20
356.3499999999984
 30
0.0
 40
2.05
  1
1
  7
TRK
 72
1
 11
1546.5
 21
356.3499999999984
 31
0.0
100
AcDbText
 73
2
  0
LINE
  5
BBD
330
17
100
AcDbEntity
  8
42-TABLO
100
AcDbLine
 10
1552.0
 20
359.6999999999984
 30
0.0
 11
1552.0
 21
352.9999999999984
 31
0.0
  0
TEXT
  5
BBE
330
17
100
AcDbEntity
  8
42-TABLO
100
AcDbText
 10
1557.5
 20
356.3499999999984
 30
0.0
 40
2.05
  1

  7
TRK
 72
1
 11
1557.5
 21
356.3499999999984
 31
0.0
100
AcDbText
 73
2
  0
LINE
  5
BBF
330
17
100
AcDbEntity
  8
42-TABLO
100
AcDbLine
 10
1563.0
 20
359.6999999999984
 30
0.0
 11
1563.0
 21
352.9999999999984
 31
0.0
  0
TEXT
  5
BC0
330
17
100
AcDbEntity
  8
42-TABLO
100
AcDbText
 10
1568.5
 20
356.3499999999984
 30
0.0
 40
2.05
  1

  7
TRK
 72
1
 11
1568.5
 21
356.3499999999984
 31
0.0
100
AcDbText
 73
2
  0
LINE
  5
BC1
330
17
100
AcDbEntity
  8
42-TABLO
100
AcDbLine
 10
1574.0
 20
359.6999999999984
 30
0.0
 11
1574.0
 21
352.9999999999984
 31
0.0
  0
TEXT
  5
BC2
330
17
100
AcDbEntity
  8
42-TABLO
100
AcDbText
 10
1581.0
 20
356.3499999999984
 30
0.0
 40
2.05
  1

  7
TRK
 72
1
 11
1581.0
 21
356.3499999999984
 31
0.0
100
AcDbText
 73
2
  0
LINE
  5
BC3
330
17
100
AcDbEntity
  8
42-TABLO
100
AcDbLine
 10
1588.0
 20
359.6999999999984
 30
0.0
 11
1588.0
 21
352.9999999999984
 31
0.0
  0
TEXT
  5
BC4
330
17
100
AcDbEntity
  8
42-TABLO
100
AcDbText
 10
1602.8
 20
356.3499999999984
 30
0.0
 40
2.05
  1
8
  7
TRK
 72
2
 11
1602.8
 21
356.3499999999984
 31
0.0
100
AcDbText
 73
2
  0
LINE
  5
BC5
330
17
100
AcDbEntity
  8
42-TABLO
100
AcDbLine
 10
1604.0
 20
359.6999999999984
 30
0.0
 11
1604.0
 21
352.9999999999984
 31
0.0
  0
TEXT
  5
BC6
330
17
100
AcDbEntity
  8
42-TABLO
100
AcDbText
 10
1622.8
 20
356.3499999999984
 30
0.0
 40
2.05
  1

  7
TRK
 72
2
 11
1622.8
 21
356.3499999999984
 31
0.0
100
AcDbText
 73
2
  0
LINE
  5
BC7
330
17
100
AcDbEntity
  8
42-TABLO
100
AcDbLine
 10
1624.0
 20
359.6999999999984
 30
0.0
 11
1624.0
 21
352.9999999999984
 31
0.0
  0
TEXT
  5
BC8
330
17
100
AcDbEntity
  8
42-TABLO
100
AcDbText
 10
1644.8
 20
356.3499999999984
 30
0.0
 40
2.05
  1

  7
TRK
 72
2
 11
1644.8
 21
356.3499999999984
 31
0.0
100
AcDbText
 73
2
  0
LINE
  5
BC9
330
17
100
AcDbEntity
  8
42-TABLO
100
AcDbLine
 10
1646.0
 20
359.6999999999984
 30
0.0
 11
1646.0
 21
352.9999999999984
 31
0.0
  0
LINE
  5
BCA
330
17
100
AcDbEntity
  8
42-TABLO
100
AcDbLine
 10
1280.0
 20
352.9999999999984
 30
0.0
 11
1646.0
 21
352.9999999999984
 31
0.0
  0
TEXT
  5
BCB
330
17
100
AcDbEntity
  8
42-TABLO
100
AcDbText
 10
1284.5
 20
349.6499999999984
 30
0.0
 40
2.05
  1
57
  7
TRK
 72
1
 11
1284.5
 21
349.6499999999984
 31
0.0
100
AcDbText
 73
2
  0
LINE
  5
BCC
330
17
100
AcDbEntity
  8
42-TABLO
100
AcDbLine
 10
1289.0
 20
352.9999999999984
 30
0.0
 11
1289.0
 21
346.2999999999984
 31
0.0
  0
TEXT
  5
BCD
330
17
100
AcDbEntity
  8
42-TABLO
100
AcDbText
 10
1298.0
 20
349.6499999999984
 30
0.0
 40
2.05
  1

  7
TRK
 72
1
 11
1298.0
 21
349.6499999999984
 31
0.0
100
AcDbText
 73
2
  0
LINE
  5
BCE
330
17
100
AcDbEntity
  8
42-TABLO
100
AcDbLine
 10
1307.0
 20
352.9999999999984
 30
0.0
 11
1307.0
 21
346.2999999999984
 31
0.0
  0
TEXT
  5
BCF
330
17
100
AcDbEntity
  8
42-TABLO
100
AcDbText
 10
1308.2
 20
349.6499999999984
 30
0.0
 40
2.05
  1
3/0 AWG Pigeon iletken çekimi, germe ve sehim ayarý (3 faz)
  7
TRK
 11
1308.2
 21
349.6499999999984
 31
0.0
100
AcDbText
 73
2
  0
LINE
  5
BD0
330
17
100
AcDbEntity
  8
42-TABLO
100
AcDbLine
 10
1485.0
 20
352.9999999999984
 30
0.0
 11
1485.0
 21
346.2999999999984
 31
0.0
  0
TEXT
  5
BD1
330
17
100
AcDbEntity
  8
42-TABLO
100
AcDbText
 10
1491.0
 20
349.6499999999984
 30
0.0
 40
2.05
  1
Hat-m
  7
TRK
 72
1
 11
1491.0
 21
349.6499999999984
 31
0.0
100
AcDbText
 73
2
  0
LINE
  5
BD2
330
17
100
AcDbEntity
  8
42-TABLO
100
AcDbLine
 10
1497.0
 20
352.9999999999984
 30
0.0
 11
1497.0
 21
346.2999999999984
 31
0.0
  0
TEXT
  5
BD3
330
17
100
AcDbEntity
  8
42-TABLO
100
AcDbText
 10
1502.5
 20
349.6499999999984
 30
0.0
 40
2.05
  1

  7
TRK
 72
1
 11
1502.5
 21
349.6499999999984
 31
0.0
100
AcDbText
 73
2
  0
LINE
  5
BD4
330
17
100
AcDbEntity
  8
42-TABLO
100
AcDbLine
 10
1508.0
 20
352.9999999999984
 30
0.0
 11
1508.0
 21
346.2999999999984
 31
0.0
  0
TEXT
  5
BD5
330
17
100
AcDbEntity
  8
42-TABLO
100
AcDbText
 10
1513.5
 20
349.6499999999984
 30
0.0
 40
2.05
  1

  7
TRK
 72
1
 11
1513.5
 21
349.6499999999984
 31
0.0
100
AcDbText
 73
2
  0
LINE
  5
BD6
330
17
100
AcDbEntity
  8
42-TABLO
100
AcDbLine
 10
1519.0
 20
352.9999999999984
 30
0.0
 11
1519.0
 21
346.2999999999984
 31
0.0
  0
TEXT
  5
BD7
330
17
100
AcDbEntity
  8
42-TABLO
100
AcDbText
 10
1524.5
 20
349.6499999999984
 30
0.0
 40
2.05
  1

  7
TRK
 72
1
 11
1524.5
 21
349.6499999999984
 31
0.0
100
AcDbText
 73
2
  0
LINE
  5
BD8
330
17
100
AcDbEntity
  8
42-TABLO
100
AcDbLine
 10
1530.0
 20
352.9999999999984
 30
0.0
 11
1530.0
 21
346.2999999999984
 31
0.0
  0
TEXT
  5
BD9
330
17
100
AcDbEntity
  8
42-TABLO
100
AcDbText
 10
1535.5
 20
349.6499999999984
 30
0.0
 40
2.05
  1

  7
TRK
 72
1
 11
1535.5
 21
349.6499999999984
 31
0.0
100
AcDbText
 73
2
  0
LINE
  5
BDA
330
17
100
AcDbEntity
  8
42-TABLO
100
AcDbLine
 10
1541.0
 20
352.9999999999984
 30
0.0
 11
1541.0
 21
346.2999999999984
 31
0.0
  0
TEXT
  5
BDB
330
17
100
AcDbEntity
  8
42-TABLO
100
AcDbText
 10
1546.5
 20
349.6499999999984
 30
0.0
 40
2.05
  1

  7
TRK
 72
1
 11
1546.5
 21
349.6499999999984
 31
0.0
100
AcDbText
 73
2
  0
LINE
  5
BDC
330
17
100
AcDbEntity
  8
42-TABLO
100
AcDbLine
 10
1552.0
 20
352.9999999999984
 30
0.0
 11
1552.0
 21
346.2999999999984
 31
0.0
  0
TEXT
  5
BDD
330
17
100
AcDbEntity
  8
42-TABLO
100
AcDbText
 10
1557.5
 20
349.6499999999984
 30
0.0
 40
2.05
  1

  7
TRK
 72
1
 11
1557.5
 21
349.6499999999984
 31
0.0
100
AcDbText
 73
2
  0
LINE
  5
BDE
330
17
100
AcDbEntity
  8
42-TABLO
100
AcDbLine
 10
1563.0
 20
352.9999999999984
 30
0.0
 11
1563.0
 21
346.2999999999984
 31
0.0
  0
TEXT
  5
BDF
330
17
100
AcDbEntity
  8
42-TABLO
100
AcDbText
 10
1568.5
 20
349.6499999999984
 30
0.0
 40
2.05
  1

  7
TRK
 72
1
 11
1568.5
 21
349.6499999999984
 31
0.0
100
AcDbText
 73
2
  0
LINE
  5
BE0
330
17
100
AcDbEntity
  8
42-TABLO
100
AcDbLine
 10
1574.0
 20
352.9999999999984
 30
0.0
 11
1574.0
 21
346.2999999999984
 31
0.0
  0
TEXT
  5
BE1
330
17
100
AcDbEntity
  8
42-TABLO
100
AcDbText
 10
1581.0
 20
349.6499999999984
 30
0.0
 40
2.05
  1
275
  7
TRK
 72
1
 11
1581.0
 21
349.6499999999984
 31
0.0
100
AcDbText
 73
2
  0
LINE
  5
BE2
330
17
100
AcDbEntity
  8
42-TABLO
100
AcDbLine
 10
1588.0
 20
352.9999999999984
 30
0.0
 11
1588.0
 21
346.2999999999984
 31
0.0
  0
TEXT
  5
BE3
330
17
100
AcDbEntity
  8
42-TABLO
100
AcDbText
 10
1602.8
 20
349.6499999999984
 30
0.0
 40
2.05
  1
275
  7
TRK
 72
2
 11
1602.8
 21
349.6499999999984
 31
0.0
100
AcDbText
 73
2
  0
LINE
  5
BE4
330
17
100
AcDbEntity
  8
42-TABLO
100
AcDbLine
 10
1604.0
 20
352.9999999999984
 30
0.0
 11
1604.0
 21
346.2999999999984
 31
0.0
  0
TEXT
  5
BE5
330
17
100
AcDbEntity
  8
42-TABLO
100
AcDbText
 10
1622.8
 20
349.6499999999984
 30
0.0
 40
2.05
  1

  7
TRK
 72
2
 11
1622.8
 21
349.6499999999984
 31
0.0
100
AcDbText
 73
2
  0
LINE
  5
BE6
330
17
100
AcDbEntity
  8
42-TABLO
100
AcDbLine
 10
1624.0
 20
352.9999999999984
 30
0.0
 11
1624.0
 21
346.2999999999984
 31
0.0
  0
TEXT
  5
BE7
330
17
100
AcDbEntity
  8
42-TABLO
100
AcDbText
 10
1644.8
 20
349.6499999999984
 30
0.0
 40
2.05
  1

  7
TRK
 72
2
 11
1644.8
 21
349.6499999999984
 31
0.0
100
AcDbText
 73
2
  0
LINE
  5
BE8
330
17
100
AcDbEntity
  8
42-TABLO
100
AcDbLine
 10
1646.0
 20
352.9999999999984
 30
0.0
 11
1646.0
 21
346.2999999999984
 31
0.0
  0
LINE
  5
BE9
330
17
100
AcDbEntity
  8
42-TABLO
100
AcDbLine
 10
1280.0
 20
346.2999999999984
 30
0.0
 11
1646.0
 21
346.2999999999984
 31
0.0
  0
TEXT
  5
BEA
330
17
100
AcDbEntity
  8
42-TABLO
100
AcDbText
 10
1284.5
 20
342.9499999999984
 30
0.0
 40
2.05
  1
58
  7
TRK
 72
1
 11
1284.5
 21
342.9499999999984
 31
0.0
100
AcDbText
 73
2
  0
LINE
  5
BEB
330
17
100
AcDbEntity
  8
42-TABLO
100
AcDbLine
 10
1289.0
 20
346.2999999999984
 30
0.0
 11
1289.0
 21
339.59999999999843
 31
0.0
  0
TEXT
  5
BEC
330
17
100
AcDbEntity
  8
42-TABLO
100
AcDbText
 10
1298.0
 20
342.9499999999984
 30
0.0
 40
2.05
  1

  7
TRK
 72
1
 11
1298.0
 21
342.9499999999984
 31
0.0
100
AcDbText
 73
2
  0
LINE
  5
BED
330
17
100
AcDbEntity
  8
42-TABLO
100
AcDbLine
 10
1307.0
 20
346.2999999999984
 30
0.0
 11
1307.0
 21
339.59999999999843
 31
0.0
  0
TEXT
  5
BEE
330
17
100
AcDbEntity
  8
42-TABLO
100
AcDbText
 10
1308.2
 20
342.9499999999984
 30
0.0
 40
2.05
  1
AER 3x95+70 çekimi, germe, aský/germe pensi montajý
  7
TRK
 11
1308.2
 21
342.9499999999984
 31
0.0
100
AcDbText
 73
2
  0
LINE
  5
BEF
330
17
100
AcDbEntity
  8
42-TABLO
100
AcDbLine
 10
1485.0
 20
346.2999999999984
 30
0.0
 11
1485.0
 21
339.59999999999843
 31
0.0
  0
TEXT
  5
BF0
330
17
100
AcDbEntity
  8
42-TABLO
100
AcDbText
 10
1491.0
 20
342.9499999999984
 30
0.0
 40
2.05
  1
m
  7
TRK
 72
1
 11
1491.0
 21
342.9499999999984
 31
0.0
100
AcDbText
 73
2
  0
LINE
  5
BF1
330
17
100
AcDbEntity
  8
42-TABLO
100
AcDbLine
 10
1497.0
 20
346.2999999999984
 30
0.0
 11
1497.0
 21
339.59999999999843
 31
0.0
  0
TEXT
  5
BF2
330
17
100
AcDbEntity
  8
42-TABLO
100
AcDbText
 10
1502.5
 20
342.9499999999984
 30
0.0
 40
2.05
  1

  7
TRK
 72
1
 11
1502.5
 21
342.9499999999984
 31
0.0
100
AcDbText
 73
2
  0
LINE
  5
BF3
330
17
100
AcDbEntity
  8
42-TABLO
100
AcDbLine
 10
1508.0
 20
346.2999999999984
 30
0.0
 11
1508.0
 21
339.59999999999843
 31
0.0
  0
TEXT
  5
BF4
330
17
100
AcDbEntity
  8
42-TABLO
100
AcDbText
 10
1513.5
 20
342.9499999999984
 30
0.0
 40
2.05
  1

  7
TRK
 72
1
 11
1513.5
 21
342.9499999999984
 31
0.0
100
AcDbText
 73
2
  0
LINE
  5
BF5
330
17
100
AcDbEntity
  8
42-TABLO
100
AcDbLine
 10
1519.0
 20
346.2999999999984
 30
0.0
 11
1519.0
 21
339.59999999999843
 31
0.0
  0
TEXT
  5
BF6
330
17
100
AcDbEntity
  8
42-TABLO
100
AcDbText
 10
1524.5
 20
342.9499999999984
 30
0.0
 40
2.05
  1

  7
TRK
 72
1
 11
1524.5
 21
342.9499999999984
 31
0.0
100
AcDbText
 73
2
  0
LINE
  5
BF7
330
17
100
AcDbEntity
  8
42-TABLO
100
AcDbLine
 10
1530.0
 20
346.2999999999984
 30
0.0
 11
1530.0
 21
339.59999999999843
 31
0.0
  0
TEXT
  5
BF8
330
17
100
AcDbEntity
  8
42-TABLO
100
AcDbText
 10
1535.5
 20
342.9499999999984
 30
0.0
 40
2.05
  1

  7
TRK
 72
1
 11
1535.5
 21
342.9499999999984
 31
0.0
100
AcDbText
 73
2
  0
LINE
  5
BF9
330
17
100
AcDbEntity
  8
42-TABLO
100
AcDbLine
 10
1541.0
 20
346.2999999999984
 30
0.0
 11
1541.0
 21
339.59999999999843
 31
0.0
  0
TEXT
  5
BFA
330
17
100
AcDbEntity
  8
42-TABLO
100
AcDbText
 10
1546.5
 20
342.9499999999984
 30
0.0
 40
2.05
  1

  7
TRK
 72
1
 11
1546.5
 21
342.9499999999984
 31
0.0
100
AcDbText
 73
2
  0
LINE
  5
BFB
330
17
100
AcDbEntity
  8
42-TABLO
100
AcDbLine
 10
1552.0
 20
346.2999999999984
 30
0.0
 11
1552.0
 21
339.59999999999843
 31
0.0
  0
TEXT
  5
BFC
330
17
100
AcDbEntity
  8
42-TABLO
100
AcDbText
 10
1557.5
 20
342.9499999999984
 30
0.0
 40
2.05
  1

  7
TRK
 72
1
 11
1557.5
 21
342.9499999999984
 31
0.0
100
AcDbText
 73
2
  0
LINE
  5
BFD
330
17
100
AcDbEntity
  8
42-TABLO
100
AcDbLine
 10
1563.0
 20
346.2999999999984
 30
0.0
 11
1563.0
 21
339.59999999999843
 31
0.0
  0
TEXT
  5
BFE
330
17
100
AcDbEntity
  8
42-TABLO
100
AcDbText
 10
1568.5
 20
342.9499999999984
 30
0.0
 40
2.05
  1

  7
TRK
 72
1
 11
1568.5
 21
342.9499999999984
 31
0.0
100
AcDbText
 73
2
  0
LINE
  5
BFF
330
17
100
AcDbEntity
  8
42-TABLO
100
AcDbLine
 10
1574.0
 20
346.2999999999984
 30
0.0
 11
1574.0
 21
339.59999999999843
 31
0.0
  0
TEXT
  5
C00
330
17
100
AcDbEntity
  8
42-TABLO
100
AcDbText
 10
1581.0
 20
342.9499999999984
 30
0.0
 40
2.05
  1
240
  7
TRK
 72
1
 11
1581.0
 21
342.9499999999984
 31
0.0
100
AcDbText
 73
2
  0
LINE
  5
C01
330
17
100
AcDbEntity
  8
42-TABLO
100
AcDbLine
 10
1588.0
 20
346.2999999999984
 30
0.0
 11
1588.0
 21
339.59999999999843
 31
0.0
  0
TEXT
  5
C02
330
17
100
AcDbEntity
  8
42-TABLO
100
AcDbText
 10
1602.8
 20
342.9499999999984
 30
0.0
 40
2.05
  1
240
  7
TRK
 72
2
 11
1602.8
 21
342.9499999999984
 31
0.0
100
AcDbText
 73
2
  0
LINE
  5
C03
330
17
100
AcDbEntity
  8
42-TABLO
100
AcDbLine
 10
1604.0
 20
346.2999999999984
 30
0.0
 11
1604.0
 21
339.59999999999843
 31
0.0
  0
TEXT
  5
C04
330
17
100
AcDbEntity
  8
42-TABLO
100
AcDbText
 10
1622.8
 20
342.9499999999984
 30
0.0
 40
2.05
  1

  7
TRK
 72
2
 11
1622.8
 21
342.9499999999984
 31
0.0
100
AcDbText
 73
2
  0
LINE
  5
C05
330
17
100
AcDbEntity
  8
42-TABLO
100
AcDbLine
 10
1624.0
 20
346.2999999999984
 30
0.0
 11
1624.0
 21
339.59999999999843
 31
0.0
  0
TEXT
  5
C06
330
17
100
AcDbEntity
  8
42-TABLO
100
AcDbText
 10
1644.8
 20
342.9499999999984
 30
0.0
 40
2.05
  1

  7
TRK
 72
2
 11
1644.8
 21
342.9499999999984
 31
0.0
100
AcDbText
 73
2
  0
LINE
  5
C07
330
17
100
AcDbEntity
  8
42-TABLO
100
AcDbLine
 10
1646.0
 20
346.2999999999984
 30
0.0
 11
1646.0
 21
339.59999999999843
 31
0.0
  0
LINE
  5
C08
330
17
100
AcDbEntity
  8
42-TABLO
100
AcDbLine
 10
1280.0
 20
339.59999999999843
 30
0.0
 11
1646.0
 21
339.59999999999843
 31
0.0
  0
TEXT
  5
C09
330
17
100
AcDbEntity
  8
42-TABLO
100
AcDbText
 10
1284.5
 20
336.2499999999984
 30
0.0
 40
2.05
  1
59
  7
TRK
 72
1
 11
1284.5
 21
336.2499999999984
 31
0.0
100
AcDbText
 73
2
  0
LINE
  5
C0A
330
17
100
AcDbEntity
  8
42-TABLO
100
AcDbLine
 10
1289.0
 20
339.59999999999843
 30
0.0
 11
1289.0
 21
332.89999999999844
 31
0.0
  0
TEXT
  5
C0B
330
17
100
AcDbEntity
  8
42-TABLO
100
AcDbText
 10
1298.0
 20
336.2499999999984
 30
0.0
 40
2.05
  1

  7
TRK
 72
1
 11
1298.0
 21
336.2499999999984
 31
0.0
100
AcDbText
 73
2
  0
LINE
  5
C0C
330
17
100
AcDbEntity
  8
42-TABLO
100
AcDbLine
 10
1307.0
 20
339.59999999999843
 30
0.0
 11
1307.0
 21
332.89999999999844
 31
0.0
  0
TEXT
  5
C0D
330
17
100
AcDbEntity
  8
42-TABLO
100
AcDbText
 10
1308.2
 20
336.2499999999984
 30
0.0
 40
2.05
  1
Ayýrýcý (seksiyoner) montajý, kumanda mekanizmasý ve ayarý
  7
TRK
 11
1308.2
 21
336.2499999999984
 31
0.0
100
AcDbText
 73
2
  0
LINE
  5
C0E
330
17
100
AcDbEntity
  8
42-TABLO
100
AcDbLine
 10
1485.0
 20
339.59999999999843
 30
0.0
 11
1485.0
 21
332.89999999999844
 31
0.0
  0
TEXT
  5
C0F
330
17
100
AcDbEntity
  8
42-TABLO
100
AcDbText
 10
1491.0
 20
336.2499999999984
 30
0.0
 40
2.05
  1
Takým
  7
TRK
 72
1
 11
1491.0
 21
336.2499999999984
 31
0.0
100
AcDbText
 73
2
  0
LINE
  5
C10
330
17
100
AcDbEntity
  8
42-TABLO
100
AcDbLine
 10
1497.0
 20
339.59999999999843
 30
0.0
 11
1497.0
 21
332.89999999999844
 31
0.0
  0
TEXT
  5
C11
330
17
100
AcDbEntity
  8
42-TABLO
100
AcDbText
 10
1502.5
 20
336.2499999999984
 30
0.0
 40
2.05
  1
1
  7
TRK
 72
1
 11
1502.5
 21
336.2499999999984
 31
0.0
100
AcDbText
 73
2
  0
LINE
  5
C12
330
17
100
AcDbEntity
  8
42-TABLO
100
AcDbLine
 10
1508.0
 20
339.59999999999843
 30
0.0
 11
1508.0
 21
332.89999999999844
 31
0.0
  0
TEXT
  5
C13
330
17
100
AcDbEntity
  8
42-TABLO
100
AcDbText
 10
1513.5
 20
336.2499999999984
 30
0.0
 40
2.05
  1

  7
TRK
 72
1
 11
1513.5
 21
336.2499999999984
 31
0.0
100
AcDbText
 73
2
  0
LINE
  5
C14
330
17
100
AcDbEntity
  8
42-TABLO
100
AcDbLine
 10
1519.0
 20
339.59999999999843
 30
0.0
 11
1519.0
 21
332.89999999999844
 31
0.0
  0
TEXT
  5
C15
330
17
100
AcDbEntity
  8
42-TABLO
100
AcDbText
 10
1524.5
 20
336.2499999999984
 30
0.0
 40
2.05
  1

  7
TRK
 72
1
 11
1524.5
 21
336.2499999999984
 31
0.0
100
AcDbText
 73
2
  0
LINE
  5
C16
330
17
100
AcDbEntity
  8
42-TABLO
100
AcDbLine
 10
1530.0
 20
339.59999999999843
 30
0.0
 11
1530.0
 21
332.89999999999844
 31
0.0
  0
TEXT
  5
C17
330
17
100
AcDbEntity
  8
42-TABLO
100
AcDbText
 10
1535.5
 20
336.2499999999984
 30
0.0
 40
2.05
  1

  7
TRK
 72
1
 11
1535.5
 21
336.2499999999984
 31
0.0
100
AcDbText
 73
2
  0
LINE
  5
C18
330
17
100
AcDbEntity
  8
42-TABLO
100
AcDbLine
 10
1541.0
 20
339.59999999999843
 30
0.0
 11
1541.0
 21
332.89999999999844
 31
0.0
  0
TEXT
  5
C19
330
17
100
AcDbEntity
  8
42-TABLO
100
AcDbText
 10
1546.5
 20
336.2499999999984
 30
0.0
 40
2.05
  1

  7
TRK
 72
1
 11
1546.5
 21
336.2499999999984
 31
0.0
100
AcDbText
 73
2
  0
LINE
  5
C1A
330
17
100
AcDbEntity
  8
42-TABLO
100
AcDbLine
 10
1552.0
 20
339.59999999999843
 30
0.0
 11
1552.0
 21
332.89999999999844
 31
0.0
  0
TEXT
  5
C1B
330
17
100
AcDbEntity
  8
42-TABLO
100
AcDbText
 10
1557.5
 20
336.2499999999984
 30
0.0
 40
2.05
  1

  7
TRK
 72
1
 11
1557.5
 21
336.2499999999984
 31
0.0
100
AcDbText
 73
2
  0
LINE
  5
C1C
330
17
100
AcDbEntity
  8
42-TABLO
100
AcDbLine
 10
1563.0
 20
339.59999999999843
 30
0.0
 11
1563.0
 21
332.89999999999844
 31
0.0
  0
TEXT
  5
C1D
330
17
100
AcDbEntity
  8
42-TABLO
100
AcDbText
 10
1568.5
 20
336.2499999999984
 30
0.0
 40
2.05
  1

  7
TRK
 72
1
 11
1568.5
 21
336.2499999999984
 31
0.0
100
AcDbText
 73
2
  0
LINE
  5
C1E
330
17
100
AcDbEntity
  8
42-TABLO
100
AcDbLine
 10
1574.0
 20
339.59999999999843
 30
0.0
 11
1574.0
 21
332.89999999999844
 31
0.0
  0
TEXT
  5
C1F
330
17
100
AcDbEntity
  8
42-TABLO
100
AcDbText
 10
1581.0
 20
336.2499999999984
 30
0.0
 40
2.05
  1

  7
TRK
 72
1
 11
1581.0
 21
336.2499999999984
 31
0.0
100
AcDbText
 73
2
  0
LINE
  5
C20
330
17
100
AcDbEntity
  8
42-TABLO
100
AcDbLine
 10
1588.0
 20
339.59999999999843
 30
0.0
 11
1588.0
 21
332.89999999999844
 31
0.0
  0
TEXT
  5
C21
330
17
100
AcDbEntity
  8
42-TABLO
100
AcDbText
 10
1602.8
 20
336.2499999999984
 30
0.0
 40
2.05
  1
1
  7
TRK
 72
2
 11
1602.8
 21
336.2499999999984
 31
0.0
100
AcDbText
 73
2
  0
LINE
  5
C22
330
17
100
AcDbEntity
  8
42-TABLO
100
AcDbLine
 10
1604.0
 20
339.59999999999843
 30
0.0
 11
1604.0
 21
332.89999999999844
 31
0.0
  0
TEXT
  5
C23
330
17
100
AcDbEntity
  8
42-TABLO
100
AcDbText
 10
1622.8
 20
336.2499999999984
 30
0.0
 40
2.05
  1

  7
TRK
 72
2
 11
1622.8
 21
336.2499999999984
 31
0.0
100
AcDbText
 73
2
  0
LINE
  5
C24
330
17
100
AcDbEntity
  8
42-TABLO
100
AcDbLine
 10
1624.0
 20
339.59999999999843
 30
0.0
 11
1624.0
 21
332.89999999999844
 31
0.0
  0
TEXT
  5
C25
330
17
100
AcDbEntity
  8
42-TABLO
100
AcDbText
 10
1644.8
 20
336.2499999999984
 30
0.0
 40
2.05
  1

  7
TRK
 72
2
 11
1644.8
 21
336.2499999999984
 31
0.0
100
AcDbText
 73
2
  0
LINE
  5
C26
330
17
100
AcDbEntity
  8
42-TABLO
100
AcDbLine
 10
1646.0
 20
339.59999999999843
 30
0.0
 11
1646.0
 21
332.89999999999844
 31
0.0
  0
LINE
  5
C27
330
17
100
AcDbEntity
  8
42-TABLO
100
AcDbLine
 10
1280.0
 20
332.89999999999844
 30
0.0
 11
1646.0
 21
332.89999999999844
 31
0.0
  0
TEXT
  5
C28
330
17
100
AcDbEntity
  8
42-TABLO
100
AcDbText
 10
1284.5
 20
329.5499999999984
 30
0.0
 40
2.05
  1
60
  7
TRK
 72
1
 11
1284.5
 21
329.5499999999984
 31
0.0
100
AcDbText
 73
2
  0
LINE
  5
C29
330
17
100
AcDbEntity
  8
42-TABLO
100
AcDbLine
 10
1289.0
 20
332.89999999999844
 30
0.0
 11
1289.0
 21
326.19999999999845
 31
0.0
  0
TEXT
  5
C2A
330
17
100
AcDbEntity
  8
42-TABLO
100
AcDbText
 10
1298.0
 20
329.5499999999984
 30
0.0
 40
2.05
  1

  7
TRK
 72
1
 11
1298.0
 21
329.5499999999984
 31
0.0
100
AcDbText
 73
2
  0
LINE
  5
C2B
330
17
100
AcDbEntity
  8
42-TABLO
100
AcDbLine
 10
1307.0
 20
332.89999999999844
 30
0.0
 11
1307.0
 21
326.19999999999845
 31
0.0
  0
TEXT
  5
C2C
330
17
100
AcDbEntity
  8
42-TABLO
100
AcDbText
 10
1308.2
 20
329.5499999999984
 30
0.0
 40
2.05
  1
Topraklama tesisi (çubuk çakýmý, iletken baðlantýsý) ve topraklama direnci ölçümü
  7
TRK
 11
1308.2
 21
329.5499999999984
 31
0.0
100
AcDbText
 73
2
  0
LINE
  5
C2D
330
17
100
AcDbEntity
  8
42-TABLO
100
AcDbLine
 10
1485.0
 20
332.89999999999844
 30
0.0
 11
1485.0
 21
326.19999999999845
 31
0.0
  0
TEXT
  5
C2E
330
17
100
AcDbEntity
  8
42-TABLO
100
AcDbText
 10
1491.0
 20
329.5499999999984
 30
0.0
 40
2.05
  1
Adet
  7
TRK
 72
1
 11
1491.0
 21
329.5499999999984
 31
0.0
100
AcDbText
 73
2
  0
LINE
  5
C2F
330
17
100
AcDbEntity
  8
42-TABLO
100
AcDbLine
 10
1497.0
 20
332.89999999999844
 30
0.0
 11
1497.0
 21
326.19999999999845
 31
0.0
  0
TEXT
  5
C30
330
17
100
AcDbEntity
  8
42-TABLO
100
AcDbText
 10
1502.5
 20
329.5499999999984
 30
0.0
 40
2.05
  1
1
  7
TRK
 72
1
 11
1502.5
 21
329.5499999999984
 31
0.0
100
AcDbText
 73
2
  0
LINE
  5
C31
330
17
100
AcDbEntity
  8
42-TABLO
100
AcDbLine
 10
1508.0
 20
332.89999999999844
 30
0.0
 11
1508.0
 21
326.19999999999845
 31
0.0
  0
TEXT
  5
C32
330
17
100
AcDbEntity
  8
42-TABLO
100
AcDbText
 10
1513.5
 20
329.5499999999984
 30
0.0
 40
2.05
  1
1
  7
TRK
 72
1
 11
1513.5
 21
329.5499999999984
 31
0.0
100
AcDbText
 73
2
  0
LINE
  5
C33
330
17
100
AcDbEntity
  8
42-TABLO
100
AcDbLine
 10
1519.0
 20
332.89999999999844
 30
0.0
 11
1519.0
 21
326.19999999999845
 31
0.0
  0
TEXT
  5
C34
330
17
100
AcDbEntity
  8
42-TABLO
100
AcDbText
 10
1524.5
 20
329.5499999999984
 30
0.0
 40
2.05
  1
1
  7
TRK
 72
1
 11
1524.5
 21
329.5499999999984
 31
0.0
100
AcDbText
 73
2
  0
LINE
  5
C35
330
17
100
AcDbEntity
  8
42-TABLO
100
AcDbLine
 10
1530.0
 20
332.89999999999844
 30
0.0
 11
1530.0
 21
326.19999999999845
 31
0.0
  0
TEXT
  5
C36
330
17
100
AcDbEntity
  8
42-TABLO
100
AcDbText
 10
1535.5
 20
329.5499999999984
 30
0.0
 40
2.05
  1
1
  7
TRK
 72
1
 11
1535.5
 21
329.5499999999984
 31
0.0
100
AcDbText
 73
2
  0
LINE
  5
C37
330
17
100
AcDbEntity
  8
42-TABLO
100
AcDbLine
 10
1541.0
 20
332.89999999999844
 30
0.0
 11
1541.0
 21
326.19999999999845
 31
0.0
  0
TEXT
  5
C38
330
17
100
AcDbEntity
  8
42-TABLO
100
AcDbText
 10
1546.5
 20
329.5499999999984
 30
0.0
 40
2.05
  1
1
  7
TRK
 72
1
 11
1546.5
 21
329.5499999999984
 31
0.0
100
AcDbText
 73
2
  0
LINE
  5
C39
330
17
100
AcDbEntity
  8
42-TABLO
100
AcDbLine
 10
1552.0
 20
332.89999999999844
 30
0.0
 11
1552.0
 21
326.19999999999845
 31
0.0
  0
TEXT
  5
C3A
330
17
100
AcDbEntity
  8
42-TABLO
100
AcDbText
 10
1557.5
 20
329.5499999999984
 30
0.0
 40
2.05
  1
1
  7
TRK
 72
1
 11
1557.5
 21
329.5499999999984
 31
0.0
100
AcDbText
 73
2
  0
LINE
  5
C3B
330
17
100
AcDbEntity
  8
42-TABLO
100
AcDbLine
 10
1563.0
 20
332.89999999999844
 30
0.0
 11
1563.0
 21
326.19999999999845
 31
0.0
  0
TEXT
  5
C3C
330
17
100
AcDbEntity
  8
42-TABLO
100
AcDbText
 10
1568.5
 20
329.5499999999984
 30
0.0
 40
2.05
  1

  7
TRK
 72
1
 11
1568.5
 21
329.5499999999984
 31
0.0
100
AcDbText
 73
2
  0
LINE
  5
C3D
330
17
100
AcDbEntity
  8
42-TABLO
100
AcDbLine
 10
1574.0
 20
332.89999999999844
 30
0.0
 11
1574.0
 21
326.19999999999845
 31
0.0
  0
TEXT
  5
C3E
330
17
100
AcDbEntity
  8
42-TABLO
100
AcDbText
 10
1581.0
 20
329.5499999999984
 30
0.0
 40
2.05
  1

  7
TRK
 72
1
 11
1581.0
 21
329.5499999999984
 31
0.0
100
AcDbText
 73
2
  0
LINE
  5
C3F
330
17
100
AcDbEntity
  8
42-TABLO
100
AcDbLine
 10
1588.0
 20
332.89999999999844
 30
0.0
 11
1588.0
 21
326.19999999999845
 31
0.0
  0
TEXT
  5
C40
330
17
100
AcDbEntity
  8
42-TABLO
100
AcDbText
 10
1602.8
 20
329.5499999999984
 30
0.0
 40
2.05
  1
6
  7
TRK
 72
2
 11
1602.8
 21
329.5499999999984
 31
0.0
100
AcDbText
 73
2
  0
LINE
  5
C41
330
17
100
AcDbEntity
  8
42-TABLO
100
AcDbLine
 10
1604.0
 20
332.89999999999844
 30
0.0
 11
1604.0
 21
326.19999999999845
 31
0.0
  0
TEXT
  5
C42
330
17
100
AcDbEntity
  8
42-TABLO
100
AcDbText
 10
1622.8
 20
329.5499999999984
 30
0.0
 40
2.05
  1

  7
TRK
 72
2
 11
1622.8
 21
329.5499999999984
 31
0.0
100
AcDbText
 73
2
  0
LINE
  5
C43
330
17
100
AcDbEntity
  8
42-TABLO
100
AcDbLine
 10
1624.0
 20
332.89999999999844
 30
0.0
 11
1624.0
 21
326.19999999999845
 31
0.0
  0
TEXT
  5
C44
330
17
100
AcDbEntity
  8
42-TABLO
100
AcDbText
 10
1644.8
 20
329.5499999999984
 30
0.0
 40
2.05
  1

  7
TRK
 72
2
 11
1644.8
 21
329.5499999999984
 31
0.0
100
AcDbText
 73
2
  0
LINE
  5
C45
330
17
100
AcDbEntity
  8
42-TABLO
100
AcDbLine
 10
1646.0
 20
332.89999999999844
 30
0.0
 11
1646.0
 21
326.19999999999845
 31
0.0
  0
LINE
  5
C46
330
17
100
AcDbEntity
  8
42-TABLO
100
AcDbLine
 10
1280.0
 20
326.19999999999845
 30
0.0
 11
1646.0
 21
326.19999999999845
 31
0.0
  0
TEXT
  5
C47
330
17
100
AcDbEntity
  8
42-TABLO
100
AcDbText
 10
1284.5
 20
322.84999999999843
 30
0.0
 40
2.05
  1
61
  7
TRK
 72
1
 11
1284.5
 21
322.84999999999843
 31
0.0
100
AcDbText
 73
2
  0
LINE
  5
C48
330
17
100
AcDbEntity
  8
42-TABLO
100
AcDbLine
 10
1289.0
 20
326.19999999999845
 30
0.0
 11
1289.0
 21
319.49999999999847
 31
0.0
  0
TEXT
  5
C49
330
17
100
AcDbEntity
  8
42-TABLO
100
AcDbText
 10
1298.0
 20
322.84999999999843
 30
0.0
 40
2.05
  1

  7
TRK
 72
1
 11
1298.0
 21
322.84999999999843
 31
0.0
100
AcDbText
 73
2
  0
LINE
  5
C4A
330
17
100
AcDbEntity
  8
42-TABLO
100
AcDbLine
 10
1307.0
 20
326.19999999999845
 30
0.0
 11
1307.0
 21
319.49999999999847
 31
0.0
  0
TEXT
  5
C4B
330
17
100
AcDbEntity
  8
42-TABLO
100
AcDbText
 10
1308.2
 20
322.84999999999843
 30
0.0
 40
2.05
  1
Mevcut 34,5 kV hatta baðlantý (enerji kesintili, branþman)
  7
TRK
 11
1308.2
 21
322.84999999999843
 31
0.0
100
AcDbText
 73
2
  0
LINE
  5
C4C
330
17
100
AcDbEntity
  8
42-TABLO
100
AcDbLine
 10
1485.0
 20
326.19999999999845
 30
0.0
 11
1485.0
 21
319.49999999999847
 31
0.0
  0
TEXT
  5
C4D
330
17
100
AcDbEntity
  8
42-TABLO
100
AcDbText
 10
1491.0
 20
322.84999999999843
 30
0.0
 40
2.05
  1
Adet
  7
TRK
 72
1
 11
1491.0
 21
322.84999999999843
 31
0.0
100
AcDbText
 73
2
  0
LINE
  5
C4E
330
17
100
AcDbEntity
  8
42-TABLO
100
AcDbLine
 10
1497.0
 20
326.19999999999845
 30
0.0
 11
1497.0
 21
319.49999999999847
 31
0.0
  0
TEXT
  5
C4F
330
17
100
AcDbEntity
  8
42-TABLO
100
AcDbText
 10
1502.5
 20
322.84999999999843
 30
0.0
 40
2.05
  1

  7
TRK
 72
1
 11
1502.5
 21
322.84999999999843
 31
0.0
100
AcDbText
 73
2
  0
LINE
  5
C50
330
17
100
AcDbEntity
  8
42-TABLO
100
AcDbLine
 10
1508.0
 20
326.19999999999845
 30
0.0
 11
1508.0
 21
319.49999999999847
 31
0.0
  0
TEXT
  5
C51
330
17
100
AcDbEntity
  8
42-TABLO
100
AcDbText
 10
1513.5
 20
322.84999999999843
 30
0.0
 40
2.05
  1

  7
TRK
 72
1
 11
1513.5
 21
322.84999999999843
 31
0.0
100
AcDbText
 73
2
  0
LINE
  5
C52
330
17
100
AcDbEntity
  8
42-TABLO
100
AcDbLine
 10
1519.0
 20
326.19999999999845
 30
0.0
 11
1519.0
 21
319.49999999999847
 31
0.0
  0
TEXT
  5
C53
330
17
100
AcDbEntity
  8
42-TABLO
100
AcDbText
 10
1524.5
 20
322.84999999999843
 30
0.0
 40
2.05
  1

  7
TRK
 72
1
 11
1524.5
 21
322.84999999999843
 31
0.0
100
AcDbText
 73
2
  0
LINE
  5
C54
330
17
100
AcDbEntity
  8
42-TABLO
100
AcDbLine
 10
1530.0
 20
326.19999999999845
 30
0.0
 11
1530.0
 21
319.49999999999847
 31
0.0
  0
TEXT
  5
C55
330
17
100
AcDbEntity
  8
42-TABLO
100
AcDbText
 10
1535.5
 20
322.84999999999843
 30
0.0
 40
2.05
  1

  7
TRK
 72
1
 11
1535.5
 21
322.84999999999843
 31
0.0
100
AcDbText
 73
2
  0
LINE
  5
C56
330
17
100
AcDbEntity
  8
42-TABLO
100
AcDbLine
 10
1541.0
 20
326.19999999999845
 30
0.0
 11
1541.0
 21
319.49999999999847
 31
0.0
  0
TEXT
  5
C57
330
17
100
AcDbEntity
  8
42-TABLO
100
AcDbText
 10
1546.5
 20
322.84999999999843
 30
0.0
 40
2.05
  1

  7
TRK
 72
1
 11
1546.5
 21
322.84999999999843
 31
0.0
100
AcDbText
 73
2
  0
LINE
  5
C58
330
17
100
AcDbEntity
  8
42-TABLO
100
AcDbLine
 10
1552.0
 20
326.19999999999845
 30
0.0
 11
1552.0
 21
319.49999999999847
 31
0.0
  0
TEXT
  5
C59
330
17
100
AcDbEntity
  8
42-TABLO
100
AcDbText
 10
1557.5
 20
322.84999999999843
 30
0.0
 40
2.05
  1

  7
TRK
 72
1
 11
1557.5
 21
322.84999999999843
 31
0.0
100
AcDbText
 73
2
  0
LINE
  5
C5A
330
17
100
AcDbEntity
  8
42-TABLO
100
AcDbLine
 10
1563.0
 20
326.19999999999845
 30
0.0
 11
1563.0
 21
319.49999999999847
 31
0.0
  0
TEXT
  5
C5B
330
17
100
AcDbEntity
  8
42-TABLO
100
AcDbText
 10
1568.5
 20
322.84999999999843
 30
0.0
 40
2.05
  1
1
  7
TRK
 72
1
 11
1568.5
 21
322.84999999999843
 31
0.0
100
AcDbText
 73
2
  0
LINE
  5
C5C
330
17
100
AcDbEntity
  8
42-TABLO
100
AcDbLine
 10
1574.0
 20
326.19999999999845
 30
0.0
 11
1574.0
 21
319.49999999999847
 31
0.0
  0
TEXT
  5
C5D
330
17
100
AcDbEntity
  8
42-TABLO
100
AcDbText
 10
1581.0
 20
322.84999999999843
 30
0.0
 40
2.05
  1

  7
TRK
 72
1
 11
1581.0
 21
322.84999999999843
 31
0.0
100
AcDbText
 73
2
  0
LINE
  5
C5E
330
17
100
AcDbEntity
  8
42-TABLO
100
AcDbLine
 10
1588.0
 20
326.19999999999845
 30
0.0
 11
1588.0
 21
319.49999999999847
 31
0.0
  0
TEXT
  5
C5F
330
17
100
AcDbEntity
  8
42-TABLO
100
AcDbText
 10
1602.8
 20
322.84999999999843
 30
0.0
 40
2.05
  1
1
  7
TRK
 72
2
 11
1602.8
 21
322.84999999999843
 31
0.0
100
AcDbText
 73
2
  0
LINE
  5
C60
330
17
100
AcDbEntity
  8
42-TABLO
100
AcDbLine
 10
1604.0
 20
326.19999999999845
 30
0.0
 11
1604.0
 21
319.49999999999847
 31
0.0
  0
TEXT
  5
C61
330
17
100
AcDbEntity
  8
42-TABLO
100
AcDbText
 10
1622.8
 20
322.84999999999843
 30
0.0
 40
2.05
  1

  7
TRK
 72
2
 11
1622.8
 21
322.84999999999843
 31
0.0
100
AcDbText
 73
2
  0
LINE
  5
C62
330
17
100
AcDbEntity
  8
42-TABLO
100
AcDbLine
 10
1624.0
 20
326.19999999999845
 30
0.0
 11
1624.0
 21
319.49999999999847
 31
0.0
  0
TEXT
  5
C63
330
17
100
AcDbEntity
  8
42-TABLO
100
AcDbText
 10
1644.8
 20
322.84999999999843
 30
0.0
 40
2.05
  1

  7
TRK
 72
2
 11
1644.8
 21
322.84999999999843
 31
0.0
100
AcDbText
 73
2
  0
LINE
  5
C64
330
17
100
AcDbEntity
  8
42-TABLO
100
AcDbLine
 10
1646.0
 20
326.19999999999845
 30
0.0
 11
1646.0
 21
319.49999999999847
 31
0.0
  0
LINE
  5
C65
330
17
100
AcDbEntity
  8
42-TABLO
100
AcDbLine
 10
1280.0
 20
319.49999999999847
 30
0.0
 11
1646.0
 21
319.49999999999847
 31
0.0
  0
TEXT
  5
C66
330
17
100
AcDbEntity
  8
42-TABLO
100
AcDbText
 10
1284.5
 20
316.14999999999844
 30
0.0
 40
2.05
  1
62
  7
TRK
 72
1
 11
1284.5
 21
316.14999999999844
 31
0.0
100
AcDbText
 73
2
  0
LINE
  5
C67
330
17
100
AcDbEntity
  8
42-TABLO
100
AcDbLine
 10
1289.0
 20
319.49999999999847
 30
0.0
 11
1289.0
 21
312.7999999999985
 31
0.0
  0
TEXT
  5
C68
330
17
100
AcDbEntity
  8
42-TABLO
100
AcDbText
 10
1298.0
 20
316.14999999999844
 30
0.0
 40
2.05
  1

  7
TRK
 72
1
 11
1298.0
 21
316.14999999999844
 31
0.0
100
AcDbText
 73
2
  0
LINE
  5
C69
330
17
100
AcDbEntity
  8
42-TABLO
100
AcDbLine
 10
1307.0
 20
319.49999999999847
 30
0.0
 11
1307.0
 21
312.7999999999985
 31
0.0
  0
TEXT
  5
C6A
330
17
100
AcDbEntity
  8
42-TABLO
100
AcDbText
 10
1308.2
 20
316.14999999999844
 30
0.0
 40
2.05
  1
Güzergâh aplikasyonu, kazýk çakýmý ve profil ölçümü
  7
TRK
 11
1308.2
 21
316.14999999999844
 31
0.0
100
AcDbText
 73
2
  0
LINE
  5
C6B
330
17
100
AcDbEntity
  8
42-TABLO
100
AcDbLine
 10
1485.0
 20
319.49999999999847
 30
0.0
 11
1485.0
 21
312.7999999999985
 31
0.0
  0
TEXT
  5
C6C
330
17
100
AcDbEntity
  8
42-TABLO
100
AcDbText
 10
1491.0
 20
316.14999999999844
 30
0.0
 40
2.05
  1
m
  7
TRK
 72
1
 11
1491.0
 21
316.14999999999844
 31
0.0
100
AcDbText
 73
2
  0
LINE
  5
C6D
330
17
100
AcDbEntity
  8
42-TABLO
100
AcDbLine
 10
1497.0
 20
319.49999999999847
 30
0.0
 11
1497.0
 21
312.7999999999985
 31
0.0
  0
TEXT
  5
C6E
330
17
100
AcDbEntity
  8
42-TABLO
100
AcDbText
 10
1502.5
 20
316.14999999999844
 30
0.0
 40
2.05
  1

  7
TRK
 72
1
 11
1502.5
 21
316.14999999999844
 31
0.0
100
AcDbText
 73
2
  0
LINE
  5
C6F
330
17
100
AcDbEntity
  8
42-TABLO
100
AcDbLine
 10
1508.0
 20
319.49999999999847
 30
0.0
 11
1508.0
 21
312.7999999999985
 31
0.0
  0
TEXT
  5
C70
330
17
100
AcDbEntity
  8
42-TABLO
100
AcDbText
 10
1513.5
 20
316.14999999999844
 30
0.0
 40
2.05
  1

  7
TRK
 72
1
 11
1513.5
 21
316.14999999999844
 31
0.0
100
AcDbText
 73
2
  0
LINE
  5
C71
330
17
100
AcDbEntity
  8
42-TABLO
100
AcDbLine
 10
1519.0
 20
319.49999999999847
 30
0.0
 11
1519.0
 21
312.7999999999985
 31
0.0
  0
TEXT
  5
C72
330
17
100
AcDbEntity
  8
42-TABLO
100
AcDbText
 10
1524.5
 20
316.14999999999844
 30
0.0
 40
2.05
  1

  7
TRK
 72
1
 11
1524.5
 21
316.14999999999844
 31
0.0
100
AcDbText
 73
2
  0
LINE
  5
C73
330
17
100
AcDbEntity
  8
42-TABLO
100
AcDbLine
 10
1530.0
 20
319.49999999999847
 30
0.0
 11
1530.0
 21
312.7999999999985
 31
0.0
  0
TEXT
  5
C74
330
17
100
AcDbEntity
  8
42-TABLO
100
AcDbText
 10
1535.5
 20
316.14999999999844
 30
0.0
 40
2.05
  1

  7
TRK
 72
1
 11
1535.5
 21
316.14999999999844
 31
0.0
100
AcDbText
 73
2
  0
LINE
  5
C75
330
17
100
AcDbEntity
  8
42-TABLO
100
AcDbLine
 10
1541.0
 20
319.49999999999847
 30
0.0
 11
1541.0
 21
312.7999999999985
 31
0.0
  0
TEXT
  5
C76
330
17
100
AcDbEntity
  8
42-TABLO
100
AcDbText
 10
1546.5
 20
316.14999999999844
 30
0.0
 40
2.05
  1

  7
TRK
 72
1
 11
1546.5
 21
316.14999999999844
 31
0.0
100
AcDbText
 73
2
  0
LINE
  5
C77
330
17
100
AcDbEntity
  8
42-TABLO
100
AcDbLine
 10
1552.0
 20
319.49999999999847
 30
0.0
 11
1552.0
 21
312.7999999999985
 31
0.0
  0
TEXT
  5
C78
330
17
100
AcDbEntity
  8
42-TABLO
100
AcDbText
 10
1557.5
 20
316.14999999999844
 30
0.0
 40
2.05
  1

  7
TRK
 72
1
 11
1557.5
 21
316.14999999999844
 31
0.0
100
AcDbText
 73
2
  0
LINE
  5
C79
330
17
100
AcDbEntity
  8
42-TABLO
100
AcDbLine
 10
1563.0
 20
319.49999999999847
 30
0.0
 11
1563.0
 21
312.7999999999985
 31
0.0
  0
TEXT
  5
C7A
330
17
100
AcDbEntity
  8
42-TABLO
100
AcDbText
 10
1568.5
 20
316.14999999999844
 30
0.0
 40
2.05
  1

  7
TRK
 72
1
 11
1568.5
 21
316.14999999999844
 31
0.0
100
AcDbText
 73
2
  0
LINE
  5
C7B
330
17
100
AcDbEntity
  8
42-TABLO
100
AcDbLine
 10
1574.0
 20
319.49999999999847
 30
0.0
 11
1574.0
 21
312.7999999999985
 31
0.0
  0
TEXT
  5
C7C
330
17
100
AcDbEntity
  8
42-TABLO
100
AcDbText
 10
1581.0
 20
316.14999999999844
 30
0.0
 40
2.05
  1
275
  7
TRK
 72
1
 11
1581.0
 21
316.14999999999844
 31
0.0
100
AcDbText
 73
2
  0
LINE
  5
C7D
330
17
100
AcDbEntity
  8
42-TABLO
100
AcDbLine
 10
1588.0
 20
319.49999999999847
 30
0.0
 11
1588.0
 21
312.7999999999985
 31
0.0
  0
TEXT
  5
C7E
330
17
100
AcDbEntity
  8
42-TABLO
100
AcDbText
 10
1602.8
 20
316.14999999999844
 30
0.0
 40
2.05
  1
275
  7
TRK
 72
2
 11
1602.8
 21
316.14999999999844
 31
0.0
100
AcDbText
 73
2
  0
LINE
  5
C7F
330
17
100
AcDbEntity
  8
42-TABLO
100
AcDbLine
 10
1604.0
 20
319.49999999999847
 30
0.0
 11
1604.0
 21
312.7999999999985
 31
0.0
  0
TEXT
  5
C80
330
17
100
AcDbEntity
  8
42-TABLO
100
AcDbText
 10
1622.8
 20
316.14999999999844
 30
0.0
 40
2.05
  1

  7
TRK
 72
2
 11
1622.8
 21
316.14999999999844
 31
0.0
100
AcDbText
 73
2
  0
LINE
  5
C81
330
17
100
AcDbEntity
  8
42-TABLO
100
AcDbLine
 10
1624.0
 20
319.49999999999847
 30
0.0
 11
1624.0
 21
312.7999999999985
 31
0.0
  0
TEXT
  5
C82
330
17
100
AcDbEntity
  8
42-TABLO
100
AcDbText
 10
1644.8
 20
316.14999999999844
 30
0.0
 40
2.05
  1

  7
TRK
 72
2
 11
1644.8
 21
316.14999999999844
 31
0.0
100
AcDbText
 73
2
  0
LINE
  5
C83
330
17
100
AcDbEntity
  8
42-TABLO
100
AcDbLine
 10
1646.0
 20
319.49999999999847
 30
0.0
 11
1646.0
 21
312.7999999999985
 31
0.0
  0
LINE
  5
C84
330
17
100
AcDbEntity
  8
42-TABLO
100
AcDbLine
 10
1280.0
 20
312.7999999999985
 30
0.0
 11
1646.0
 21
312.7999999999985
 31
0.0
  0
TEXT
  5
C85
330
17
100
AcDbEntity
  8
42-TABLO
100
AcDbText
 10
1284.5
 20
309.44999999999845
 30
0.0
 40
2.05
  1
63
  7
TRK
 72
1
 11
1284.5
 21
309.44999999999845
 31
0.0
100
AcDbText
 73
2
  0
LINE
  5
C86
330
17
100
AcDbEntity
  8
42-TABLO
100
AcDbLine
 10
1289.0
 20
312.7999999999985
 30
0.0
 11
1289.0
 21
306.0999999999985
 31
0.0
  0
TEXT
  5
C87
330
17
100
AcDbEntity
  8
42-TABLO
100
AcDbText
 10
1298.0
 20
309.44999999999845
 30
0.0
 40
2.05
  1

  7
TRK
 72
1
 11
1298.0
 21
309.44999999999845
 31
0.0
100
AcDbText
 73
2
  0
LINE
  5
C88
330
17
100
AcDbEntity
  8
42-TABLO
100
AcDbLine
 10
1307.0
 20
312.7999999999985
 30
0.0
 11
1307.0
 21
306.0999999999985
 31
0.0
  0
TEXT
  5
C89
330
17
100
AcDbEntity
  8
42-TABLO
100
AcDbText
 10
1308.2
 20
309.44999999999845
 30
0.0
 40
2.05
  1
Ýþletmeye alma testleri (izolasyon, faz sýrasý, sehim kontrolü)
  7
TRK
 11
1308.2
 21
309.44999999999845
 31
0.0
100
AcDbText
 73
2
  0
LINE
  5
C8A
330
17
100
AcDbEntity
  8
42-TABLO
100
AcDbLine
 10
1485.0
 20
312.7999999999985
 30
0.0
 11
1485.0
 21
306.0999999999985
 31
0.0
  0
TEXT
  5
C8B
330
17
100
AcDbEntity
  8
42-TABLO
100
AcDbText
 10
1491.0
 20
309.44999999999845
 30
0.0
 40
2.05
  1
Adet
  7
TRK
 72
1
 11
1491.0
 21
309.44999999999845
 31
0.0
100
AcDbText
 73
2
  0
LINE
  5
C8C
330
17
100
AcDbEntity
  8
42-TABLO
100
AcDbLine
 10
1497.0
 20
312.7999999999985
 30
0.0
 11
1497.0
 21
306.0999999999985
 31
0.0
  0
TEXT
  5
C8D
330
17
100
AcDbEntity
  8
42-TABLO
100
AcDbText
 10
1502.5
 20
309.44999999999845
 30
0.0
 40
2.05
  1

  7
TRK
 72
1
 11
1502.5
 21
309.44999999999845
 31
0.0
100
AcDbText
 73
2
  0
LINE
  5
C8E
330
17
100
AcDbEntity
  8
42-TABLO
100
AcDbLine
 10
1508.0
 20
312.7999999999985
 30
0.0
 11
1508.0
 21
306.0999999999985
 31
0.0
  0
TEXT
  5
C8F
330
17
100
AcDbEntity
  8
42-TABLO
100
AcDbText
 10
1513.5
 20
309.44999999999845
 30
0.0
 40
2.05
  1

  7
TRK
 72
1
 11
1513.5
 21
309.44999999999845
 31
0.0
100
AcDbText
 73
2
  0
LINE
  5
C90
330
17
100
AcDbEntity
  8
42-TABLO
100
AcDbLine
 10
1519.0
 20
312.7999999999985
 30
0.0
 11
1519.0
 21
306.0999999999985
 31
0.0
  0
TEXT
  5
C91
330
17
100
AcDbEntity
  8
42-TABLO
100
AcDbText
 10
1524.5
 20
309.44999999999845
 30
0.0
 40
2.05
  1

  7
TRK
 72
1
 11
1524.5
 21
309.44999999999845
 31
0.0
100
AcDbText
 73
2
  0
LINE
  5
C92
330
17
100
AcDbEntity
  8
42-TABLO
100
AcDbLine
 10
1530.0
 20
312.7999999999985
 30
0.0
 11
1530.0
 21
306.0999999999985
 31
0.0
  0
TEXT
  5
C93
330
17
100
AcDbEntity
  8
42-TABLO
100
AcDbText
 10
1535.5
 20
309.44999999999845
 30
0.0
 40
2.05
  1

  7
TRK
 72
1
 11
1535.5
 21
309.44999999999845
 31
0.0
100
AcDbText
 73
2
  0
LINE
  5
C94
330
17
100
AcDbEntity
  8
42-TABLO
100
AcDbLine
 10
1541.0
 20
312.7999999999985
 30
0.0
 11
1541.0
 21
306.0999999999985
 31
0.0
  0
TEXT
  5
C95
330
17
100
AcDbEntity
  8
42-TABLO
100
AcDbText
 10
1546.5
 20
309.44999999999845
 30
0.0
 40
2.05
  1

  7
TRK
 72
1
 11
1546.5
 21
309.44999999999845
 31
0.0
100
AcDbText
 73
2
  0
LINE
  5
C96
330
17
100
AcDbEntity
  8
42-TABLO
100
AcDbLine
 10
1552.0
 20
312.7999999999985
 30
0.0
 11
1552.0
 21
306.0999999999985
 31
0.0
  0
TEXT
  5
C97
330
17
100
AcDbEntity
  8
42-TABLO
100
AcDbText
 10
1557.5
 20
309.44999999999845
 30
0.0
 40
2.05
  1

  7
TRK
 72
1
 11
1557.5
 21
309.44999999999845
 31
0.0
100
AcDbText
 73
2
  0
LINE
  5
C98
330
17
100
AcDbEntity
  8
42-TABLO
100
AcDbLine
 10
1563.0
 20
312.7999999999985
 30
0.0
 11
1563.0
 21
306.0999999999985
 31
0.0
  0
TEXT
  5
C99
330
17
100
AcDbEntity
  8
42-TABLO
100
AcDbText
 10
1568.5
 20
309.44999999999845
 30
0.0
 40
2.05
  1

  7
TRK
 72
1
 11
1568.5
 21
309.44999999999845
 31
0.0
100
AcDbText
 73
2
  0
LINE
  5
C9A
330
17
100
AcDbEntity
  8
42-TABLO
100
AcDbLine
 10
1574.0
 20
312.7999999999985
 30
0.0
 11
1574.0
 21
306.0999999999985
 31
0.0
  0
TEXT
  5
C9B
330
17
100
AcDbEntity
  8
42-TABLO
100
AcDbText
 10
1581.0
 20
309.44999999999845
 30
0.0
 40
2.05
  1
1
  7
TRK
 72
1
 11
1581.0
 21
309.44999999999845
 31
0.0
100
AcDbText
 73
2
  0
LINE
  5
C9C
330
17
100
AcDbEntity
  8
42-TABLO
100
AcDbLine
 10
1588.0
 20
312.7999999999985
 30
0.0
 11
1588.0
 21
306.0999999999985
 31
0.0
  0
TEXT
  5
C9D
330
17
100
AcDbEntity
  8
42-TABLO
100
AcDbText
 10
1602.8
 20
309.44999999999845
 30
0.0
 40
2.05
  1
1
  7
TRK
 72
2
 11
1602.8
 21
309.44999999999845
 31
0.0
100
AcDbText
 73
2
  0
LINE
  5
C9E
330
17
100
AcDbEntity
  8
42-TABLO
100
AcDbLine
 10
1604.0
 20
312.7999999999985
 30
0.0
 11
1604.0
 21
306.0999999999985
 31
0.0
  0
TEXT
  5
C9F
330
17
100
AcDbEntity
  8
42-TABLO
100
AcDbText
 10
1622.8
 20
309.44999999999845
 30
0.0
 40
2.05
  1

  7
TRK
 72
2
 11
1622.8
 21
309.44999999999845
 31
0.0
100
AcDbText
 73
2
  0
LINE
  5
CA0
330
17
100
AcDbEntity
  8
42-TABLO
100
AcDbLine
 10
1624.0
 20
312.7999999999985
 30
0.0
 11
1624.0
 21
306.0999999999985
 31
0.0
  0
TEXT
  5
CA1
330
17
100
AcDbEntity
  8
42-TABLO
100
AcDbText
 10
1644.8
 20
309.44999999999845
 30
0.0
 40
2.05
  1

  7
TRK
 72
2
 11
1644.8
 21
309.44999999999845
 31
0.0
100
AcDbText
 73
2
  0
LINE
  5
CA2
330
17
100
AcDbEntity
  8
42-TABLO
100
AcDbLine
 10
1646.0
 20
312.7999999999985
 30
0.0
 11
1646.0
 21
306.0999999999985
 31
0.0
  0
LINE
  5
CA3
330
17
100
AcDbEntity
  8
42-TABLO
100
AcDbLine
 10
1280.0
 20
306.0999999999985
 30
0.0
 11
1646.0
 21
306.0999999999985
 31
0.0
  0
LINE
  5
CA4
330
17
100
AcDbEntity
  8
43-TABLO-CERCEVE
100
AcDbLine
 10
1280.0
 20
798.0
 30
0.0
 11
1280.0
 21
306.0999999999985
 31
0.0
  0
LINE
  5
CA5
330
17
100
AcDbEntity
  8
43-TABLO-CERCEVE
100
AcDbLine
 10
1646.0
 20
798.0
 30
0.0
 11
1646.0
 21
306.0999999999985
 31
0.0
  0
LINE
  5
CA6
330
17
100
AcDbEntity
  8
43-TABLO-CERCEVE
100
AcDbLine
 10
1280.0
 20
306.0999999999985
 30
0.0
 11
1646.0
 21
306.0999999999985
 31
0.0
  0
TEXT
  5
CA7
330
17
100
AcDbEntity
  8
42-TABLO
100
AcDbText
 10
1510.0
 20
301.0999999999985
 30
0.0
 40
2.6
  1
GENEL TOPLAM (KDV hariç): ............................ TL
  7
TRKB
 11
1510.0
 21
301.0999999999985
 31
0.0
100
AcDbText
  0
TEXT
  5
CA8
330
17
100
AcDbEntity
  8
42-TABLO
100
AcDbText
 10
1280.0
 20
296.0999999999985
 30
0.0
 40
2.0
  1
Birim fiyat ve TEDAÞ poz no sütunlarý güncel TEDAÞ birim fiyat listesine göre doldurulacaktýr (Excel dosyasýnda formüllü).
  7
TRK
 11
1280.0
 21
296.0999999999985
 31
0.0
100
AcDbText
  0
TEXT
  5
CA9
330
17
100
AcDbEntity
  8
42-TABLO
100
AcDbText
 10
1280.0
 20
291.5999999999985
 30
0.0
 40
2.0
  1
Özet: Pigeon 886,5 m - AER 257,2 m - beton 17,868 m³ - kazý 16,440 m³ - kalýp 7,86 m² - demir direk 4.386,55 kg
  7
TRKB
 11
1280.0
 21
291.5999999999985
 31
0.0
100
AcDbText
  0
TEXT
  5
CAA
330
17
100
AcDbEntity
  8
02-BASLIK
100
AcDbText
 10
1675.0
 20
800.0
 30
0.0
 40
3.6
  1
DÝREK TEPE KUVVETÝ HESAP CETVELÝ (EKATY Md.48-49, tepeye indirgenmiþ, kg)
  7
TRKB
 11
1675.0
 21
800.0
 31
0.0
100
AcDbText
 73
1
  0
LWPOLYLINE
  5
CAB
330
17
100
AcDbEntity
  8
43-TABLO-CERCEVE
100
AcDbPolyline
 90
4
 70
1
 10
1675.0
 20
787.4
 10
2420.0
 20
787.4
 10
2420.0
 20
798.0
 10
1675.0
 20
798.0
  0
LINE
  5
CAC
330
17
100
AcDbEntity
  8
43-TABLO-CERCEVE
100
AcDbLine
 10
1675.0
 20
788.1999999999999
 30
0.0
 11
2420.0
 21
788.1999999999999
 31
0.0
  0
TEXT
  5
CAD
330
17
100
AcDbEntity
  8
42-TABLO
100
AcDbText
 10
1688.75
 20
792.7
 30
0.0
 40
2.6
  1
Direk
  7
TRKB
 72
1
 11
1688.75
 21
792.7
 31
0.0
100
AcDbText
 73
2
  0
LINE
  5
CAE
330
17
100
AcDbEntity
  8
43-TABLO-CERCEVE
100
AcDbLine
 10
1702.5
 20
798.0
 30
0.0
 11
1702.5
 21
787.4
 31
0.0
  0
TEXT
  5
CAF
330
17
100
AcDbEntity
  8
42-TABLO
100
AcDbText
 10
1752.5
 20
792.7
 30
0.0
 40
2.6
  1
Görevi
  7
TRKB
 72
1
 11
1752.5
 21
792.7
 31
0.0
100
AcDbText
 73
2
  0
LINE
  5
CB0
330
17
100
AcDbEntity
  8
43-TABLO-CERCEVE
100
AcDbLine
 10
1802.5
 20
798.0
 30
0.0
 11
1802.5
 21
787.4
 31
0.0
  0
TEXT
  5
CB1
330
17
100
AcDbEntity
  8
42-TABLO
100
AcDbText
 10
1820.0
 20
794.5500000000001
 30
0.0
 40
2.6
  1
Seçilen
  7
TRKB
 72
1
 11
1820.0
 21
794.5500000000001
 31
0.0
100
AcDbText
 73
2
  0
TEXT
  5
CB2
330
17
100
AcDbEntity
  8
42-TABLO
100
AcDbText
 10
1820.0
 20
790.8500000000001
 30
0.0
 40
2.6
  1
tip
  7
TRKB
 72
1
 11
1820.0
 21
790.8500000000001
 31
0.0
100
AcDbText
 73
2
  0
LINE
  5
CB3
330
17
100
AcDbEntity
  8
43-TABLO-CERCEVE
100
AcDbLine
 10
1837.5
 20
798.0
 30
0.0
 11
1837.5
 21
787.4
 31
0.0
  0
TEXT
  5
CB4
330
17
100
AcDbEntity
  8
42-TABLO
100
AcDbText
 10
1852.5
 20
794.5500000000001
 30
0.0
 40
2.6
  1
Ýç açý
  7
TRKB
 72
1
 11
1852.5
 21
794.5500000000001
 31
0.0
100
AcDbText
 73
2
  0
TEXT
  5
CB5
330
17
100
AcDbEntity
  8
42-TABLO
100
AcDbText
 10
1852.5
 20
790.8500000000001
 30
0.0
 40
2.6
  1
\U+03b2 (°)
  7
TRKB
 72
1
 11
1852.5
 21
790.8500000000001
 31
0.0
100
AcDbText
 73
2
  0
LINE
  5
CB6
330
17
100
AcDbEntity
  8
43-TABLO-CERCEVE
100
AcDbLine
 10
1867.5
 20
798.0
 30
0.0
 11
1867.5
 21
787.4
 31
0.0
  0
TEXT
  5
CB7
330
17
100
AcDbEntity
  8
42-TABLO
100
AcDbText
 10
1885.0
 20
794.5500000000001
 30
0.0
 40
2.6
  1
n=
  7
TRKB
 72
1
 11
1885.0
 21
794.5500000000001
 31
0.0
100
AcDbText
 73
2
  0
TEXT
  5
CB8
330
17
100
AcDbEntity
  8
42-TABLO
100
AcDbText
 10
1885.0
 20
790.8500000000001
 30
0.0
 40
2.6
  1
2cos(\U+03b2/2)
  7
TRKB
 72
1
 11
1885.0
 21
790.8500000000001
 31
0.0
100
AcDbText
 73
2
  0
LINE
  5
CB9
330
17
100
AcDbEntity
  8
43-TABLO-CERCEVE
100
AcDbLine
 10
1902.5
 20
798.0
 30
0.0
 11
1902.5
 21
787.4
 31
0.0
  0
TEXT
  5
CBA
330
17
100
AcDbEntity
  8
42-TABLO
100
AcDbText
 10
1927.5
 20
794.5500000000001
 30
0.0
 40
2.6
  1
a1 / a2
  7
TRKB
 72
1
 11
1927.5
 21
794.5500000000001
 31
0.0
100
AcDbText
 73
2
  0
TEXT
  5
CBB
330
17
100
AcDbEntity
  8
42-TABLO
100
AcDbText
 10
1927.5
 20
790.8500000000001
 30
0.0
 40
2.6
  1
(m)
  7
TRKB
 72
1
 11
1927.5
 21
790.8500000000001
 31
0.0
100
AcDbText
 73
2
  0
LINE
  5
CBC
330
17
100
AcDbEntity
  8
43-TABLO-CERCEVE
100
AcDbLine
 10
1952.5
 20
798.0
 30
0.0
 11
1952.5
 21
787.4
 31
0.0
  0
TEXT
  5
CBD
330
17
100
AcDbEntity
  8
42-TABLO
100
AcDbText
 10
1970.0
 20
794.5500000000001
 30
0.0
 40
2.6
  1
aw
  7
TRKB
 72
1
 11
1970.0
 21
794.5500000000001
 31
0.0
100
AcDbText
 73
2
  0
TEXT
  5
CBE
330
17
100
AcDbEntity
  8
42-TABLO
100
AcDbText
 10
1970.0
 20
790.8500000000001
 30
0.0
 40
2.6
  1
(m)
  7
TRKB
 72
1
 11
1970.0
 21
790.8500000000001
 31
0.0
100
AcDbText
 73
2
  0
LINE
  5
CBF
330
17
100
AcDbEntity
  8
43-TABLO-CERCEVE
100
AcDbLine
 10
1987.5
 20
798.0
 30
0.0
 11
1987.5
 21
787.4
 31
0.0
  0
TEXT
  5
CC0
330
17
100
AcDbEntity
  8
42-TABLO
100
AcDbText
 10
2006.25
 20
794.5500000000001
 30
0.0
 40
2.6
  1
T_OG
  7
TRKB
 72
1
 11
2006.25
 21
794.5500000000001
 31
0.0
100
AcDbText
 73
2
  0
TEXT
  5
CC1
330
17
100
AcDbEntity
  8
42-TABLO
100
AcDbText
 10
2006.25
 20
790.8500000000001
 30
0.0
 40
2.6
  1
(kg/iletken)
  7
TRKB
 72
1
 11
2006.25
 21
790.8500000000001
 31
0.0
100
AcDbText
 73
2
  0
LINE
  5
CC2
330
17
100
AcDbEntity
  8
43-TABLO-CERCEVE
100
AcDbLine
 10
2025.0
 20
798.0
 30
0.0
 11
2025.0
 21
787.4
 31
0.0
  0
TEXT
  5
CC3
330
17
100
AcDbEntity
  8
42-TABLO
100
AcDbText
 10
2041.25
 20
794.5500000000001
 30
0.0
 40
2.6
  1
T_AG
  7
TRKB
 72
1
 11
2041.25
 21
794.5500000000001
 31
0.0
100
AcDbText
 73
2
  0
TEXT
  5
CC4
330
17
100
AcDbEntity
  8
42-TABLO
100
AcDbText
 10
2041.25
 20
790.8500000000001
 30
0.0
 40
2.6
  1
(kg)
  7
TRKB
 72
1
 11
2041.25
 21
790.8500000000001
 31
0.0
100
AcDbText
 73
2
  0
LINE
  5
CC5
330
17
100
AcDbEntity
  8
43-TABLO-CERCEVE
100
AcDbLine
 10
2057.5
 20
798.0
 30
0.0
 11
2057.5
 21
787.4
 31
0.0
  0
TEXT
  5
CC6
330
17
100
AcDbEntity
  8
42-TABLO
100
AcDbText
 10
2073.75
 20
792.7
 30
0.0
 40
2.6
  1
h_AG/H
  7
TRKB
 72
1
 11
2073.75
 21
792.7
 31
0.0
100
AcDbText
 73
2
  0
LINE
  5
CC7
330
17
100
AcDbEntity
  8
43-TABLO-CERCEVE
100
AcDbLine
 10
2090.0
 20
798.0
 30
0.0
 11
2090.0
 21
787.4
 31
0.0
  0
TEXT
  5
CC8
330
17
100
AcDbEntity
  8
42-TABLO
100
AcDbText
 10
2113.75
 20
794.5500000000001
 30
0.0
 40
2.6
  1
OG etkisi
  7
TRKB
 72
1
 11
2113.75
 21
794.5500000000001
 31
0.0
100
AcDbText
 73
2
  0
TEXT
  5
CC9
330
17
100
AcDbEntity
  8
42-TABLO
100
AcDbText
 10
2113.75
 20
790.8500000000001
 30
0.0
 40
2.6
  1
(kg)
  7
TRKB
 72
1
 11
2113.75
 21
790.8500000000001
 31
0.0
100
AcDbText
 73
2
  0
LINE
  5
CCA
330
17
100
AcDbEntity
  8
43-TABLO-CERCEVE
100
AcDbLine
 10
2137.5
 20
798.0
 30
0.0
 11
2137.5
 21
787.4
 31
0.0
  0
TEXT
  5
CCB
330
17
100
AcDbEntity
  8
42-TABLO
100
AcDbText
 10
2158.75
 20
794.5500000000001
 30
0.0
 40
2.6
  1
AG etkisi
  7
TRKB
 72
1
 11
2158.75
 21
794.5500000000001
 31
0.0
100
AcDbText
 73
2
  0
TEXT
  5
CCC
330
17
100
AcDbEntity
  8
42-TABLO
100
AcDbText
 10
2158.75
 20
790.8500000000001
 30
0.0
 40
2.6
  1
(kg)
  7
TRKB
 72
1
 11
2158.75
 21
790.8500000000001
 31
0.0
100
AcDbText
 73
2
  0
LINE
  5
CCD
330
17
100
AcDbEntity
  8
43-TABLO-CERCEVE
100
AcDbLine
 10
2180.0
 20
798.0
 30
0.0
 11
2180.0
 21
787.4
 31
0.0
  0
TEXT
  5
CCE
330
17
100
AcDbEntity
  8
42-TABLO
100
AcDbText
 10
2213.75
 20
794.5500000000001
 30
0.0
 40
2.6
  1
Hesap tepe
  7
TRKB
 72
1
 11
2213.75
 21
794.5500000000001
 31
0.0
100
AcDbText
 73
2
  0
TEXT
  5
CCF
330
17
100
AcDbEntity
  8
42-TABLO
100
AcDbText
 10
2213.75
 20
790.8500000000001
 30
0.0
 40
2.6
  1
kuvveti (kg)
  7
TRKB
 72
1
 11
2213.75
 21
790.8500000000001
 31
0.0
100
AcDbText
 73
2
  0
LINE
  5
CD0
330
17
100
AcDbEntity
  8
43-TABLO-CERCEVE
100
AcDbLine
 10
2247.5
 20
798.0
 30
0.0
 11
2247.5
 21
787.4
 31
0.0
  0
TEXT
  5
CD1
330
17
100
AcDbEntity
  8
42-TABLO
100
AcDbText
 10
2271.25
 20
794.5500000000001
 30
0.0
 40
2.6
  1
Belirleyici
  7
TRKB
 72
1
 11
2271.25
 21
794.5500000000001
 31
0.0
100
AcDbText
 73
2
  0
TEXT
  5
CD2
330
17
100
AcDbEntity
  8
42-TABLO
100
AcDbText
 10
2271.25
 20
790.8500000000001
 30
0.0
 40
2.6
  1
varsayým
  7
TRKB
 72
1
 11
2271.25
 21
790.8500000000001
 31
0.0
100
AcDbText
 73
2
  0
LINE
  5
CD3
330
17
100
AcDbEntity
  8
43-TABLO-CERCEVE
100
AcDbLine
 10
2295.0
 20
798.0
 30
0.0
 11
2295.0
 21
787.4
 31
0.0
  0
TEXT
  5
CD4
330
17
100
AcDbEntity
  8
42-TABLO
100
AcDbText
 10
2321.25
 20
794.5500000000001
 30
0.0
 40
2.6
  1
Katalog tepe
  7
TRKB
 72
1
 11
2321.25
 21
794.5500000000001
 31
0.0
100
AcDbText
 73
2
  0
TEXT
  5
CD5
330
17
100
AcDbEntity
  8
42-TABLO
100
AcDbText
 10
2321.25
 20
790.8500000000001
 30
0.0
 40
2.6
  1
kuvveti (kg)
  7
TRKB
 72
1
 11
2321.25
 21
790.8500000000001
 31
0.0
100
AcDbText
 73
2
  0
LINE
  5
CD6
330
17
100
AcDbEntity
  8
43-TABLO-CERCEVE
100
AcDbLine
 10
2347.5
 20
798.0
 30
0.0
 11
2347.5
 21
787.4
 31
0.0
  0
TEXT
  5
CD7
330
17
100
AcDbEntity
  8
42-TABLO
100
AcDbText
 10
2366.25
 20
794.5500000000001
 30
0.0
 40
2.6
  1
En büyük
  7
TRKB
 72
1
 11
2366.25
 21
794.5500000000001
 31
0.0
100
AcDbText
 73
2
  0
TEXT
  5
CD8
330
17
100
AcDbEntity
  8
42-TABLO
100
AcDbText
 10
2366.25
 20
790.8500000000001
 30
0.0
 40
2.6
  1
kullaným
  7
TRKB
 72
1
 11
2366.25
 21
790.8500000000001
 31
0.0
100
AcDbText
 73
2
  0
LINE
  5
CD9
330
17
100
AcDbEntity
  8
43-TABLO-CERCEVE
100
AcDbLine
 10
2385.0
 20
798.0
 30
0.0
 11
2385.0
 21
787.4
 31
0.0
  0
TEXT
  5
CDA
330
17
100
AcDbEntity
  8
42-TABLO
100
AcDbText
 10
2402.5
 20
792.7
 30
0.0
 40
2.6
  1
Sonuç
  7
TRKB
 72
1
 11
2402.5
 21
792.7
 31
0.0
100
AcDbText
 73
2
  0
LINE
  5
CDB
330
17
100
AcDbEntity
  8
43-TABLO-CERCEVE
100
AcDbLine
 10
2420.0
 20
798.0
 30
0.0
 11
2420.0
 21
787.4
 31
0.0
  0
TEXT
  5
CDC
330
17
100
AcDbEntity
  8
42-TABLO
100
AcDbText
 10
1688.75
 20
783.1999999999999
 30
0.0
 40
2.6
  1
D1
  7
TRK
 72
1
 11
1688.75
 21
783.1999999999999
 31
0.0
100
AcDbText
 73
2
  0
LINE
  5
CDD
330
17
100
AcDbEntity
  8
42-TABLO
100
AcDbLine
 10
1702.5
 20
787.4
 30
0.0
 11
1702.5
 21
779.0
 31
0.0
  0
TEXT
  5
CDE
330
17
100
AcDbEntity
  8
42-TABLO
100
AcDbText
 10
1752.5
 20
783.1999999999999
 30
0.0
 40
2.6
  1
Seksiyoner + köþe durdurucu
  7
TRK
 72
1
 11
1752.5
 21
783.1999999999999
 31
0.0
100
AcDbText
 73
2
  0
LINE
  5
CDF
330
17
100
AcDbEntity
  8
42-TABLO
100
AcDbLine
 10
1802.5
 20
787.4
 30
0.0
 11
1802.5
 21
779.0
 31
0.0
  0
TEXT
  5
CE0
330
17
100
AcDbEntity
  8
42-TABLO
100
AcDbText
 10
1820.0
 20
783.1999999999999
 30
0.0
 40
2.6
  1
K5''
  7
TRK
 72
1
 11
1820.0
 21
783.1999999999999
 31
0.0
100
AcDbText
 73
2
  0
LINE
  5
CE1
330
17
100
AcDbEntity
  8
42-TABLO
100
AcDbLine
 10
1837.5
 20
787.4
 30
0.0
 11
1837.5
 21
779.0
 31
0.0
  0
TEXT
  5
CE2
330
17
100
AcDbEntity
  8
42-TABLO
100
AcDbText
 10
1852.5
 20
783.1999999999999
 30
0.0
 40
2.6
  1
70
  7
TRK
 72
1
 11
1852.5
 21
783.1999999999999
 31
0.0
100
AcDbText
 73
2
  0
LINE
  5
CE3
330
17
100
AcDbEntity
  8
42-TABLO
100
AcDbLine
 10
1867.5
 20
787.4
 30
0.0
 11
1867.5
 21
779.0
 31
0.0
  0
TEXT
  5
CE4
330
17
100
AcDbEntity
  8
42-TABLO
100
AcDbText
 10
1885.0
 20
783.1999999999999
 30
0.0
 40
2.6
  1
1,64
  7
TRK
 72
1
 11
1885.0
 21
783.1999999999999
 31
0.0
100
AcDbText
 73
2
  0
LINE
  5
CE5
330
17
100
AcDbEntity
  8
42-TABLO
100
AcDbLine
 10
1902.5
 20
787.4
 30
0.0
 11
1902.5
 21
779.0
 31
0.0
  0
TEXT
  5
CE6
330
17
100
AcDbEntity
  8
42-TABLO
100
AcDbText
 10
1927.5
 20
783.1999999999999
 30
0.0
 40
2.6
  1
35 (M) / 45
  7
TRK
 72
1
 11
1927.5
 21
783.1999999999999
 31
0.0
100
AcDbText
 73
2
  0
LINE
  5
CE7
330
17
100
AcDbEntity
  8
42-TABLO
100
AcDbLine
 10
1952.5
 20
787.4
 30
0.0
 11
1952.5
 21
779.0
 31
0.0
  0
TEXT
  5
CE8
330
17
100
AcDbEntity
  8
42-TABLO
100
AcDbText
 10
1970.0
 20
783.1999999999999
 30
0.0
 40
2.6
  1
40,0
  7
TRK
 72
1
 11
1970.0
 21
783.1999999999999
 31
0.0
100
AcDbText
 73
2
  0
LINE
  5
CE9
330
17
100
AcDbEntity
  8
42-TABLO
100
AcDbLine
 10
1987.5
 20
787.4
 30
0.0
 11
1987.5
 21
779.0
 31
0.0
  0
TEXT
  5
CEA
330
17
100
AcDbEntity
  8
42-TABLO
100
AcDbText
 10
2006.25
 20
783.1999999999999
 30
0.0
 40
2.6
  1
496,5
  7
TRK
 72
1
 11
2006.25
 21
783.1999999999999
 31
0.0
100
AcDbText
 73
2
  0
LINE
  5
CEB
330
17
100
AcDbEntity
  8
42-TABLO
100
AcDbLine
 10
2025.0
 20
787.4
 30
0.0
 11
2025.0
 21
779.0
 31
0.0
  0
TEXT
  5
CEC
330
17
100
AcDbEntity
  8
42-TABLO
100
AcDbText
 10
2041.25
 20
783.1999999999999
 30
0.0
 40
2.6
  1
650,0
  7
TRK
 72
1
 11
2041.25
 21
783.1999999999999
 31
0.0
100
AcDbText
 73
2
  0
LINE
  5
CED
330
17
100
AcDbEntity
  8
42-TABLO
100
AcDbLine
 10
2057.5
 20
787.4
 30
0.0
 11
2057.5
 21
779.0
 31
0.0
  0
TEXT
  5
CEE
330
17
100
AcDbEntity
  8
42-TABLO
100
AcDbText
 10
2073.75
 20
783.1999999999999
 30
0.0
 40
2.6
  1
0,738
  7
TRK
 72
1
 11
2073.75
 21
783.1999999999999
 31
0.0
100
AcDbText
 73
2
  0
LINE
  5
CEF
330
17
100
AcDbEntity
  8
42-TABLO
100
AcDbLine
 10
2090.0
 20
787.4
 30
0.0
 11
2090.0
 21
779.0
 31
0.0
  0
TEXT
  5
CF0
330
17
100
AcDbEntity
  8
42-TABLO
100
AcDbText
 10
2113.75
 20
783.1999999999999
 30
0.0
 40
2.6
  1
2.440,3
  7
TRK
 72
1
 11
2113.75
 21
783.1999999999999
 31
0.0
100
AcDbText
 73
2
  0
LINE
  5
CF1
330
17
100
AcDbEntity
  8
42-TABLO
100
AcDbLine
 10
2137.5
 20
787.4
 30
0.0
 11
2137.5
 21
779.0
 31
0.0
  0
TEXT
  5
CF2
330
17
100
AcDbEntity
  8
42-TABLO
100
AcDbText
 10
2158.75
 20
783.1999999999999
 30
0.0
 40
2.6
  1
479,8
  7
TRK
 72
1
 11
2158.75
 21
783.1999999999999
 31
0.0
100
AcDbText
 73
2
  0
LINE
  5
CF3
330
17
100
AcDbEntity
  8
42-TABLO
100
AcDbLine
 10
2180.0
 20
787.4
 30
0.0
 11
2180.0
 21
779.0
 31
0.0
  0
TEXT
  5
CF4
330
17
100
AcDbEntity
  8
42-TABLO
100
AcDbText
 10
2213.75
 20
783.1999999999999
 30
0.0
 40
2.6
  1
2.846,7
  7
TRK
 72
1
 11
2213.75
 21
783.1999999999999
 31
0.0
100
AcDbText
 73
2
  0
LINE
  5
CF5
330
17
100
AcDbEntity
  8
42-TABLO
100
AcDbLine
 10
2247.5
 20
787.4
 30
0.0
 11
2247.5
 21
779.0
 31
0.0
  0
TEXT
  5
CF6
330
17
100
AcDbEntity
  8
42-TABLO
100
AcDbText
 10
2271.25
 20
783.1999999999999
 30
0.0
 40
2.6
  1
V5
  7
TRK
 72
1
 11
2271.25
 21
783.1999999999999
 31
0.0
100
AcDbText
 73
2
  0
LINE
  5
CF7
330
17
100
AcDbEntity
  8
42-TABLO
100
AcDbLine
 10
2295.0
 20
787.4
 30
0.0
 11
2295.0
 21
779.0
 31
0.0
  0
TEXT
  5
CF8
330
17
100
AcDbEntity
  8
42-TABLO
100
AcDbText
 10
2321.25
 20
783.1999999999999
 30
0.0
 40
2.6
  1
4.432
  7
TRK
 72
1
 11
2321.25
 21
783.1999999999999
 31
0.0
100
AcDbText
 73
2
  0
LINE
  5
CF9
330
17
100
AcDbEntity
  8
42-TABLO
100
AcDbLine
 10
2347.5
 20
787.4
 30
0.0
 11
2347.5
 21
779.0
 31
0.0
  0
TEXT
  5
CFA
330
17
100
AcDbEntity
  8
42-TABLO
100
AcDbText
 10
2366.25
 20
783.1999999999999
 30
0.0
 40
2.6
  1
%64
  7
TRK
 72
1
 11
2366.25
 21
783.1999999999999
 31
0.0
100
AcDbText
 73
2
  0
LINE
  5
CFB
330
17
100
AcDbEntity
  8
42-TABLO
100
AcDbLine
 10
2385.0
 20
787.4
 30
0.0
 11
2385.0
 21
779.0
 31
0.0
  0
TEXT
  5
CFC
330
17
100
AcDbEntity
  8
42-TABLO
100
AcDbText
 10
2402.5
 20
783.1999999999999
 30
0.0
 40
2.6
  1
UYGUN
  7
TRK
 72
1
 11
2402.5
 21
783.1999999999999
 31
0.0
100
AcDbText
 73
2
  0
LINE
  5
CFD
330
17
100
AcDbEntity
  8
42-TABLO
100
AcDbLine
 10
2420.0
 20
787.4
 30
0.0
 11
2420.0
 21
779.0
 31
0.0
  0
LINE
  5
CFE
330
17
100
AcDbEntity
  8
42-TABLO
100
AcDbLine
 10
1675.0
 20
779.0
 30
0.0
 11
2420.0
 21
779.0
 31
0.0
  0
TEXT
  5
CFF
330
17
100
AcDbEntity
  8
42-TABLO
100
AcDbText
 10
1688.75
 20
774.8
 30
0.0
 40
2.6
  1
D2
  7
TRK
 72
1
 11
1688.75
 21
774.8
 31
0.0
100
AcDbText
 73
2
  0
LINE
  5
D00
330
17
100
AcDbEntity
  8
42-TABLO
100
AcDbLine
 10
1702.5
 20
779.0
 30
0.0
 11
1702.5
 21
770.6
 31
0.0
  0
TEXT
  5
D01
330
17
100
AcDbEntity
  8
42-TABLO
100
AcDbText
 10
1752.5
 20
774.8
 30
0.0
 40
2.6
  1
Köþe durdurucu
  7
TRK
 72
1
 11
1752.5
 21
774.8
 31
0.0
100
AcDbText
 73
2
  0
LINE
  5
D02
330
17
100
AcDbEntity
  8
42-TABLO
100
AcDbLine
 10
1802.5
 20
779.0
 30
0.0
 11
1802.5
 21
770.6
 31
0.0
  0
TEXT
  5
D03
330
17
100
AcDbEntity
  8
42-TABLO
100
AcDbText
 10
1820.0
 20
774.8
 30
0.0
 40
2.6
  1
K5''
  7
TRK
 72
1
 11
1820.0
 21
774.8
 31
0.0
100
AcDbText
 73
2
  0
LINE
  5
D04
330
17
100
AcDbEntity
  8
42-TABLO
100
AcDbLine
 10
1837.5
 20
779.0
 30
0.0
 11
1837.5
 21
770.6
 31
0.0
  0
TEXT
  5
D05
330
17
100
AcDbEntity
  8
42-TABLO
100
AcDbText
 10
1852.5
 20
774.8
 30
0.0
 40
2.6
  1
80
  7
TRK
 72
1
 11
1852.5
 21
774.8
 31
0.0
100
AcDbText
 73
2
  0
LINE
  5
D06
330
17
100
AcDbEntity
  8
42-TABLO
100
AcDbLine
 10
1867.5
 20
779.0
 30
0.0
 11
1867.5
 21
770.6
 31
0.0
  0
TEXT
  5
D07
330
17
100
AcDbEntity
  8
42-TABLO
100
AcDbText
 10
1885.0
 20
774.8
 30
0.0
 40
2.6
  1
1,53
  7
TRK
 72
1
 11
1885.0
 21
774.8
 31
0.0
100
AcDbText
 73
2
  0
LINE
  5
D08
330
17
100
AcDbEntity
  8
42-TABLO
100
AcDbLine
 10
1902.5
 20
779.0
 30
0.0
 11
1902.5
 21
770.6
 31
0.0
  0
TEXT
  5
D09
330
17
100
AcDbEntity
  8
42-TABLO
100
AcDbText
 10
1927.5
 20
774.8
 30
0.0
 40
2.6
  1
45 / 50
  7
TRK
 72
1
 11
1927.5
 21
774.8
 31
0.0
100
AcDbText
 73
2
  0
LINE
  5
D0A
330
17
100
AcDbEntity
  8
42-TABLO
100
AcDbLine
 10
1952.5
 20
779.0
 30
0.0
 11
1952.5
 21
770.6
 31
0.0
  0
TEXT
  5
D0B
330
17
100
AcDbEntity
  8
42-TABLO
100
AcDbText
 10
1970.0
 20
774.8
 30
0.0
 40
2.6
  1
47,5
  7
TRK
 72
1
 11
1970.0
 21
774.8
 31
0.0
100
AcDbText
 73
2
  0
LINE
  5
D0C
330
17
100
AcDbEntity
  8
42-TABLO
100
AcDbLine
 10
1987.5
 20
779.0
 30
0.0
 11
1987.5
 21
770.6
 31
0.0
  0
TEXT
  5
D0D
330
17
100
AcDbEntity
  8
42-TABLO
100
AcDbText
 10
2006.25
 20
774.8
 30
0.0
 40
2.6
  1
496,5
  7
TRK
 72
1
 11
2006.25
 21
774.8
 31
0.0
100
AcDbText
 73
2
  0
LINE
  5
D0E
330
17
100
AcDbEntity
  8
42-TABLO
100
AcDbLine
 10
2025.0
 20
779.0
 30
0.0
 11
2025.0
 21
770.6
 31
0.0
  0
TEXT
  5
D0F
330
17
100
AcDbEntity
  8
42-TABLO
100
AcDbText
 10
2041.25
 20
774.8
 30
0.0
 40
2.6
  1
650,0
  7
TRK
 72
1
 11
2041.25
 21
774.8
 31
0.0
100
AcDbText
 73
2
  0
LINE
  5
D10
330
17
100
AcDbEntity
  8
42-TABLO
100
AcDbLine
 10
2057.5
 20
779.0
 30
0.0
 11
2057.5
 21
770.6
 31
0.0
  0
TEXT
  5
D11
330
17
100
AcDbEntity
  8
42-TABLO
100
AcDbText
 10
2073.75
 20
774.8
 30
0.0
 40
2.6
  1
0,843
  7
TRK
 72
1
 11
2073.75
 21
774.8
 31
0.0
100
AcDbText
 73
2
  0
LINE
  5
D12
330
17
100
AcDbEntity
  8
42-TABLO
100
AcDbLine
 10
2090.0
 20
779.0
 30
0.0
 11
2090.0
 21
770.6
 31
0.0
  0
TEXT
  5
D13
330
17
100
AcDbEntity
  8
42-TABLO
100
AcDbText
 10
2113.75
 20
774.8
 30
0.0
 40
2.6
  1
2.282,0
  7
TRK
 72
1
 11
2113.75
 21
774.8
 31
0.0
100
AcDbText
 73
2
  0
LINE
  5
D14
330
17
100
AcDbEntity
  8
42-TABLO
100
AcDbLine
 10
2137.5
 20
779.0
 30
0.0
 11
2137.5
 21
770.6
 31
0.0
  0
TEXT
  5
D15
330
17
100
AcDbEntity
  8
42-TABLO
100
AcDbText
 10
2158.75
 20
774.8
 30
0.0
 40
2.6
  1
839,4
  7
TRK
 72
1
 11
2158.75
 21
774.8
 31
0.0
100
AcDbText
 73
2
  0
LINE
  5
D16
330
17
100
AcDbEntity
  8
42-TABLO
100
AcDbLine
 10
2180.0
 20
779.0
 30
0.0
 11
2180.0
 21
770.6
 31
0.0
  0
TEXT
  5
D17
330
17
100
AcDbEntity
  8
42-TABLO
100
AcDbText
 10
2213.75
 20
774.8
 30
0.0
 40
2.6
  1
3.121,5
  7
TRK
 72
1
 11
2213.75
 21
774.8
 31
0.0
100
AcDbText
 73
2
  0
LINE
  5
D18
330
17
100
AcDbEntity
  8
42-TABLO
100
AcDbLine
 10
2247.5
 20
779.0
 30
0.0
 11
2247.5
 21
770.6
 31
0.0
  0
TEXT
  5
D19
330
17
100
AcDbEntity
  8
42-TABLO
100
AcDbText
 10
2271.25
 20
774.8
 30
0.0
 40
2.6
  1
V5
  7
TRK
 72
1
 11
2271.25
 21
774.8
 31
0.0
100
AcDbText
 73
2
  0
LINE
  5
D1A
330
17
100
AcDbEntity
  8
42-TABLO
100
AcDbLine
 10
2295.0
 20
779.0
 30
0.0
 11
2295.0
 21
770.6
 31
0.0
  0
TEXT
  5
D1B
330
17
100
AcDbEntity
  8
42-TABLO
100
AcDbText
 10
2321.25
 20
774.8
 30
0.0
 40
2.6
  1
4.432
  7
TRK
 72
1
 11
2321.25
 21
774.8
 31
0.0
100
AcDbText
 73
2
  0
LINE
  5
D1C
330
17
100
AcDbEntity
  8
42-TABLO
100
AcDbLine
 10
2347.5
 20
779.0
 30
0.0
 11
2347.5
 21
770.6
 31
0.0
  0
TEXT
  5
D1D
330
17
100
AcDbEntity
  8
42-TABLO
100
AcDbText
 10
2366.25
 20
774.8
 30
0.0
 40
2.6
  1
%70
  7
TRK
 72
1
 11
2366.25
 21
774.8
 31
0.0
100
AcDbText
 73
2
  0
LINE
  5
D1E
330
17
100
AcDbEntity
  8
42-TABLO
100
AcDbLine
 10
2385.0
 20
779.0
 30
0.0
 11
2385.0
 21
770.6
 31
0.0
  0
TEXT
  5
D1F
330
17
100
AcDbEntity
  8
42-TABLO
100
AcDbText
 10
2402.5
 20
774.8
 30
0.0
 40
2.6
  1
UYGUN
  7
TRK
 72
1
 11
2402.5
 21
774.8
 31
0.0
100
AcDbText
 73
2
  0
LINE
  5
D20
330
17
100
AcDbEntity
  8
42-TABLO
100
AcDbLine
 10
2420.0
 20
779.0
 30
0.0
 11
2420.0
 21
770.6
 31
0.0
  0
LINE
  5
D21
330
17
100
AcDbEntity
  8
42-TABLO
100
AcDbLine
 10
1675.0
 20
770.6
 30
0.0
 11
2420.0
 21
770.6
 31
0.0
  0
TEXT
  5
D22
330
17
100
AcDbEntity
  8
42-TABLO
100
AcDbText
 10
1688.75
 20
766.4
 30
0.0
 40
2.6
  1
D3
  7
TRK
 72
1
 11
1688.75
 21
766.4
 31
0.0
100
AcDbText
 73
2
  0
LINE
  5
D23
330
17
100
AcDbEntity
  8
42-TABLO
100
AcDbLine
 10
1702.5
 20
770.6
 30
0.0
 11
1702.5
 21
762.2
 31
0.0
  0
TEXT
  5
D24
330
17
100
AcDbEntity
  8
42-TABLO
100
AcDbText
 10
1752.5
 20
766.4
 30
0.0
 40
2.6
  1
Taþýyýcý
  7
TRK
 72
1
 11
1752.5
 21
766.4
 31
0.0
100
AcDbText
 73
2
  0
LINE
  5
D25
330
17
100
AcDbEntity
  8
42-TABLO
100
AcDbLine
 10
1802.5
 20
770.6
 30
0.0
 11
1802.5
 21
762.2
 31
0.0
  0
TEXT
  5
D26
330
17
100
AcDbEntity
  8
42-TABLO
100
AcDbText
 10
1820.0
 20
766.4
 30
0.0
 40
2.6
  1
12U''
  7
TRK
 72
1
 11
1820.0
 21
766.4
 31
0.0
100
AcDbText
 73
2
  0
LINE
  5
D27
330
17
100
AcDbEntity
  8
42-TABLO
100
AcDbLine
 10
1837.5
 20
770.6
 30
0.0
 11
1837.5
 21
762.2
 31
0.0
  0
TEXT
  5
D28
330
17
100
AcDbEntity
  8
42-TABLO
100
AcDbText
 10
1852.5
 20
766.4
 30
0.0
 40
2.6
  1
180
  7
TRK
 72
1
 11
1852.5
 21
766.4
 31
0.0
100
AcDbText
 73
2
  0
LINE
  5
D29
330
17
100
AcDbEntity
  8
42-TABLO
100
AcDbLine
 10
1867.5
 20
770.6
 30
0.0
 11
1867.5
 21
762.2
 31
0.0
  0
TEXT
  5
D2A
330
17
100
AcDbEntity
  8
42-TABLO
100
AcDbText
 10
1885.0
 20
766.4
 30
0.0
 40
2.6
  1
0,00
  7
TRK
 72
1
 11
1885.0
 21
766.4
 31
0.0
100
AcDbText
 73
2
  0
LINE
  5
D2B
330
17
100
AcDbEntity
  8
42-TABLO
100
AcDbLine
 10
1902.5
 20
770.6
 30
0.0
 11
1902.5
 21
762.2
 31
0.0
  0
TEXT
  5
D2C
330
17
100
AcDbEntity
  8
42-TABLO
100
AcDbText
 10
1927.5
 20
766.4
 30
0.0
 40
2.6
  1
50 / 50
  7
TRK
 72
1
 11
1927.5
 21
766.4
 31
0.0
100
AcDbText
 73
2
  0
LINE
  5
D2D
330
17
100
AcDbEntity
  8
42-TABLO
100
AcDbLine
 10
1952.5
 20
770.6
 30
0.0
 11
1952.5
 21
762.2
 31
0.0
  0
TEXT
  5
D2E
330
17
100
AcDbEntity
  8
42-TABLO
100
AcDbText
 10
1970.0
 20
766.4
 30
0.0
 40
2.6
  1
50,0
  7
TRK
 72
1
 11
1970.0
 21
766.4
 31
0.0
100
AcDbText
 73
2
  0
LINE
  5
D2F
330
17
100
AcDbEntity
  8
42-TABLO
100
AcDbLine
 10
1987.5
 20
770.6
 30
0.0
 11
1987.5
 21
762.2
 31
0.0
  0
TEXT
  5
D30
330
17
100
AcDbEntity
  8
42-TABLO
100
AcDbText
 10
2006.25
 20
766.4
 30
0.0
 40
2.6
  1
496,5
  7
TRK
 72
1
 11
2006.25
 21
766.4
 31
0.0
100
AcDbText
 73
2
  0
LINE
  5
D31
330
17
100
AcDbEntity
  8
42-TABLO
100
AcDbLine
 10
2025.0
 20
770.6
 30
0.0
 11
2025.0
 21
762.2
 31
0.0
  0
TEXT
  5
D32
330
17
100
AcDbEntity
  8
42-TABLO
100
AcDbText
 10
2041.25
 20
766.4
 30
0.0
 40
2.6
  1
650,0
  7
TRK
 72
1
 11
2041.25
 21
766.4
 31
0.0
100
AcDbText
 73
2
  0
LINE
  5
D33
330
17
100
AcDbEntity
  8
42-TABLO
100
AcDbLine
 10
2057.5
 20
770.6
 30
0.0
 11
2057.5
 21
762.2
 31
0.0
  0
TEXT
  5
D34
330
17
100
AcDbEntity
  8
42-TABLO
100
AcDbText
 10
2073.75
 20
766.4
 30
0.0
 40
2.6
  1
0,843
  7
TRK
 72
1
 11
2073.75
 21
766.4
 31
0.0
100
AcDbText
 73
2
  0
LINE
  5
D35
330
17
100
AcDbEntity
  8
42-TABLO
100
AcDbLine
 10
2090.0
 20
770.6
 30
0.0
 11
2090.0
 21
762.2
 31
0.0
  0
TEXT
  5
D36
330
17
100
AcDbEntity
  8
42-TABLO
100
AcDbText
 10
2113.75
 20
766.4
 30
0.0
 40
2.6
  1
W 92,6
  7
TRK
 72
1
 11
2113.75
 21
766.4
 31
0.0
100
AcDbText
 73
2
  0
LINE
  5
D37
330
17
100
AcDbEntity
  8
42-TABLO
100
AcDbLine
 10
2137.5
 20
770.6
 30
0.0
 11
2137.5
 21
762.2
 31
0.0
  0
TEXT
  5
D38
330
17
100
AcDbEntity
  8
42-TABLO
100
AcDbText
 10
2158.75
 20
766.4
 30
0.0
 40
2.6
  1
W 81,6
  7
TRK
 72
1
 11
2158.75
 21
766.4
 31
0.0
100
AcDbText
 73
2
  0
LINE
  5
D39
330
17
100
AcDbEntity
  8
42-TABLO
100
AcDbLine
 10
2180.0
 20
770.6
 30
0.0
 11
2180.0
 21
762.2
 31
0.0
  0
TEXT
  5
D3A
330
17
100
AcDbEntity
  8
42-TABLO
100
AcDbText
 10
2213.75
 20
766.4
 30
0.0
 40
2.6
  1
199,7 / 182,6
  7
TRK
 72
1
 11
2213.75
 21
766.4
 31
0.0
100
AcDbText
 73
2
  0
LINE
  5
D3B
330
17
100
AcDbEntity
  8
42-TABLO
100
AcDbLine
 10
2247.5
 20
770.6
 30
0.0
 11
2247.5
 21
762.2
 31
0.0
  0
TEXT
  5
D3C
330
17
100
AcDbEntity
  8
42-TABLO
100
AcDbText
 10
2271.25
 20
766.4
 30
0.0
 40
2.6
  1
V3
  7
TRK
 72
1
 11
2271.25
 21
766.4
 31
0.0
100
AcDbText
 73
2
  0
LINE
  5
D3D
330
17
100
AcDbEntity
  8
42-TABLO
100
AcDbLine
 10
2295.0
 20
770.6
 30
0.0
 11
2295.0
 21
762.2
 31
0.0
  0
TEXT
  5
D3E
330
17
100
AcDbEntity
  8
42-TABLO
100
AcDbText
 10
2321.25
 20
766.4
 30
0.0
 40
2.6
  1
868 / 194
  7
TRK
 72
1
 11
2321.25
 21
766.4
 31
0.0
100
AcDbText
 73
2
  0
LINE
  5
D3F
330
17
100
AcDbEntity
  8
42-TABLO
100
AcDbLine
 10
2347.5
 20
770.6
 30
0.0
 11
2347.5
 21
762.2
 31
0.0
  0
TEXT
  5
D40
330
17
100
AcDbEntity
  8
42-TABLO
100
AcDbText
 10
2366.25
 20
766.4
 30
0.0
 40
2.6
  1
%94
  7
TRK
 72
1
 11
2366.25
 21
766.4
 31
0.0
100
AcDbText
 73
2
  0
LINE
  5
D41
330
17
100
AcDbEntity
  8
42-TABLO
100
AcDbLine
 10
2385.0
 20
770.6
 30
0.0
 11
2385.0
 21
762.2
 31
0.0
  0
TEXT
  5
D42
330
17
100
AcDbEntity
  8
42-TABLO
100
AcDbText
 10
2402.5
 20
766.4
 30
0.0
 40
2.6
  1
UYGUN
  7
TRK
 72
1
 11
2402.5
 21
766.4
 31
0.0
100
AcDbText
 73
2
  0
LINE
  5
D43
330
17
100
AcDbEntity
  8
42-TABLO
100
AcDbLine
 10
2420.0
 20
770.6
 30
0.0
 11
2420.0
 21
762.2
 31
0.0
  0
LINE
  5
D44
330
17
100
AcDbEntity
  8
42-TABLO
100
AcDbLine
 10
1675.0
 20
762.2
 30
0.0
 11
2420.0
 21
762.2
 31
0.0
  0
TEXT
  5
D45
330
17
100
AcDbEntity
  8
42-TABLO
100
AcDbText
 10
1688.75
 20
758.0
 30
0.0
 40
2.6
  1
D4
  7
TRK
 72
1
 11
1688.75
 21
758.0
 31
0.0
100
AcDbText
 73
2
  0
LINE
  5
D46
330
17
100
AcDbEntity
  8
42-TABLO
100
AcDbLine
 10
1702.5
 20
762.2
 30
0.0
 11
1702.5
 21
753.8000000000001
 31
0.0
  0
TEXT
  5
D47
330
17
100
AcDbEntity
  8
42-TABLO
100
AcDbText
 10
1752.5
 20
758.0
 30
0.0
 40
2.6
  1
Taþýyýcý
  7
TRK
 72
1
 11
1752.5
 21
758.0
 31
0.0
100
AcDbText
 73
2
  0
LINE
  5
D48
330
17
100
AcDbEntity
  8
42-TABLO
100
AcDbLine
 10
1802.5
 20
762.2
 30
0.0
 11
1802.5
 21
753.8000000000001
 31
0.0
  0
TEXT
  5
D49
330
17
100
AcDbEntity
  8
42-TABLO
100
AcDbText
 10
1820.0
 20
758.0
 30
0.0
 40
2.6
  1
12U''
  7
TRK
 72
1
 11
1820.0
 21
758.0
 31
0.0
100
AcDbText
 73
2
  0
LINE
  5
D4A
330
17
100
AcDbEntity
  8
42-TABLO
100
AcDbLine
 10
1837.5
 20
762.2
 30
0.0
 11
1837.5
 21
753.8000000000001
 31
0.0
  0
TEXT
  5
D4B
330
17
100
AcDbEntity
  8
42-TABLO
100
AcDbText
 10
1852.5
 20
758.0
 30
0.0
 40
2.6
  1
180
  7
TRK
 72
1
 11
1852.5
 21
758.0
 31
0.0
100
AcDbText
 73
2
  0
LINE
  5
D4C
330
17
100
AcDbEntity
  8
42-TABLO
100
AcDbLine
 10
1867.5
 20
762.2
 30
0.0
 11
1867.5
 21
753.8000000000001
 31
0.0
  0
TEXT
  5
D4D
330
17
100
AcDbEntity
  8
42-TABLO
100
AcDbText
 10
1885.0
 20
758.0
 30
0.0
 40
2.6
  1
0,00
  7
TRK
 72
1
 11
1885.0
 21
758.0
 31
0.0
100
AcDbText
 73
2
  0
LINE
  5
D4E
330
17
100
AcDbEntity
  8
42-TABLO
100
AcDbLine
 10
1902.5
 20
762.2
 30
0.0
 11
1902.5
 21
753.8000000000001
 31
0.0
  0
TEXT
  5
D4F
330
17
100
AcDbEntity
  8
42-TABLO
100
AcDbText
 10
1927.5
 20
758.0
 30
0.0
 40
2.6
  1
50 / 50
  7
TRK
 72
1
 11
1927.5
 21
758.0
 31
0.0
100
AcDbText
 73
2
  0
LINE
  5
D50
330
17
100
AcDbEntity
  8
42-TABLO
100
AcDbLine
 10
1952.5
 20
762.2
 30
0.0
 11
1952.5
 21
753.8000000000001
 31
0.0
  0
TEXT
  5
D51
330
17
100
AcDbEntity
  8
42-TABLO
100
AcDbText
 10
1970.0
 20
758.0
 30
0.0
 40
2.6
  1
50,0
  7
TRK
 72
1
 11
1970.0
 21
758.0
 31
0.0
100
AcDbText
 73
2
  0
LINE
  5
D52
330
17
100
AcDbEntity
  8
42-TABLO
100
AcDbLine
 10
1987.5
 20
762.2
 30
0.0
 11
1987.5
 21
753.8000000000001
 31
0.0
  0
TEXT
  5
D53
330
17
100
AcDbEntity
  8
42-TABLO
100
AcDbText
 10
2006.25
 20
758.0
 30
0.0
 40
2.6
  1
496,5
  7
TRK
 72
1
 11
2006.25
 21
758.0
 31
0.0
100
AcDbText
 73
2
  0
LINE
  5
D54
330
17
100
AcDbEntity
  8
42-TABLO
100
AcDbLine
 10
2025.0
 20
762.2
 30
0.0
 11
2025.0
 21
753.8000000000001
 31
0.0
  0
TEXT
  5
D55
330
17
100
AcDbEntity
  8
42-TABLO
100
AcDbText
 10
2041.25
 20
758.0
 30
0.0
 40
2.6
  1
650,0
  7
TRK
 72
1
 11
2041.25
 21
758.0
 31
0.0
100
AcDbText
 73
2
  0
LINE
  5
D56
330
17
100
AcDbEntity
  8
42-TABLO
100
AcDbLine
 10
2057.5
 20
762.2
 30
0.0
 11
2057.5
 21
753.8000000000001
 31
0.0
  0
TEXT
  5
D57
330
17
100
AcDbEntity
  8
42-TABLO
100
AcDbText
 10
2073.75
 20
758.0
 30
0.0
 40
2.6
  1
0,843
  7
TRK
 72
1
 11
2073.75
 21
758.0
 31
0.0
100
AcDbText
 73
2
  0
LINE
  5
D58
330
17
100
AcDbEntity
  8
42-TABLO
100
AcDbLine
 10
2090.0
 20
762.2
 30
0.0
 11
2090.0
 21
753.8000000000001
 31
0.0
  0
TEXT
  5
D59
330
17
100
AcDbEntity
  8
42-TABLO
100
AcDbText
 10
2113.75
 20
758.0
 30
0.0
 40
2.6
  1
W 92,6
  7
TRK
 72
1
 11
2113.75
 21
758.0
 31
0.0
100
AcDbText
 73
2
  0
LINE
  5
D5A
330
17
100
AcDbEntity
  8
42-TABLO
100
AcDbLine
 10
2137.5
 20
762.2
 30
0.0
 11
2137.5
 21
753.8000000000001
 31
0.0
  0
TEXT
  5
D5B
330
17
100
AcDbEntity
  8
42-TABLO
100
AcDbText
 10
2158.75
 20
758.0
 30
0.0
 40
2.6
  1
W 81,6
  7
TRK
 72
1
 11
2158.75
 21
758.0
 31
0.0
100
AcDbText
 73
2
  0
LINE
  5
D5C
330
17
100
AcDbEntity
  8
42-TABLO
100
AcDbLine
 10
2180.0
 20
762.2
 30
0.0
 11
2180.0
 21
753.8000000000001
 31
0.0
  0
TEXT
  5
D5D
330
17
100
AcDbEntity
  8
42-TABLO
100
AcDbText
 10
2213.75
 20
758.0
 30
0.0
 40
2.6
  1
199,7 / 182,6
  7
TRK
 72
1
 11
2213.75
 21
758.0
 31
0.0
100
AcDbText
 73
2
  0
LINE
  5
D5E
330
17
100
AcDbEntity
  8
42-TABLO
100
AcDbLine
 10
2247.5
 20
762.2
 30
0.0
 11
2247.5
 21
753.8000000000001
 31
0.0
  0
TEXT
  5
D5F
330
17
100
AcDbEntity
  8
42-TABLO
100
AcDbText
 10
2271.25
 20
758.0
 30
0.0
 40
2.6
  1
V3
  7
TRK
 72
1
 11
2271.25
 21
758.0
 31
0.0
100
AcDbText
 73
2
  0
LINE
  5
D60
330
17
100
AcDbEntity
  8
42-TABLO
100
AcDbLine
 10
2295.0
 20
762.2
 30
0.0
 11
2295.0
 21
753.8000000000001
 31
0.0
  0
TEXT
  5
D61
330
17
100
AcDbEntity
  8
42-TABLO
100
AcDbText
 10
2321.25
 20
758.0
 30
0.0
 40
2.6
  1
868 / 194
  7
TRK
 72
1
 11
2321.25
 21
758.0
 31
0.0
100
AcDbText
 73
2
  0
LINE
  5
D62
330
17
100
AcDbEntity
  8
42-TABLO
100
AcDbLine
 10
2347.5
 20
762.2
 30
0.0
 11
2347.5
 21
753.8000000000001
 31
0.0
  0
TEXT
  5
D63
330
17
100
AcDbEntity
  8
42-TABLO
100
AcDbText
 10
2366.25
 20
758.0
 30
0.0
 40
2.6
  1
%94
  7
TRK
 72
1
 11
2366.25
 21
758.0
 31
0.0
100
AcDbText
 73
2
  0
LINE
  5
D64
330
17
100
AcDbEntity
  8
42-TABLO
100
AcDbLine
 10
2385.0
 20
762.2
 30
0.0
 11
2385.0
 21
753.8000000000001
 31
0.0
  0
TEXT
  5
D65
330
17
100
AcDbEntity
  8
42-TABLO
100
AcDbText
 10
2402.5
 20
758.0
 30
0.0
 40
2.6
  1
UYGUN
  7
TRK
 72
1
 11
2402.5
 21
758.0
 31
0.0
100
AcDbText
 73
2
  0
LINE
  5
D66
330
17
100
AcDbEntity
  8
42-TABLO
100
AcDbLine
 10
2420.0
 20
762.2
 30
0.0
 11
2420.0
 21
753.8000000000001
 31
0.0
  0
LINE
  5
D67
330
17
100
AcDbEntity
  8
42-TABLO
100
AcDbLine
 10
1675.0
 20
753.8000000000001
 30
0.0
 11
2420.0
 21
753.8000000000001
 31
0.0
  0
TEXT
  5
D68
330
17
100
AcDbEntity
  8
42-TABLO
100
AcDbText
 10
1688.75
 20
749.6
 30
0.0
 40
2.6
  1
D5
  7
TRK
 72
1
 11
1688.75
 21
749.6
 31
0.0
100
AcDbText
 73
2
  0
LINE
  5
D69
330
17
100
AcDbEntity
  8
42-TABLO
100
AcDbLine
 10
1702.5
 20
753.8000000000001
 30
0.0
 11
1702.5
 21
745.4000000000001
 31
0.0
  0
TEXT
  5
D6A
330
17
100
AcDbEntity
  8
42-TABLO
100
AcDbText
 10
1752.5
 20
749.6
 30
0.0
 40
2.6
  1
Köþe durdurucu
  7
TRK
 72
1
 11
1752.5
 21
749.6
 31
0.0
100
AcDbText
 73
2
  0
LINE
  5
D6B
330
17
100
AcDbEntity
  8
42-TABLO
100
AcDbLine
 10
1802.5
 20
753.8000000000001
 30
0.0
 11
1802.5
 21
745.4000000000001
 31
0.0
  0
TEXT
  5
D6C
330
17
100
AcDbEntity
  8
42-TABLO
100
AcDbText
 10
1820.0
 20
749.6
 30
0.0
 40
2.6
  1
K5''
  7
TRK
 72
1
 11
1820.0
 21
749.6
 31
0.0
100
AcDbText
 73
2
  0
LINE
  5
D6D
330
17
100
AcDbEntity
  8
42-TABLO
100
AcDbLine
 10
1837.5
 20
753.8000000000001
 30
0.0
 11
1837.5
 21
745.4000000000001
 31
0.0
  0
TEXT
  5
D6E
330
17
100
AcDbEntity
  8
42-TABLO
100
AcDbText
 10
1852.5
 20
749.6
 30
0.0
 40
2.6
  1
40
  7
TRK
 72
1
 11
1852.5
 21
749.6
 31
0.0
100
AcDbText
 73
2
  0
LINE
  5
D6F
330
17
100
AcDbEntity
  8
42-TABLO
100
AcDbLine
 10
1867.5
 20
753.8000000000001
 30
0.0
 11
1867.5
 21
745.4000000000001
 31
0.0
  0
TEXT
  5
D70
330
17
100
AcDbEntity
  8
42-TABLO
100
AcDbText
 10
1885.0
 20
749.6
 30
0.0
 40
2.6
  1
1,88
  7
TRK
 72
1
 11
1885.0
 21
749.6
 31
0.0
100
AcDbText
 73
2
  0
LINE
  5
D71
330
17
100
AcDbEntity
  8
42-TABLO
100
AcDbLine
 10
1902.5
 20
753.8000000000001
 30
0.0
 11
1902.5
 21
745.4000000000001
 31
0.0
  0
TEXT
  5
D72
330
17
100
AcDbEntity
  8
42-TABLO
100
AcDbText
 10
1927.5
 20
749.6
 30
0.0
 40
2.6
  1
50 / 45
  7
TRK
 72
1
 11
1927.5
 21
749.6
 31
0.0
100
AcDbText
 73
2
  0
LINE
  5
D73
330
17
100
AcDbEntity
  8
42-TABLO
100
AcDbLine
 10
1952.5
 20
753.8000000000001
 30
0.0
 11
1952.5
 21
745.4000000000001
 31
0.0
  0
TEXT
  5
D74
330
17
100
AcDbEntity
  8
42-TABLO
100
AcDbText
 10
1970.0
 20
749.6
 30
0.0
 40
2.6
  1
47,5
  7
TRK
 72
1
 11
1970.0
 21
749.6
 31
0.0
100
AcDbText
 73
2
  0
LINE
  5
D75
330
17
100
AcDbEntity
  8
42-TABLO
100
AcDbLine
 10
1987.5
 20
753.8000000000001
 30
0.0
 11
1987.5
 21
745.4000000000001
 31
0.0
  0
TEXT
  5
D76
330
17
100
AcDbEntity
  8
42-TABLO
100
AcDbText
 10
2006.25
 20
749.6
 30
0.0
 40
2.6
  1
496,5
  7
TRK
 72
1
 11
2006.25
 21
749.6
 31
0.0
100
AcDbText
 73
2
  0
LINE
  5
D77
330
17
100
AcDbEntity
  8
42-TABLO
100
AcDbLine
 10
2025.0
 20
753.8000000000001
 30
0.0
 11
2025.0
 21
745.4000000000001
 31
0.0
  0
TEXT
  5
D78
330
17
100
AcDbEntity
  8
42-TABLO
100
AcDbText
 10
2041.25
 20
749.6
 30
0.0
 40
2.6
  1
650,0
  7
TRK
 72
1
 11
2041.25
 21
749.6
 31
0.0
100
AcDbText
 73
2
  0
LINE
  5
D79
330
17
100
AcDbEntity
  8
42-TABLO
100
AcDbLine
 10
2057.5
 20
753.8000000000001
 30
0.0
 11
2057.5
 21
745.4000000000001
 31
0.0
  0
TEXT
  5
D7A
330
17
100
AcDbEntity
  8
42-TABLO
100
AcDbText
 10
2073.75
 20
749.6
 30
0.0
 40
2.6
  1
0,843
  7
TRK
 72
1
 11
2073.75
 21
749.6
 31
0.0
100
AcDbText
 73
2
  0
LINE
  5
D7B
330
17
100
AcDbEntity
  8
42-TABLO
100
AcDbLine
 10
2090.0
 20
753.8000000000001
 30
0.0
 11
2090.0
 21
745.4000000000001
 31
0.0
  0
TEXT
  5
D7C
330
17
100
AcDbEntity
  8
42-TABLO
100
AcDbText
 10
2113.75
 20
749.6
 30
0.0
 40
2.6
  1
2.799,3
  7
TRK
 72
1
 11
2113.75
 21
749.6
 31
0.0
100
AcDbText
 73
2
  0
LINE
  5
D7D
330
17
100
AcDbEntity
  8
42-TABLO
100
AcDbLine
 10
2137.5
 20
753.8000000000001
 30
0.0
 11
2137.5
 21
745.4000000000001
 31
0.0
  0
TEXT
  5
D7E
330
17
100
AcDbEntity
  8
42-TABLO
100
AcDbText
 10
2158.75
 20
749.6
 30
0.0
 40
2.6
  1
1.029,7
  7
TRK
 72
1
 11
2158.75
 21
749.6
 31
0.0
100
AcDbText
 73
2
  0
LINE
  5
D7F
330
17
100
AcDbEntity
  8
42-TABLO
100
AcDbLine
 10
2180.0
 20
753.8000000000001
 30
0.0
 11
2180.0
 21
745.4000000000001
 31
0.0
  0
TEXT
  5
D80
330
17
100
AcDbEntity
  8
42-TABLO
100
AcDbText
 10
2213.75
 20
749.6
 30
0.0
 40
2.6
  1
3.829,1
  7
TRK
 72
1
 11
2213.75
 21
749.6
 31
0.0
100
AcDbText
 73
2
  0
LINE
  5
D81
330
17
100
AcDbEntity
  8
42-TABLO
100
AcDbLine
 10
2247.5
 20
753.8000000000001
 30
0.0
 11
2247.5
 21
745.4000000000001
 31
0.0
  0
TEXT
  5
D82
330
17
100
AcDbEntity
  8
42-TABLO
100
AcDbText
 10
2271.25
 20
749.6
 30
0.0
 40
2.6
  1
V5
  7
TRK
 72
1
 11
2271.25
 21
749.6
 31
0.0
100
AcDbText
 73
2
  0
LINE
  5
D83
330
17
100
AcDbEntity
  8
42-TABLO
100
AcDbLine
 10
2295.0
 20
753.8000000000001
 30
0.0
 11
2295.0
 21
745.4000000000001
 31
0.0
  0
TEXT
  5
D84
330
17
100
AcDbEntity
  8
42-TABLO
100
AcDbText
 10
2321.25
 20
749.6
 30
0.0
 40
2.6
  1
4.432
  7
TRK
 72
1
 11
2321.25
 21
749.6
 31
0.0
100
AcDbText
 73
2
  0
LINE
  5
D85
330
17
100
AcDbEntity
  8
42-TABLO
100
AcDbLine
 10
2347.5
 20
753.8000000000001
 30
0.0
 11
2347.5
 21
745.4000000000001
 31
0.0
  0
TEXT
  5
D86
330
17
100
AcDbEntity
  8
42-TABLO
100
AcDbText
 10
2366.25
 20
749.6
 30
0.0
 40
2.6
  1
%86
  7
TRK
 72
1
 11
2366.25
 21
749.6
 31
0.0
100
AcDbText
 73
2
  0
LINE
  5
D87
330
17
100
AcDbEntity
  8
42-TABLO
100
AcDbLine
 10
2385.0
 20
753.8000000000001
 30
0.0
 11
2385.0
 21
745.4000000000001
 31
0.0
  0
TEXT
  5
D88
330
17
100
AcDbEntity
  8
42-TABLO
100
AcDbText
 10
2402.5
 20
749.6
 30
0.0
 40
2.6
  1
UYGUN
  7
TRK
 72
1
 11
2402.5
 21
749.6
 31
0.0
100
AcDbText
 73
2
  0
LINE
  5
D89
330
17
100
AcDbEntity
  8
42-TABLO
100
AcDbLine
 10
2420.0
 20
753.8000000000001
 30
0.0
 11
2420.0
 21
745.4000000000001
 31
0.0
  0
LINE
  5
D8A
330
17
100
AcDbEntity
  8
42-TABLO
100
AcDbLine
 10
1675.0
 20
745.4000000000001
 30
0.0
 11
2420.0
 21
745.4000000000001
 31
0.0
  0
TEXT
  5
D8B
330
17
100
AcDbEntity
  8
42-TABLO
100
AcDbText
 10
1688.75
 20
741.2
 30
0.0
 40
2.6
  1
D6
  7
TRK
 72
1
 11
1688.75
 21
741.2
 31
0.0
100
AcDbText
 73
2
  0
LINE
  5
D8C
330
17
100
AcDbEntity
  8
42-TABLO
100
AcDbLine
 10
1702.5
 20
745.4000000000001
 30
0.0
 11
1702.5
 21
737.0000000000001
 31
0.0
  0
TEXT
  5
D8D
330
17
100
AcDbEntity
  8
42-TABLO
100
AcDbText
 10
1752.5
 20
741.2
 30
0.0
 40
2.6
  1
Nihayet
  7
TRK
 72
1
 11
1752.5
 21
741.2
 31
0.0
100
AcDbText
 73
2
  0
LINE
  5
D8E
330
17
100
AcDbEntity
  8
42-TABLO
100
AcDbLine
 10
1802.5
 20
745.4000000000001
 30
0.0
 11
1802.5
 21
737.0000000000001
 31
0.0
  0
TEXT
  5
D8F
330
17
100
AcDbEntity
  8
42-TABLO
100
AcDbText
 10
1820.0
 20
741.2
 30
0.0
 40
2.6
  1
K4''
  7
TRK
 72
1
 11
1820.0
 21
741.2
 31
0.0
100
AcDbText
 73
2
  0
LINE
  5
D90
330
17
100
AcDbEntity
  8
42-TABLO
100
AcDbLine
 10
1837.5
 20
745.4000000000001
 30
0.0
 11
1837.5
 21
737.0000000000001
 31
0.0
  0
TEXT
  5
D91
330
17
100
AcDbEntity
  8
42-TABLO
100
AcDbText
 10
1852.5
 20
741.2
 30
0.0
 40
2.6
  1
-
  7
TRK
 72
1
 11
1852.5
 21
741.2
 31
0.0
100
AcDbText
 73
2
  0
LINE
  5
D92
330
17
100
AcDbEntity
  8
42-TABLO
100
AcDbLine
 10
1867.5
 20
745.4000000000001
 30
0.0
 11
1867.5
 21
737.0000000000001
 31
0.0
  0
TEXT
  5
D93
330
17
100
AcDbEntity
  8
42-TABLO
100
AcDbText
 10
1885.0
 20
741.2
 30
0.0
 40
2.6
  1
1,00
  7
TRK
 72
1
 11
1885.0
 21
741.2
 31
0.0
100
AcDbText
 73
2
  0
LINE
  5
D94
330
17
100
AcDbEntity
  8
42-TABLO
100
AcDbLine
 10
1902.5
 20
745.4000000000001
 30
0.0
 11
1902.5
 21
737.0000000000001
 31
0.0
  0
TEXT
  5
D95
330
17
100
AcDbEntity
  8
42-TABLO
100
AcDbText
 10
1927.5
 20
741.2
 30
0.0
 40
2.6
  1
45 / -
  7
TRK
 72
1
 11
1927.5
 21
741.2
 31
0.0
100
AcDbText
 73
2
  0
LINE
  5
D96
330
17
100
AcDbEntity
  8
42-TABLO
100
AcDbLine
 10
1952.5
 20
745.4000000000001
 30
0.0
 11
1952.5
 21
737.0000000000001
 31
0.0
  0
TEXT
  5
D97
330
17
100
AcDbEntity
  8
42-TABLO
100
AcDbText
 10
1970.0
 20
741.2
 30
0.0
 40
2.6
  1
22,5
  7
TRK
 72
1
 11
1970.0
 21
741.2
 31
0.0
100
AcDbText
 73
2
  0
LINE
  5
D98
330
17
100
AcDbEntity
  8
42-TABLO
100
AcDbLine
 10
1987.5
 20
745.4000000000001
 30
0.0
 11
1987.5
 21
737.0000000000001
 31
0.0
  0
TEXT
  5
D99
330
17
100
AcDbEntity
  8
42-TABLO
100
AcDbText
 10
2006.25
 20
741.2
 30
0.0
 40
2.6
  1
496,5
  7
TRK
 72
1
 11
2006.25
 21
741.2
 31
0.0
100
AcDbText
 73
2
  0
LINE
  5
D9A
330
17
100
AcDbEntity
  8
42-TABLO
100
AcDbLine
 10
2025.0
 20
745.4000000000001
 30
0.0
 11
2025.0
 21
737.0000000000001
 31
0.0
  0
TEXT
  5
D9B
330
17
100
AcDbEntity
  8
42-TABLO
100
AcDbText
 10
2041.25
 20
741.2
 30
0.0
 40
2.6
  1
650,0
  7
TRK
 72
1
 11
2041.25
 21
741.2
 31
0.0
100
AcDbText
 73
2
  0
LINE
  5
D9C
330
17
100
AcDbEntity
  8
42-TABLO
100
AcDbLine
 10
2057.5
 20
745.4000000000001
 30
0.0
 11
2057.5
 21
737.0000000000001
 31
0.0
  0
TEXT
  5
D9D
330
17
100
AcDbEntity
  8
42-TABLO
100
AcDbText
 10
2073.75
 20
741.2
 30
0.0
 40
2.6
  1
0,843
  7
TRK
 72
1
 11
2073.75
 21
741.2
 31
0.0
100
AcDbText
 73
2
  0
LINE
  5
D9E
330
17
100
AcDbEntity
  8
42-TABLO
100
AcDbLine
 10
2090.0
 20
745.4000000000001
 30
0.0
 11
2090.0
 21
737.0000000000001
 31
0.0
  0
TEXT
  5
D9F
330
17
100
AcDbEntity
  8
42-TABLO
100
AcDbText
 10
2113.75
 20
741.2
 30
0.0
 40
2.6
  1
1.489,5
  7
TRK
 72
1
 11
2113.75
 21
741.2
 31
0.0
100
AcDbText
 73
2
  0
LINE
  5
DA0
330
17
100
AcDbEntity
  8
42-TABLO
100
AcDbLine
 10
2137.5
 20
745.4000000000001
 30
0.0
 11
2137.5
 21
737.0000000000001
 31
0.0
  0
TEXT
  5
DA1
330
17
100
AcDbEntity
  8
42-TABLO
100
AcDbText
 10
2158.75
 20
741.2
 30
0.0
 40
2.6
  1
547,9
  7
TRK
 72
1
 11
2158.75
 21
741.2
 31
0.0
100
AcDbText
 73
2
  0
LINE
  5
DA2
330
17
100
AcDbEntity
  8
42-TABLO
100
AcDbLine
 10
2180.0
 20
745.4000000000001
 30
0.0
 11
2180.0
 21
737.0000000000001
 31
0.0
  0
TEXT
  5
DA3
330
17
100
AcDbEntity
  8
42-TABLO
100
AcDbText
 10
2213.75
 20
741.2
 30
0.0
 40
2.6
  1
2.037,4
  7
TRK
 72
1
 11
2213.75
 21
741.2
 31
0.0
100
AcDbText
 73
2
  0
LINE
  5
DA4
330
17
100
AcDbEntity
  8
42-TABLO
100
AcDbLine
 10
2247.5
 20
745.4000000000001
 30
0.0
 11
2247.5
 21
737.0000000000001
 31
0.0
  0
TEXT
  5
DA5
330
17
100
AcDbEntity
  8
42-TABLO
100
AcDbText
 10
2271.25
 20
741.2
 30
0.0
 40
2.6
  1
V1
  7
TRK
 72
1
 11
2271.25
 21
741.2
 31
0.0
100
AcDbText
 73
2
  0
LINE
  5
DA6
330
17
100
AcDbEntity
  8
42-TABLO
100
AcDbLine
 10
2295.0
 20
745.4000000000001
 30
0.0
 11
2295.0
 21
737.0000000000001
 31
0.0
  0
TEXT
  5
DA7
330
17
100
AcDbEntity
  8
42-TABLO
100
AcDbText
 10
2321.25
 20
741.2
 30
0.0
 40
2.6
  1
2.783
  7
TRK
 72
1
 11
2321.25
 21
741.2
 31
0.0
100
AcDbText
 73
2
  0
LINE
  5
DA8
330
17
100
AcDbEntity
  8
42-TABLO
100
AcDbLine
 10
2347.5
 20
745.4000000000001
 30
0.0
 11
2347.5
 21
737.0000000000001
 31
0.0
  0
TEXT
  5
DA9
330
17
100
AcDbEntity
  8
42-TABLO
100
AcDbText
 10
2366.25
 20
741.2
 30
0.0
 40
2.6
  1
%73
  7
TRK
 72
1
 11
2366.25
 21
741.2
 31
0.0
100
AcDbText
 73
2
  0
LINE
  5
DAA
330
17
100
AcDbEntity
  8
42-TABLO
100
AcDbLine
 10
2385.0
 20
745.4000000000001
 30
0.0
 11
2385.0
 21
737.0000000000001
 31
0.0
  0
TEXT
  5
DAB
330
17
100
AcDbEntity
  8
42-TABLO
100
AcDbText
 10
2402.5
 20
741.2
 30
0.0
 40
2.6
  1
UYGUN
  7
TRK
 72
1
 11
2402.5
 21
741.2
 31
0.0
100
AcDbText
 73
2
  0
LINE
  5
DAC
330
17
100
AcDbEntity
  8
42-TABLO
100
AcDbLine
 10
2420.0
 20
745.4000000000001
 30
0.0
 11
2420.0
 21
737.0000000000001
 31
0.0
  0
LINE
  5
DAD
330
17
100
AcDbEntity
  8
42-TABLO
100
AcDbLine
 10
1675.0
 20
737.0000000000001
 30
0.0
 11
2420.0
 21
737.0000000000001
 31
0.0
  0
LINE
  5
DAE
330
17
100
AcDbEntity
  8
43-TABLO-CERCEVE
100
AcDbLine
 10
1675.0
 20
798.0
 30
0.0
 11
1675.0
 21
737.0000000000001
 31
0.0
  0
LINE
  5
DAF
330
17
100
AcDbEntity
  8
43-TABLO-CERCEVE
100
AcDbLine
 10
2420.0
 20
798.0
 30
0.0
 11
2420.0
 21
737.0000000000001
 31
0.0
  0
LINE
  5
DB0
330
17
100
AcDbEntity
  8
43-TABLO-CERCEVE
100
AcDbLine
 10
1675.0
 20
737.0000000000001
 30
0.0
 11
2420.0
 21
737.0000000000001
 31
0.0
  0
TEXT
  5
DB1
330
17
100
AcDbEntity
  8
42-TABLO
100
AcDbText
 10
1675.0
 20
732.5000000000001
 30
0.0
 40
2.2
  1
Tepe kuvveti H = OG baðlantý seviyesine (9,55 m) moment eþitliði ile indirgenmiþtir: F = \U+03a3 Fi·hi/H. AG etkisi h_AG/H oranýyla azaltýlýr.
  7
TRK
 11
1675.0
 21
732.5000000000001
 31
0.0
100
AcDbText
  0
TEXT
  5
DB2
330
17
100
AcDbEntity
  8
42-TABLO
100
AcDbText
 10
1675.0
 20
728.5000000000001
 30
0.0
 40
2.2
  1
Köþe/nihayette bileþke vektörel hesaplanmýþtýr (D1'de AG tek yanlý). Taþýyýcýlarda: hatta dik rüzgâr / zayýf eksende iletken kopmasý (OG mesnet T/5, AG demet T/3).
  7
TRK
 11
1675.0
 21
728.5000000000001
 31
0.0
100
AcDbText
  0
TEXT
  5
DB3
330
17
100
AcDbEntity
  8
42-TABLO
100
AcDbText
 10
1675.0
 20
724.5000000000001
 30
0.0
 40
2.2
  1
Taþýyýcý katalog deðerleri: güçlü eksen rüzgârlý / zayýf eksen rüzgârsýz. K tiplerinde direk rüzgârý hesaba ayrýca eklenmiþtir (V4).
  7
TRK
 11
1675.0
 21
724.5000000000001
 31
0.0
100
AcDbText
  0
TEXT
  5
DB4
330
17
100
AcDbEntity
  8
02-BASLIK
100
AcDbText
 10
1675.0
 20
713.0000000000001
 30
0.0
 40
3.6
  1
YÜKLENME VARSAYIMLARI KONTROL CETVELÝ
  7
TRKB
 11
1675.0
 21
713.0000000000001
 31
0.0
100
AcDbText
 73
1
  0
LWPOLYLINE
  5
DB5
330
17
100
AcDbEntity
  8
43-TABLO-CERCEVE
100
AcDbPolyline
 90
4
 70
1
 10
1675.0
 20
701.0000000000001
 10
2420.0
 20
701.0000000000001
 10
2420.0
 20
711.0000000000001
 10
1675.0
 20
711.0000000000001
  0
LINE
  5
DB6
330
17
100
AcDbEntity
  8
43-TABLO-CERCEVE
100
AcDbLine
 10
1675.0
 20
701.8000000000001
 30
0.0
 11
2420.0
 21
701.8000000000001
 31
0.0
  0
TEXT
  5
DB7
330
17
100
AcDbEntity
  8
42-TABLO
100
AcDbText
 10
1686.7744252873563
 20
706.0000000000001
 30
0.0
 40
2.3
  1
Direk
  7
TRKB
 72
1
 11
1686.7744252873563
 21
706.0000000000001
 31
0.0
100
AcDbText
 73
2
  0
LINE
  5
DB8
330
17
100
AcDbEntity
  8
43-TABLO-CERCEVE
100
AcDbLine
 10
1698.5488505747126
 20
711.0000000000001
 30
0.0
 11
1698.5488505747126
 21
701.0000000000001
 31
0.0
  0
TEXT
  5
DB9
330
17
100
AcDbEntity
  8
42-TABLO
100
AcDbText
 10
1713.5344827586207
 20
706.0000000000001
 30
0.0
 40
2.3
  1
Tip
  7
TRKB
 72
1
 11
1713.5344827586207
 21
706.0000000000001
 31
0.0
100
AcDbText
 73
2
  0
LINE
  5
DBA
330
17
100
AcDbEntity
  8
43-TABLO-CERCEVE
100
AcDbLine
 10
1728.5201149425288
 20
711.0000000000001
 30
0.0
 11
1728.5201149425288
 21
701.0000000000001
 31
0.0
  0
TEXT
  5
DBB
330
17
100
AcDbEntity
  8
42-TABLO
100
AcDbText
 10
1799.1666666666667
 20
706.0000000000001
 30
0.0
 40
2.3
  1
Yüklenme varsayýmý (EKATY Md.49)
  7
TRKB
 72
1
 11
1799.1666666666667
 21
706.0000000000001
 31
0.0
100
AcDbText
 73
2
  0
LINE
  5
DBC
330
17
100
AcDbEntity
  8
43-TABLO-CERCEVE
100
AcDbLine
 10
1869.8132183908046
 20
711.0000000000001
 30
0.0
 11
1869.8132183908046
 21
701.0000000000001
 31
0.0
  0
TEXT
  5
DBD
330
17
100
AcDbEntity
  8
42-TABLO
100
AcDbText
 10
2028.2327586206898
 20
706.0000000000001
 30
0.0
 40
2.3
  1
Açýklama / bileþenler
  7
TRKB
 72
1
 11
2028.2327586206898
 21
706.0000000000001
 31
0.0
100
AcDbText
 73
2
  0
LINE
  5
DBE
330
17
100
AcDbEntity
  8
43-TABLO-CERCEVE
100
AcDbLine
 10
2186.652298850575
 20
711.0000000000001
 30
0.0
 11
2186.652298850575
 21
701.0000000000001
 31
0.0
  0
TEXT
  5
DBF
330
17
100
AcDbEntity
  8
42-TABLO
100
AcDbText
 10
2225.1867816091954
 20
706.0000000000001
 30
0.0
 40
2.3
  1
Eksen / kapasite
  7
TRKB
 72
1
 11
2225.1867816091954
 21
706.0000000000001
 31
0.0
100
AcDbText
 73
2
  0
LINE
  5
DC0
330
17
100
AcDbEntity
  8
43-TABLO-CERCEVE
100
AcDbLine
 10
2263.7212643678163
 20
711.0000000000001
 30
0.0
 11
2263.7212643678163
 21
701.0000000000001
 31
0.0
  0
TEXT
  5
DC1
330
17
100
AcDbEntity
  8
42-TABLO
100
AcDbText
 10
2285.129310344828
 20
707.7
 30
0.0
 40
2.3
  1
F hesap
  7
TRKB
 72
1
 11
2285.129310344828
 21
707.7
 31
0.0
100
AcDbText
 73
2
  0
TEXT
  5
DC2
330
17
100
AcDbEntity
  8
42-TABLO
100
AcDbText
 10
2285.129310344828
 20
704.3000000000001
 30
0.0
 40
2.3
  1
(kg)
  7
TRKB
 72
1
 11
2285.129310344828
 21
704.3000000000001
 31
0.0
100
AcDbText
 73
2
  0
LINE
  5
DC3
330
17
100
AcDbEntity
  8
43-TABLO-CERCEVE
100
AcDbLine
 10
2306.537356321839
 20
711.0000000000001
 30
0.0
 11
2306.537356321839
 21
701.0000000000001
 31
0.0
  0
TEXT
  5
DC4
330
17
100
AcDbEntity
  8
42-TABLO
100
AcDbText
 10
2325.8045977011493
 20
707.7
 30
0.0
 40
2.3
  1
Kapasite
  7
TRKB
 72
1
 11
2325.8045977011493
 21
707.7
 31
0.0
100
AcDbText
 73
2
  0
TEXT
  5
DC5
330
17
100
AcDbEntity
  8
42-TABLO
100
AcDbText
 10
2325.8045977011493
 20
704.3000000000001
 30
0.0
 40
2.3
  1
(kg)
  7
TRKB
 72
1
 11
2325.8045977011493
 21
704.3000000000001
 31
0.0
100
AcDbText
 73
2
  0
LINE
  5
DC6
330
17
100
AcDbEntity
  8
43-TABLO-CERCEVE
100
AcDbLine
 10
2345.0718390804595
 20
711.0000000000001
 30
0.0
 11
2345.0718390804595
 21
701.0000000000001
 31
0.0
  0
TEXT
  5
DC7
330
17
100
AcDbEntity
  8
42-TABLO
100
AcDbText
 10
2362.198275862069
 20
706.0000000000001
 30
0.0
 40
2.3
  1
Kullaným
  7
TRKB
 72
1
 11
2362.198275862069
 21
706.0000000000001
 31
0.0
100
AcDbText
 73
2
  0
LINE
  5
DC8
330
17
100
AcDbEntity
  8
43-TABLO-CERCEVE
100
AcDbLine
 10
2379.324712643678
 20
711.0000000000001
 30
0.0
 11
2379.324712643678
 21
701.0000000000001
 31
0.0
  0
TEXT
  5
DC9
330
17
100
AcDbEntity
  8
42-TABLO
100
AcDbText
 10
2399.662356321839
 20
706.0000000000001
 30
0.0
 40
2.3
  1
Sonuç
  7
TRKB
 72
1
 11
2399.662356321839
 21
706.0000000000001
 31
0.0
100
AcDbText
 73
2
  0
LINE
  5
DCA
330
17
100
AcDbEntity
  8
43-TABLO-CERCEVE
100
AcDbLine
 10
2420.0
 20
711.0000000000001
 30
0.0
 11
2420.0
 21
701.0000000000001
 31
0.0
  0
TEXT
  5
DCB
330
17
100
AcDbEntity
  8
42-TABLO
100
AcDbText
 10
1686.7744252873563
 20
697.5000000000001
 30
0.0
 40
2.3
  1
D1
  7
TRK
 72
1
 11
1686.7744252873563
 21
697.5000000000001
 31
0.0
100
AcDbText
 73
2
  0
LINE
  5
DCC
330
17
100
AcDbEntity
  8
42-TABLO
100
AcDbLine
 10
1698.5488505747126
 20
701.0000000000001
 30
0.0
 11
1698.5488505747126
 21
694.0000000000001
 31
0.0
  0
TEXT
  5
DCD
330
17
100
AcDbEntity
  8
42-TABLO
100
AcDbText
 10
1713.5344827586207
 20
697.5000000000001
 30
0.0
 40
2.3
  1
K5''
  7
TRK
 72
1
 11
1713.5344827586207
 21
697.5000000000001
 31
0.0
100
AcDbText
 73
2
  0
LINE
  5
DCE
330
17
100
AcDbEntity
  8
42-TABLO
100
AcDbLine
 10
1728.5201149425288
 20
701.0000000000001
 30
0.0
 11
1728.5201149425288
 21
694.0000000000001
 31
0.0
  0
TEXT
  5
DCF
330
17
100
AcDbEntity
  8
42-TABLO
100
AcDbText
 10
1729.7201149425287
 20
697.5000000000001
 30
0.0
 40
2.3
  1
V1 (bir yan %100, diðer yan zayýflamalý)
  7
TRK
 11
1729.7201149425287
 21
697.5000000000001
 31
0.0
100
AcDbText
 73
2
  0
LINE
  5
DD0
330
17
100
AcDbEntity
  8
42-TABLO
100
AcDbLine
 10
1869.8132183908046
 20
701.0000000000001
 30
0.0
 11
1869.8132183908046
 21
694.0000000000001
 31
0.0
  0
TEXT
  5
DD1
330
17
100
AcDbEntity
  8
42-TABLO
100
AcDbText
 10
1871.0132183908047
 20
697.5000000000001
 30
0.0
 40
2.3
  1
Çz.12: 4 iletken \U+2192 %60 zayýflama
  7
TRK
 11
1871.0132183908047
 21
697.5000000000001
 31
0.0
100
AcDbText
 73
2
  0
LINE
  5
DD2
330
17
100
AcDbEntity
  8
42-TABLO
100
AcDbLine
 10
2186.652298850575
 20
701.0000000000001
 30
0.0
 11
2186.652298850575
 21
694.0000000000001
 31
0.0
  0
TEXT
  5
DD3
330
17
100
AcDbEntity
  8
42-TABLO
100
AcDbText
 10
2225.1867816091954
 20
697.5000000000001
 30
0.0
 40
2.3
  1
her yön / rüzgârsýz
  7
TRK
 72
1
 11
2225.1867816091954
 21
697.5000000000001
 31
0.0
100
AcDbText
 73
2
  0
LINE
  5
DD4
330
17
100
AcDbEntity
  8
42-TABLO
100
AcDbLine
 10
2263.7212643678163
 20
701.0000000000001
 30
0.0
 11
2263.7212643678163
 21
694.0000000000001
 31
0.0
  0
TEXT
  5
DD5
330
17
100
AcDbEntity
  8
42-TABLO
100
AcDbText
 10
2305.3373563218393
 20
697.5000000000001
 30
0.0
 40
2.3
  1
2.244,1
  7
TRK
 72
2
 11
2305.3373563218393
 21
697.5000000000001
 31
0.0
100
AcDbText
 73
2
  0
LINE
  5
DD6
330
17
100
AcDbEntity
  8
42-TABLO
100
AcDbLine
 10
2306.537356321839
 20
701.0000000000001
 30
0.0
 11
2306.537356321839
 21
694.0000000000001
 31
0.0
  0
TEXT
  5
DD7
330
17
100
AcDbEntity
  8
42-TABLO
100
AcDbText
 10
2343.8718390804597
 20
697.5000000000001
 30
0.0
 40
2.3
  1
4.432
  7
TRK
 72
2
 11
2343.8718390804597
 21
697.5000000000001
 31
0.0
100
AcDbText
 73
2
  0
LINE
  5
DD8
330
17
100
AcDbEntity
  8
42-TABLO
100
AcDbLine
 10
2345.0718390804595
 20
701.0000000000001
 30
0.0
 11
2345.0718390804595
 21
694.0000000000001
 31
0.0
  0
TEXT
  5
DD9
330
17
100
AcDbEntity
  8
42-TABLO
100
AcDbText
 10
2362.198275862069
 20
697.5000000000001
 30
0.0
 40
2.3
  1
%51
  7
TRK
 72
1
 11
2362.198275862069
 21
697.5000000000001
 31
0.0
100
AcDbText
 73
2
  0
LINE
  5
DDA
330
17
100
AcDbEntity
  8
42-TABLO
100
AcDbLine
 10
2379.324712643678
 20
701.0000000000001
 30
0.0
 11
2379.324712643678
 21
694.0000000000001
 31
0.0
  0
TEXT
  5
DDB
330
17
100
AcDbEntity
  8
42-TABLO
100
AcDbText
 10
2399.662356321839
 20
697.5000000000001
 30
0.0
 40
2.3
  1
UYGUN
  7
TRK
 72
1
 11
2399.662356321839
 21
697.5000000000001
 31
0.0
100
AcDbText
 73
2
  0
LINE
  5
DDC
330
17
100
AcDbEntity
  8
42-TABLO
100
AcDbLine
 10
2420.0
 20
701.0000000000001
 30
0.0
 11
2420.0
 21
694.0000000000001
 31
0.0
  0
LINE
  5
DDD
330
17
100
AcDbEntity
  8
42-TABLO
100
AcDbLine
 10
1675.0
 20
694.0000000000001
 30
0.0
 11
2420.0
 21
694.0000000000001
 31
0.0
  0
TEXT
  5
DDE
330
17
100
AcDbEntity
  8
42-TABLO
100
AcDbText
 10
1686.7744252873563
 20
690.5000000000001
 30
0.0
 40
2.3
  1
D1
  7
TRK
 72
1
 11
1686.7744252873563
 21
690.5000000000001
 31
0.0
100
AcDbText
 73
2
  0
LINE
  5
DDF
330
17
100
AcDbEntity
  8
42-TABLO
100
AcDbLine
 10
1698.5488505747126
 20
694.0000000000001
 30
0.0
 11
1698.5488505747126
 21
687.0000000000001
 31
0.0
  0
TEXT
  5
DE0
330
17
100
AcDbEntity
  8
42-TABLO
100
AcDbText
 10
1713.5344827586207
 20
690.5000000000001
 30
0.0
 40
2.3
  1
K5''
  7
TRK
 72
1
 11
1713.5344827586207
 21
690.5000000000001
 31
0.0
100
AcDbText
 73
2
  0
LINE
  5
DE1
330
17
100
AcDbEntity
  8
42-TABLO
100
AcDbLine
 10
1728.5201149425288
 20
694.0000000000001
 30
0.0
 11
1728.5201149425288
 21
687.0000000000001
 31
0.0
  0
TEXT
  5
DE2
330
17
100
AcDbEntity
  8
42-TABLO
100
AcDbText
 10
1729.7201149425287
 20
690.5000000000001
 30
0.0
 40
2.3
  1
V2 (bir iletken kopmasý, %75)
  7
TRK
 11
1729.7201149425287
 21
690.5000000000001
 31
0.0
100
AcDbText
 73
2
  0
LINE
  5
DE3
330
17
100
AcDbEntity
  8
42-TABLO
100
AcDbLine
 10
1869.8132183908046
 20
694.0000000000001
 30
0.0
 11
1869.8132183908046
 21
687.0000000000001
 31
0.0
  0
TEXT
  5
DE4
330
17
100
AcDbEntity
  8
42-TABLO
100
AcDbText
 10
1871.0132183908047
 20
690.5000000000001
 30
0.0
 40
2.3
  1
kopan iletken tarafýnda 0, diðer yanda %75 T
  7
TRK
 11
1871.0132183908047
 21
690.5000000000001
 31
0.0
100
AcDbText
 73
2
  0
LINE
  5
DE5
330
17
100
AcDbEntity
  8
42-TABLO
100
AcDbLine
 10
2186.652298850575
 20
694.0000000000001
 30
0.0
 11
2186.652298850575
 21
687.0000000000001
 31
0.0
  0
TEXT
  5
DE6
330
17
100
AcDbEntity
  8
42-TABLO
100
AcDbText
 10
2225.1867816091954
 20
690.5000000000001
 30
0.0
 40
2.3
  1
her yön / rüzgârsýz
  7
TRK
 72
1
 11
2225.1867816091954
 21
690.5000000000001
 31
0.0
100
AcDbText
 73
2
  0
LINE
  5
DE7
330
17
100
AcDbEntity
  8
42-TABLO
100
AcDbLine
 10
2263.7212643678163
 20
694.0000000000001
 30
0.0
 11
2263.7212643678163
 21
687.0000000000001
 31
0.0
  0
TEXT
  5
DE8
330
17
100
AcDbEntity
  8
42-TABLO
100
AcDbText
 10
2305.3373563218393
 20
690.5000000000001
 30
0.0
 40
2.3
  1
2.440,3
  7
TRK
 72
2
 11
2305.3373563218393
 21
690.5000000000001
 31
0.0
100
AcDbText
 73
2
  0
LINE
  5
DE9
330
17
100
AcDbEntity
  8
42-TABLO
100
AcDbLine
 10
2306.537356321839
 20
694.0000000000001
 30
0.0
 11
2306.537356321839
 21
687.0000000000001
 31
0.0
  0
TEXT
  5
DEA
330
17
100
AcDbEntity
  8
42-TABLO
100
AcDbText
 10
2343.8718390804597
 20
690.5000000000001
 30
0.0
 40
2.3
  1
4.432
  7
TRK
 72
2
 11
2343.8718390804597
 21
690.5000000000001
 31
0.0
100
AcDbText
 73
2
  0
LINE
  5
DEB
330
17
100
AcDbEntity
  8
42-TABLO
100
AcDbLine
 10
2345.0718390804595
 20
694.0000000000001
 30
0.0
 11
2345.0718390804595
 21
687.0000000000001
 31
0.0
  0
TEXT
  5
DEC
330
17
100
AcDbEntity
  8
42-TABLO
100
AcDbText
 10
2362.198275862069
 20
690.5000000000001
 30
0.0
 40
2.3
  1
%55
  7
TRK
 72
1
 11
2362.198275862069
 21
690.5000000000001
 31
0.0
100
AcDbText
 73
2
  0
LINE
  5
DED
330
17
100
AcDbEntity
  8
42-TABLO
100
AcDbLine
 10
2379.324712643678
 20
694.0000000000001
 30
0.0
 11
2379.324712643678
 21
687.0000000000001
 31
0.0
  0
TEXT
  5
DEE
330
17
100
AcDbEntity
  8
42-TABLO
100
AcDbText
 10
2399.662356321839
 20
690.5000000000001
 30
0.0
 40
2.3
  1
UYGUN
  7
TRK
 72
1
 11
2399.662356321839
 21
690.5000000000001
 31
0.0
100
AcDbText
 73
2
  0
LINE
  5
DEF
330
17
100
AcDbEntity
  8
42-TABLO
100
AcDbLine
 10
2420.0
 20
694.0000000000001
 30
0.0
 11
2420.0
 21
687.0000000000001
 31
0.0
  0
LINE
  5
DF0
330
17
100
AcDbEntity
  8
42-TABLO
100
AcDbLine
 10
1675.0
 20
687.0000000000001
 30
0.0
 11
2420.0
 21
687.0000000000001
 31
0.0
  0
TEXT
  5
DF1
330
17
100
AcDbEntity
  8
42-TABLO
100
AcDbText
 10
1686.7744252873563
 20
683.5000000000001
 30
0.0
 40
2.3
  1
D1
  7
TRK
 72
1
 11
1686.7744252873563
 21
683.5000000000001
 31
0.0
100
AcDbText
 73
2
  0
LINE
  5
DF2
330
17
100
AcDbEntity
  8
42-TABLO
100
AcDbLine
 10
1698.5488505747126
 20
687.0000000000001
 30
0.0
 11
1698.5488505747126
 21
680.0000000000001
 31
0.0
  0
TEXT
  5
DF3
330
17
100
AcDbEntity
  8
42-TABLO
100
AcDbText
 10
1713.5344827586207
 20
683.5000000000001
 30
0.0
 40
2.3
  1
K5''
  7
TRK
 72
1
 11
1713.5344827586207
 21
683.5000000000001
 31
0.0
100
AcDbText
 73
2
  0
LINE
  5
DF4
330
17
100
AcDbEntity
  8
42-TABLO
100
AcDbLine
 10
1728.5201149425288
 20
687.0000000000001
 30
0.0
 11
1728.5201149425288
 21
680.0000000000001
 31
0.0
  0
TEXT
  5
DF5
330
17
100
AcDbEntity
  8
42-TABLO
100
AcDbText
 10
1729.7201149425287
 20
683.5000000000001
 30
0.0
 40
2.3
  1
V4 (+5 °C rüzgârlý)
  7
TRK
 11
1729.7201149425287
 21
683.5000000000001
 31
0.0
100
AcDbText
 73
2
  0
LINE
  5
DF6
330
17
100
AcDbEntity
  8
42-TABLO
100
AcDbLine
 10
1869.8132183908046
 20
687.0000000000001
 30
0.0
 11
1869.8132183908046
 21
680.0000000000001
 31
0.0
  0
TEXT
  5
DF7
330
17
100
AcDbEntity
  8
42-TABLO
100
AcDbText
 10
1871.0132183908047
 20
683.5000000000001
 30
0.0
 40
2.3
  1
+5 °C rüzgârlý çekmelerin bileþkesi + bileþke yönünde rüzgâr (+direk rüzg. 114,5, travers 62,0)
  7
TRK
 11
1871.0132183908047
 21
683.5000000000001
 31
0.0
100
AcDbText
 73
2
  0
LINE
  5
DF8
330
17
100
AcDbEntity
  8
42-TABLO
100
AcDbLine
 10
2186.652298850575
 20
687.0000000000001
 30
0.0
 11
2186.652298850575
 21
680.0000000000001
 31
0.0
  0
TEXT
  5
DF9
330
17
100
AcDbEntity
  8
42-TABLO
100
AcDbText
 10
2225.1867816091954
 20
683.5000000000001
 30
0.0
 40
2.3
  1
her yön / rüzgârsýz
  7
TRK
 72
1
 11
2225.1867816091954
 21
683.5000000000001
 31
0.0
100
AcDbText
 73
2
  0
LINE
  5
DFA
330
17
100
AcDbEntity
  8
42-TABLO
100
AcDbLine
 10
2263.7212643678163
 20
687.0000000000001
 30
0.0
 11
2263.7212643678163
 21
680.0000000000001
 31
0.0
  0
TEXT
  5
DFB
330
17
100
AcDbEntity
  8
42-TABLO
100
AcDbText
 10
2305.3373563218393
 20
683.5000000000001
 30
0.0
 40
2.3
  1
1.923,9
  7
TRK
 72
2
 11
2305.3373563218393
 21
683.5000000000001
 31
0.0
100
AcDbText
 73
2
  0
LINE
  5
DFC
330
17
100
AcDbEntity
  8
42-TABLO
100
AcDbLine
 10
2306.537356321839
 20
687.0000000000001
 30
0.0
 11
2306.537356321839
 21
680.0000000000001
 31
0.0
  0
TEXT
  5
DFD
330
17
100
AcDbEntity
  8
42-TABLO
100
AcDbText
 10
2343.8718390804597
 20
683.5000000000001
 30
0.0
 40
2.3
  1
4.432
  7
TRK
 72
2
 11
2343.8718390804597
 21
683.5000000000001
 31
0.0
100
AcDbText
 73
2
  0
LINE
  5
DFE
330
17
100
AcDbEntity
  8
42-TABLO
100
AcDbLine
 10
2345.0718390804595
 20
687.0000000000001
 30
0.0
 11
2345.0718390804595
 21
680.0000000000001
 31
0.0
  0
TEXT
  5
DFF
330
17
100
AcDbEntity
  8
42-TABLO
100
AcDbText
 10
2362.198275862069
 20
683.5000000000001
 30
0.0
 40
2.3
  1
%43
  7
TRK
 72
1
 11
2362.198275862069
 21
683.5000000000001
 31
0.0
100
AcDbText
 73
2
  0
LINE
  5
E00
330
17
100
AcDbEntity
  8
42-TABLO
100
AcDbLine
 10
2379.324712643678
 20
687.0000000000001
 30
0.0
 11
2379.324712643678
 21
680.0000000000001
 31
0.0
  0
TEXT
  5
E01
330
17
100
AcDbEntity
  8
42-TABLO
100
AcDbText
 10
2399.662356321839
 20
683.5000000000001
 30
0.0
 40
2.3
  1
UYGUN
  7
TRK
 72
1
 11
2399.662356321839
 21
683.5000000000001
 31
0.0
100
AcDbText
 73
2
  0
LINE
  5
E02
330
17
100
AcDbEntity
  8
42-TABLO
100
AcDbLine
 10
2420.0
 20
687.0000000000001
 30
0.0
 11
2420.0
 21
680.0000000000001
 31
0.0
  0
LINE
  5
E03
330
17
100
AcDbEntity
  8
42-TABLO
100
AcDbLine
 10
1675.0
 20
680.0000000000001
 30
0.0
 11
2420.0
 21
680.0000000000001
 31
0.0
  0
TEXT
  5
E04
330
17
100
AcDbEntity
  8
42-TABLO
100
AcDbText
 10
1686.7744252873563
 20
676.5000000000001
 30
0.0
 40
2.3
  1
D1
  7
TRK
 72
1
 11
1686.7744252873563
 21
676.5000000000001
 31
0.0
100
AcDbText
 73
2
  0
LINE
  5
E05
330
17
100
AcDbEntity
  8
42-TABLO
100
AcDbLine
 10
1698.5488505747126
 20
680.0000000000001
 30
0.0
 11
1698.5488505747126
 21
673.0000000000001
 31
0.0
  0
TEXT
  5
E06
330
17
100
AcDbEntity
  8
42-TABLO
100
AcDbText
 10
1713.5344827586207
 20
676.5000000000001
 30
0.0
 40
2.3
  1
K5''
  7
TRK
 72
1
 11
1713.5344827586207
 21
676.5000000000001
 31
0.0
100
AcDbText
 73
2
  0
LINE
  5
E07
330
17
100
AcDbEntity
  8
42-TABLO
100
AcDbLine
 10
1728.5201149425288
 20
680.0000000000001
 30
0.0
 11
1728.5201149425288
 21
673.0000000000001
 31
0.0
  0
TEXT
  5
E08
330
17
100
AcDbEntity
  8
42-TABLO
100
AcDbText
 10
1729.7201149425287
 20
676.5000000000001
 30
0.0
 40
2.3
  1
V5 (en büyük çekmelerin bileþkesi)
  7
TRK
 11
1729.7201149425287
 21
676.5000000000001
 31
0.0
100
AcDbText
 73
2
  0
LINE
  5
E09
330
17
100
AcDbEntity
  8
42-TABLO
100
AcDbLine
 10
1869.8132183908046
 20
680.0000000000001
 30
0.0
 11
1869.8132183908046
 21
673.0000000000001
 31
0.0
  0
TEXT
  5
E0A
330
17
100
AcDbEntity
  8
42-TABLO
100
AcDbText
 10
1871.0132183908047
 20
676.5000000000001
 30
0.0
 40
2.3
  1
tüm iletkenler T_max, vektörel toplam
  7
TRK
 11
1871.0132183908047
 21
676.5000000000001
 31
0.0
100
AcDbText
 73
2
  0
LINE
  5
E0B
330
17
100
AcDbEntity
  8
42-TABLO
100
AcDbLine
 10
2186.652298850575
 20
680.0000000000001
 30
0.0
 11
2186.652298850575
 21
673.0000000000001
 31
0.0
  0
TEXT
  5
E0C
330
17
100
AcDbEntity
  8
42-TABLO
100
AcDbText
 10
2225.1867816091954
 20
676.5000000000001
 30
0.0
 40
2.3
  1
her yön / rüzgârsýz
  7
TRK
 72
1
 11
2225.1867816091954
 21
676.5000000000001
 31
0.0
100
AcDbText
 73
2
  0
LINE
  5
E0D
330
17
100
AcDbEntity
  8
42-TABLO
100
AcDbLine
 10
2263.7212643678163
 20
680.0000000000001
 30
0.0
 11
2263.7212643678163
 21
673.0000000000001
 31
0.0
  0
TEXT
  5
E0E
330
17
100
AcDbEntity
  8
42-TABLO
100
AcDbText
 10
2305.3373563218393
 20
676.5000000000001
 30
0.0
 40
2.3
  1
2.846,7
  7
TRK
 72
2
 11
2305.3373563218393
 21
676.5000000000001
 31
0.0
100
AcDbText
 73
2
  0
LINE
  5
E0F
330
17
100
AcDbEntity
  8
42-TABLO
100
AcDbLine
 10
2306.537356321839
 20
680.0000000000001
 30
0.0
 11
2306.537356321839
 21
673.0000000000001
 31
0.0
  0
TEXT
  5
E10
330
17
100
AcDbEntity
  8
42-TABLO
100
AcDbText
 10
2343.8718390804597
 20
676.5000000000001
 30
0.0
 40
2.3
  1
4.432
  7
TRK
 72
2
 11
2343.8718390804597
 21
676.5000000000001
 31
0.0
100
AcDbText
 73
2
  0
LINE
  5
E11
330
17
100
AcDbEntity
  8
42-TABLO
100
AcDbLine
 10
2345.0718390804595
 20
680.0000000000001
 30
0.0
 11
2345.0718390804595
 21
673.0000000000001
 31
0.0
  0
TEXT
  5
E12
330
17
100
AcDbEntity
  8
42-TABLO
100
AcDbText
 10
2362.198275862069
 20
676.5000000000001
 30
0.0
 40
2.3
  1
%64
  7
TRK
 72
1
 11
2362.198275862069
 21
676.5000000000001
 31
0.0
100
AcDbText
 73
2
  0
LINE
  5
E13
330
17
100
AcDbEntity
  8
42-TABLO
100
AcDbLine
 10
2379.324712643678
 20
680.0000000000001
 30
0.0
 11
2379.324712643678
 21
673.0000000000001
 31
0.0
  0
TEXT
  5
E14
330
17
100
AcDbEntity
  8
42-TABLO
100
AcDbText
 10
2399.662356321839
 20
676.5000000000001
 30
0.0
 40
2.3
  1
UYGUN
  7
TRK
 72
1
 11
2399.662356321839
 21
676.5000000000001
 31
0.0
100
AcDbText
 73
2
  0
LINE
  5
E15
330
17
100
AcDbEntity
  8
42-TABLO
100
AcDbLine
 10
2420.0
 20
680.0000000000001
 30
0.0
 11
2420.0
 21
673.0000000000001
 31
0.0
  0
LINE
  5
E16
330
17
100
AcDbEntity
  8
42-TABLO
100
AcDbLine
 10
1675.0
 20
673.0000000000001
 30
0.0
 11
2420.0
 21
673.0000000000001
 31
0.0
  0
TEXT
  5
E17
330
17
100
AcDbEntity
  8
42-TABLO
100
AcDbText
 10
1686.7744252873563
 20
669.5000000000001
 30
0.0
 40
2.3
  1
D2
  7
TRK
 72
1
 11
1686.7744252873563
 21
669.5000000000001
 31
0.0
100
AcDbText
 73
2
  0
LINE
  5
E18
330
17
100
AcDbEntity
  8
42-TABLO
100
AcDbLine
 10
1698.5488505747126
 20
673.0000000000001
 30
0.0
 11
1698.5488505747126
 21
666.0000000000001
 31
0.0
  0
TEXT
  5
E19
330
17
100
AcDbEntity
  8
42-TABLO
100
AcDbText
 10
1713.5344827586207
 20
669.5000000000001
 30
0.0
 40
2.3
  1
K5''
  7
TRK
 72
1
 11
1713.5344827586207
 21
669.5000000000001
 31
0.0
100
AcDbText
 73
2
  0
LINE
  5
E1A
330
17
100
AcDbEntity
  8
42-TABLO
100
AcDbLine
 10
1728.5201149425288
 20
673.0000000000001
 30
0.0
 11
1728.5201149425288
 21
666.0000000000001
 31
0.0
  0
TEXT
  5
E1B
330
17
100
AcDbEntity
  8
42-TABLO
100
AcDbText
 10
1729.7201149425287
 20
669.5000000000001
 30
0.0
 40
2.3
  1
V1 (bir yan %100, diðer yan zayýflamalý)
  7
TRK
 11
1729.7201149425287
 21
669.5000000000001
 31
0.0
100
AcDbText
 73
2
  0
LINE
  5
E1C
330
17
100
AcDbEntity
  8
42-TABLO
100
AcDbLine
 10
1869.8132183908046
 20
673.0000000000001
 30
0.0
 11
1869.8132183908046
 21
666.0000000000001
 31
0.0
  0
TEXT
  5
E1D
330
17
100
AcDbEntity
  8
42-TABLO
100
AcDbText
 10
1871.0132183908047
 20
669.5000000000001
 30
0.0
 40
2.3
  1
Çz.12: 4 iletken \U+2192 %60 zayýflama
  7
TRK
 11
1871.0132183908047
 21
669.5000000000001
 31
0.0
100
AcDbText
 73
2
  0
LINE
  5
E1E
330
17
100
AcDbEntity
  8
42-TABLO
100
AcDbLine
 10
2186.652298850575
 20
673.0000000000001
 30
0.0
 11
2186.652298850575
 21
666.0000000000001
 31
0.0
  0
TEXT
  5
E1F
330
17
100
AcDbEntity
  8
42-TABLO
100
AcDbText
 10
2225.1867816091954
 20
669.5000000000001
 30
0.0
 40
2.3
  1
her yön / rüzgârsýz
  7
TRK
 72
1
 11
2225.1867816091954
 21
669.5000000000001
 31
0.0
100
AcDbText
 73
2
  0
LINE
  5
E20
330
17
100
AcDbEntity
  8
42-TABLO
100
AcDbLine
 10
2263.7212643678163
 20
673.0000000000001
 30
0.0
 11
2263.7212643678163
 21
666.0000000000001
 31
0.0
  0
TEXT
  5
E21
330
17
100
AcDbEntity
  8
42-TABLO
100
AcDbText
 10
2305.3373563218393
 20
669.5000000000001
 30
0.0
 40
2.3
  1
2.322,0
  7
TRK
 72
2
 11
2305.3373563218393
 21
669.5000000000001
 31
0.0
100
AcDbText
 73
2
  0
LINE
  5
E22
330
17
100
AcDbEntity
  8
42-TABLO
100
AcDbLine
 10
2306.537356321839
 20
673.0000000000001
 30
0.0
 11
2306.537356321839
 21
666.0000000000001
 31
0.0
  0
TEXT
  5
E23
330
17
100
AcDbEntity
  8
42-TABLO
100
AcDbText
 10
2343.8718390804597
 20
669.5000000000001
 30
0.0
 40
2.3
  1
4.432
  7
TRK
 72
2
 11
2343.8718390804597
 21
669.5000000000001
 31
0.0
100
AcDbText
 73
2
  0
LINE
  5
E24
330
17
100
AcDbEntity
  8
42-TABLO
100
AcDbLine
 10
2345.0718390804595
 20
673.0000000000001
 30
0.0
 11
2345.0718390804595
 21
666.0000000000001
 31
0.0
  0
TEXT
  5
E25
330
17
100
AcDbEntity
  8
42-TABLO
100
AcDbText
 10
2362.198275862069
 20
669.5000000000001
 30
0.0
 40
2.3
  1
%52
  7
TRK
 72
1
 11
2362.198275862069
 21
669.5000000000001
 31
0.0
100
AcDbText
 73
2
  0
LINE
  5
E26
330
17
100
AcDbEntity
  8
42-TABLO
100
AcDbLine
 10
2379.324712643678
 20
673.0000000000001
 30
0.0
 11
2379.324712643678
 21
666.0000000000001
 31
0.0
  0
TEXT
  5
E27
330
17
100
AcDbEntity
  8
42-TABLO
100
AcDbText
 10
2399.662356321839
 20
669.5000000000001
 30
0.0
 40
2.3
  1
UYGUN
  7
TRK
 72
1
 11
2399.662356321839
 21
669.5000000000001
 31
0.0
100
AcDbText
 73
2
  0
LINE
  5
E28
330
17
100
AcDbEntity
  8
42-TABLO
100
AcDbLine
 10
2420.0
 20
673.0000000000001
 30
0.0
 11
2420.0
 21
666.0000000000001
 31
0.0
  0
LINE
  5
E29
330
17
100
AcDbEntity
  8
42-TABLO
100
AcDbLine
 10
1675.0
 20
666.0000000000001
 30
0.0
 11
2420.0
 21
666.0000000000001
 31
0.0
  0
TEXT
  5
E2A
330
17
100
AcDbEntity
  8
42-TABLO
100
AcDbText
 10
1686.7744252873563
 20
662.5000000000001
 30
0.0
 40
2.3
  1
D2
  7
TRK
 72
1
 11
1686.7744252873563
 21
662.5000000000001
 31
0.0
100
AcDbText
 73
2
  0
LINE
  5
E2B
330
17
100
AcDbEntity
  8
42-TABLO
100
AcDbLine
 10
1698.5488505747126
 20
666.0000000000001
 30
0.0
 11
1698.5488505747126
 21
659.0000000000001
 31
0.0
  0
TEXT
  5
E2C
330
17
100
AcDbEntity
  8
42-TABLO
100
AcDbText
 10
1713.5344827586207
 20
662.5000000000001
 30
0.0
 40
2.3
  1
K5''
  7
TRK
 72
1
 11
1713.5344827586207
 21
662.5000000000001
 31
0.0
100
AcDbText
 73
2
  0
LINE
  5
E2D
330
17
100
AcDbEntity
  8
42-TABLO
100
AcDbLine
 10
1728.5201149425288
 20
666.0000000000001
 30
0.0
 11
1728.5201149425288
 21
659.0000000000001
 31
0.0
  0
TEXT
  5
E2E
330
17
100
AcDbEntity
  8
42-TABLO
100
AcDbText
 10
1729.7201149425287
 20
662.5000000000001
 30
0.0
 40
2.3
  1
V2 (bir iletken kopmasý, %75)
  7
TRK
 11
1729.7201149425287
 21
662.5000000000001
 31
0.0
100
AcDbText
 73
2
  0
LINE
  5
E2F
330
17
100
AcDbEntity
  8
42-TABLO
100
AcDbLine
 10
1869.8132183908046
 20
666.0000000000001
 30
0.0
 11
1869.8132183908046
 21
659.0000000000001
 31
0.0
  0
TEXT
  5
E30
330
17
100
AcDbEntity
  8
42-TABLO
100
AcDbText
 10
1871.0132183908047
 20
662.5000000000001
 30
0.0
 40
2.3
  1
kopan iletken tarafýnda 0, diðer yanda %75 T
  7
TRK
 11
1871.0132183908047
 21
662.5000000000001
 31
0.0
100
AcDbText
 73
2
  0
LINE
  5
E31
330
17
100
AcDbEntity
  8
42-TABLO
100
AcDbLine
 10
2186.652298850575
 20
666.0000000000001
 30
0.0
 11
2186.652298850575
 21
659.0000000000001
 31
0.0
  0
TEXT
  5
E32
330
17
100
AcDbEntity
  8
42-TABLO
100
AcDbText
 10
2225.1867816091954
 20
662.5000000000001
 30
0.0
 40
2.3
  1
her yön / rüzgârsýz
  7
TRK
 72
1
 11
2225.1867816091954
 21
662.5000000000001
 31
0.0
100
AcDbText
 73
2
  0
LINE
  5
E33
330
17
100
AcDbEntity
  8
42-TABLO
100
AcDbLine
 10
2263.7212643678163
 20
666.0000000000001
 30
0.0
 11
2263.7212643678163
 21
659.0000000000001
 31
0.0
  0
TEXT
  5
E34
330
17
100
AcDbEntity
  8
42-TABLO
100
AcDbText
 10
2305.3373563218393
 20
662.5000000000001
 30
0.0
 40
2.3
  1
2.656,9
  7
TRK
 72
2
 11
2305.3373563218393
 21
662.5000000000001
 31
0.0
100
AcDbText
 73
2
  0
LINE
  5
E35
330
17
100
AcDbEntity
  8
42-TABLO
100
AcDbLine
 10
2306.537356321839
 20
666.0000000000001
 30
0.0
 11
2306.537356321839
 21
659.0000000000001
 31
0.0
  0
TEXT
  5
E36
330
17
100
AcDbEntity
  8
42-TABLO
100
AcDbText
 10
2343.8718390804597
 20
662.5000000000001
 30
0.0
 40
2.3
  1
4.432
  7
TRK
 72
2
 11
2343.8718390804597
 21
662.5000000000001
 31
0.0
100
AcDbText
 73
2
  0
LINE
  5
E37
330
17
100
AcDbEntity
  8
42-TABLO
100
AcDbLine
 10
2345.0718390804595
 20
666.0000000000001
 30
0.0
 11
2345.0718390804595
 21
659.0000000000001
 31
0.0
  0
TEXT
  5
E38
330
17
100
AcDbEntity
  8
42-TABLO
100
AcDbText
 10
2362.198275862069
 20
662.5000000000001
 30
0.0
 40
2.3
  1
%60
  7
TRK
 72
1
 11
2362.198275862069
 21
662.5000000000001
 31
0.0
100
AcDbText
 73
2
  0
LINE
  5
E39
330
17
100
AcDbEntity
  8
42-TABLO
100
AcDbLine
 10
2379.324712643678
 20
666.0000000000001
 30
0.0
 11
2379.324712643678
 21
659.0000000000001
 31
0.0
  0
TEXT
  5
E3A
330
17
100
AcDbEntity
  8
42-TABLO
100
AcDbText
 10
2399.662356321839
 20
662.5000000000001
 30
0.0
 40
2.3
  1
UYGUN
  7
TRK
 72
1
 11
2399.662356321839
 21
662.5000000000001
 31
0.0
100
AcDbText
 73
2
  0
LINE
  5
E3B
330
17
100
AcDbEntity
  8
42-TABLO
100
AcDbLine
 10
2420.0
 20
666.0000000000001
 30
0.0
 11
2420.0
 21
659.0000000000001
 31
0.0
  0
LINE
  5
E3C
330
17
100
AcDbEntity
  8
42-TABLO
100
AcDbLine
 10
1675.0
 20
659.0000000000001
 30
0.0
 11
2420.0
 21
659.0000000000001
 31
0.0
  0
TEXT
  5
E3D
330
17
100
AcDbEntity
  8
42-TABLO
100
AcDbText
 10
1686.7744252873563
 20
655.5000000000001
 30
0.0
 40
2.3
  1
D2
  7
TRK
 72
1
 11
1686.7744252873563
 21
655.5000000000001
 31
0.0
100
AcDbText
 73
2
  0
LINE
  5
E3E
330
17
100
AcDbEntity
  8
42-TABLO
100
AcDbLine
 10
1698.5488505747126
 20
659.0000000000001
 30
0.0
 11
1698.5488505747126
 21
652.0000000000001
 31
0.0
  0
TEXT
  5
E3F
330
17
100
AcDbEntity
  8
42-TABLO
100
AcDbText
 10
1713.5344827586207
 20
655.5000000000001
 30
0.0
 40
2.3
  1
K5''
  7
TRK
 72
1
 11
1713.5344827586207
 21
655.5000000000001
 31
0.0
100
AcDbText
 73
2
  0
LINE
  5
E40
330
17
100
AcDbEntity
  8
42-TABLO
100
AcDbLine
 10
1728.5201149425288
 20
659.0000000000001
 30
0.0
 11
1728.5201149425288
 21
652.0000000000001
 31
0.0
  0
TEXT
  5
E41
330
17
100
AcDbEntity
  8
42-TABLO
100
AcDbText
 10
1729.7201149425287
 20
655.5000000000001
 30
0.0
 40
2.3
  1
V4 (+5 °C rüzgârlý)
  7
TRK
 11
1729.7201149425287
 21
655.5000000000001
 31
0.0
100
AcDbText
 73
2
  0
LINE
  5
E42
330
17
100
AcDbEntity
  8
42-TABLO
100
AcDbLine
 10
1869.8132183908046
 20
659.0000000000001
 30
0.0
 11
1869.8132183908046
 21
652.0000000000001
 31
0.0
  0
TEXT
  5
E43
330
17
100
AcDbEntity
  8
42-TABLO
100
AcDbText
 10
1871.0132183908047
 20
655.5000000000001
 30
0.0
 40
2.3
  1
+5 °C rüzgârlý çekmelerin bileþkesi + bileþke yönünde rüzgâr (+direk rüzg. 114,5, travers 62,0)
  7
TRK
 11
1871.0132183908047
 21
655.5000000000001
 31
0.0
100
AcDbText
 73
2
  0
LINE
  5
E44
330
17
100
AcDbEntity
  8
42-TABLO
100
AcDbLine
 10
2186.652298850575
 20
659.0000000000001
 30
0.0
 11
2186.652298850575
 21
652.0000000000001
 31
0.0
  0
TEXT
  5
E45
330
17
100
AcDbEntity
  8
42-TABLO
100
AcDbText
 10
2225.1867816091954
 20
655.5000000000001
 30
0.0
 40
2.3
  1
her yön / rüzgârsýz
  7
TRK
 72
1
 11
2225.1867816091954
 21
655.5000000000001
 31
0.0
100
AcDbText
 73
2
  0
LINE
  5
E46
330
17
100
AcDbEntity
  8
42-TABLO
100
AcDbLine
 10
2263.7212643678163
 20
659.0000000000001
 30
0.0
 11
2263.7212643678163
 21
652.0000000000001
 31
0.0
  0
TEXT
  5
E47
330
17
100
AcDbEntity
  8
42-TABLO
100
AcDbText
 10
2305.3373563218393
 20
655.5000000000001
 30
0.0
 40
2.3
  1
2.182,5
  7
TRK
 72
2
 11
2305.3373563218393
 21
655.5000000000001
 31
0.0
100
AcDbText
 73
2
  0
LINE
  5
E48
330
17
100
AcDbEntity
  8
42-TABLO
100
AcDbLine
 10
2306.537356321839
 20
659.0000000000001
 30
0.0
 11
2306.537356321839
 21
652.0000000000001
 31
0.0
  0
TEXT
  5
E49
330
17
100
AcDbEntity
  8
42-TABLO
100
AcDbText
 10
2343.8718390804597
 20
655.5000000000001
 30
0.0
 40
2.3
  1
4.432
  7
TRK
 72
2
 11
2343.8718390804597
 21
655.5000000000001
 31
0.0
100
AcDbText
 73
2
  0
LINE
  5
E4A
330
17
100
AcDbEntity
  8
42-TABLO
100
AcDbLine
 10
2345.0718390804595
 20
659.0000000000001
 30
0.0
 11
2345.0718390804595
 21
652.0000000000001
 31
0.0
  0
TEXT
  5
E4B
330
17
100
AcDbEntity
  8
42-TABLO
100
AcDbText
 10
2362.198275862069
 20
655.5000000000001
 30
0.0
 40
2.3
  1
%49
  7
TRK
 72
1
 11
2362.198275862069
 21
655.5000000000001
 31
0.0
100
AcDbText
 73
2
  0
LINE
  5
E4C
330
17
100
AcDbEntity
  8
42-TABLO
100
AcDbLine
 10
2379.324712643678
 20
659.0000000000001
 30
0.0
 11
2379.324712643678
 21
652.0000000000001
 31
0.0
  0
TEXT
  5
E4D
330
17
100
AcDbEntity
  8
42-TABLO
100
AcDbText
 10
2399.662356321839
 20
655.5000000000001
 30
0.0
 40
2.3
  1
UYGUN
  7
TRK
 72
1
 11
2399.662356321839
 21
655.5000000000001
 31
0.0
100
AcDbText
 73
2
  0
LINE
  5
E4E
330
17
100
AcDbEntity
  8
42-TABLO
100
AcDbLine
 10
2420.0
 20
659.0000000000001
 30
0.0
 11
2420.0
 21
652.0000000000001
 31
0.0
  0
LINE
  5
E4F
330
17
100
AcDbEntity
  8
42-TABLO
100
AcDbLine
 10
1675.0
 20
652.0000000000001
 30
0.0
 11
2420.0
 21
652.0000000000001
 31
0.0
  0
TEXT
  5
E50
330
17
100
AcDbEntity
  8
42-TABLO
100
AcDbText
 10
1686.7744252873563
 20
648.5000000000001
 30
0.0
 40
2.3
  1
D2
  7
TRK
 72
1
 11
1686.7744252873563
 21
648.5000000000001
 31
0.0
100
AcDbText
 73
2
  0
LINE
  5
E51
330
17
100
AcDbEntity
  8
42-TABLO
100
AcDbLine
 10
1698.5488505747126
 20
652.0000000000001
 30
0.0
 11
1698.5488505747126
 21
645.0000000000001
 31
0.0
  0
TEXT
  5
E52
330
17
100
AcDbEntity
  8
42-TABLO
100
AcDbText
 10
1713.5344827586207
 20
648.5000000000001
 30
0.0
 40
2.3
  1
K5''
  7
TRK
 72
1
 11
1713.5344827586207
 21
648.5000000000001
 31
0.0
100
AcDbText
 73
2
  0
LINE
  5
E53
330
17
100
AcDbEntity
  8
42-TABLO
100
AcDbLine
 10
1728.5201149425288
 20
652.0000000000001
 30
0.0
 11
1728.5201149425288
 21
645.0000000000001
 31
0.0
  0
TEXT
  5
E54
330
17
100
AcDbEntity
  8
42-TABLO
100
AcDbText
 10
1729.7201149425287
 20
648.5000000000001
 30
0.0
 40
2.3
  1
V5 (en büyük çekmelerin bileþkesi)
  7
TRK
 11
1729.7201149425287
 21
648.5000000000001
 31
0.0
100
AcDbText
 73
2
  0
LINE
  5
E55
330
17
100
AcDbEntity
  8
42-TABLO
100
AcDbLine
 10
1869.8132183908046
 20
652.0000000000001
 30
0.0
 11
1869.8132183908046
 21
645.0000000000001
 31
0.0
  0
TEXT
  5
E56
330
17
100
AcDbEntity
  8
42-TABLO
100
AcDbText
 10
1871.0132183908047
 20
648.5000000000001
 30
0.0
 40
2.3
  1
tüm iletkenler T_max, vektörel toplam
  7
TRK
 11
1871.0132183908047
 21
648.5000000000001
 31
0.0
100
AcDbText
 73
2
  0
LINE
  5
E57
330
17
100
AcDbEntity
  8
42-TABLO
100
AcDbLine
 10
2186.652298850575
 20
652.0000000000001
 30
0.0
 11
2186.652298850575
 21
645.0000000000001
 31
0.0
  0
TEXT
  5
E58
330
17
100
AcDbEntity
  8
42-TABLO
100
AcDbText
 10
2225.1867816091954
 20
648.5000000000001
 30
0.0
 40
2.3
  1
her yön / rüzgârsýz
  7
TRK
 72
1
 11
2225.1867816091954
 21
648.5000000000001
 31
0.0
100
AcDbText
 73
2
  0
LINE
  5
E59
330
17
100
AcDbEntity
  8
42-TABLO
100
AcDbLine
 10
2263.7212643678163
 20
652.0000000000001
 30
0.0
 11
2263.7212643678163
 21
645.0000000000001
 31
0.0
  0
TEXT
  5
E5A
330
17
100
AcDbEntity
  8
42-TABLO
100
AcDbText
 10
2305.3373563218393
 20
648.5000000000001
 30
0.0
 40
2.3
  1
3.121,5
  7
TRK
 72
2
 11
2305.3373563218393
 21
648.5000000000001
 31
0.0
100
AcDbText
 73
2
  0
LINE
  5
E5B
330
17
100
AcDbEntity
  8
42-TABLO
100
AcDbLine
 10
2306.537356321839
 20
652.0000000000001
 30
0.0
 11
2306.537356321839
 21
645.0000000000001
 31
0.0
  0
TEXT
  5
E5C
330
17
100
AcDbEntity
  8
42-TABLO
100
AcDbText
 10
2343.8718390804597
 20
648.5000000000001
 30
0.0
 40
2.3
  1
4.432
  7
TRK
 72
2
 11
2343.8718390804597
 21
648.5000000000001
 31
0.0
100
AcDbText
 73
2
  0
LINE
  5
E5D
330
17
100
AcDbEntity
  8
42-TABLO
100
AcDbLine
 10
2345.0718390804595
 20
652.0000000000001
 30
0.0
 11
2345.0718390804595
 21
645.0000000000001
 31
0.0
  0
TEXT
  5
E5E
330
17
100
AcDbEntity
  8
42-TABLO
100
AcDbText
 10
2362.198275862069
 20
648.5000000000001
 30
0.0
 40
2.3
  1
%70
  7
TRK
 72
1
 11
2362.198275862069
 21
648.5000000000001
 31
0.0
100
AcDbText
 73
2
  0
LINE
  5
E5F
330
17
100
AcDbEntity
  8
42-TABLO
100
AcDbLine
 10
2379.324712643678
 20
652.0000000000001
 30
0.0
 11
2379.324712643678
 21
645.0000000000001
 31
0.0
  0
TEXT
  5
E60
330
17
100
AcDbEntity
  8
42-TABLO
100
AcDbText
 10
2399.662356321839
 20
648.5000000000001
 30
0.0
 40
2.3
  1
UYGUN
  7
TRK
 72
1
 11
2399.662356321839
 21
648.5000000000001
 31
0.0
100
AcDbText
 73
2
  0
LINE
  5
E61
330
17
100
AcDbEntity
  8
42-TABLO
100
AcDbLine
 10
2420.0
 20
652.0000000000001
 30
0.0
 11
2420.0
 21
645.0000000000001
 31
0.0
  0
LINE
  5
E62
330
17
100
AcDbEntity
  8
42-TABLO
100
AcDbLine
 10
1675.0
 20
645.0000000000001
 30
0.0
 11
2420.0
 21
645.0000000000001
 31
0.0
  0
TEXT
  5
E63
330
17
100
AcDbEntity
  8
42-TABLO
100
AcDbText
 10
1686.7744252873563
 20
641.5000000000001
 30
0.0
 40
2.3
  1
D3
  7
TRK
 72
1
 11
1686.7744252873563
 21
641.5000000000001
 31
0.0
100
AcDbText
 73
2
  0
LINE
  5
E64
330
17
100
AcDbEntity
  8
42-TABLO
100
AcDbLine
 10
1698.5488505747126
 20
645.0000000000001
 30
0.0
 11
1698.5488505747126
 21
638.0000000000001
 31
0.0
  0
TEXT
  5
E65
330
17
100
AcDbEntity
  8
42-TABLO
100
AcDbText
 10
1713.5344827586207
 20
641.5000000000001
 30
0.0
 40
2.3
  1
12U''
  7
TRK
 72
1
 11
1713.5344827586207
 21
641.5000000000001
 31
0.0
100
AcDbText
 73
2
  0
LINE
  5
E66
330
17
100
AcDbEntity
  8
42-TABLO
100
AcDbLine
 10
1728.5201149425288
 20
645.0000000000001
 30
0.0
 11
1728.5201149425288
 21
638.0000000000001
 31
0.0
  0
TEXT
  5
E67
330
17
100
AcDbEntity
  8
42-TABLO
100
AcDbText
 10
1729.7201149425287
 20
641.5000000000001
 30
0.0
 40
2.3
  1
V1 (hatta dik rüzgâr)
  7
TRK
 11
1729.7201149425287
 21
641.5000000000001
 31
0.0
100
AcDbText
 73
2
  0
LINE
  5
E68
330
17
100
AcDbEntity
  8
42-TABLO
100
AcDbLine
 10
1869.8132183908046
 20
645.0000000000001
 30
0.0
 11
1869.8132183908046
 21
638.0000000000001
 31
0.0
  0
TEXT
  5
E69
330
17
100
AcDbEntity
  8
42-TABLO
100
AcDbText
 10
1871.0132183908047
 20
641.5000000000001
 30
0.0
 40
2.3
  1
OG 3×0.6171×50.0 + AG 1.9360×50.0×0.843 + travers/izolatör
  7
TRK
 11
1871.0132183908047
 21
641.5000000000001
 31
0.0
100
AcDbText
 73
2
  0
LINE
  5
E6A
330
17
100
AcDbEntity
  8
42-TABLO
100
AcDbLine
 10
2186.652298850575
 20
645.0000000000001
 30
0.0
 11
2186.652298850575
 21
638.0000000000001
 31
0.0
  0
TEXT
  5
E6B
330
17
100
AcDbEntity
  8
42-TABLO
100
AcDbText
 10
2225.1867816091954
 20
641.5000000000001
 30
0.0
 40
2.3
  1
güçlü / rüzgârlý
  7
TRK
 72
1
 11
2225.1867816091954
 21
641.5000000000001
 31
0.0
100
AcDbText
 73
2
  0
LINE
  5
E6C
330
17
100
AcDbEntity
  8
42-TABLO
100
AcDbLine
 10
2263.7212643678163
 20
645.0000000000001
 30
0.0
 11
2263.7212643678163
 21
638.0000000000001
 31
0.0
  0
TEXT
  5
E6D
330
17
100
AcDbEntity
  8
42-TABLO
100
AcDbText
 10
2305.3373563218393
 20
641.5000000000001
 30
0.0
 40
2.3
  1
199,7
  7
TRK
 72
2
 11
2305.3373563218393
 21
641.5000000000001
 31
0.0
100
AcDbText
 73
2
  0
LINE
  5
E6E
330
17
100
AcDbEntity
  8
42-TABLO
100
AcDbLine
 10
2306.537356321839
 20
645.0000000000001
 30
0.0
 11
2306.537356321839
 21
638.0000000000001
 31
0.0
  0
TEXT
  5
E6F
330
17
100
AcDbEntity
  8
42-TABLO
100
AcDbText
 10
2343.8718390804597
 20
641.5000000000001
 30
0.0
 40
2.3
  1
868
  7
TRK
 72
2
 11
2343.8718390804597
 21
641.5000000000001
 31
0.0
100
AcDbText
 73
2
  0
LINE
  5
E70
330
17
100
AcDbEntity
  8
42-TABLO
100
AcDbLine
 10
2345.0718390804595
 20
645.0000000000001
 30
0.0
 11
2345.0718390804595
 21
638.0000000000001
 31
0.0
  0
TEXT
  5
E71
330
17
100
AcDbEntity
  8
42-TABLO
100
AcDbText
 10
2362.198275862069
 20
641.5000000000001
 30
0.0
 40
2.3
  1
%23
  7
TRK
 72
1
 11
2362.198275862069
 21
641.5000000000001
 31
0.0
100
AcDbText
 73
2
  0
LINE
  5
E72
330
17
100
AcDbEntity
  8
42-TABLO
100
AcDbLine
 10
2379.324712643678
 20
645.0000000000001
 30
0.0
 11
2379.324712643678
 21
638.0000000000001
 31
0.0
  0
TEXT
  5
E73
330
17
100
AcDbEntity
  8
42-TABLO
100
AcDbText
 10
2399.662356321839
 20
641.5000000000001
 30
0.0
 40
2.3
  1
UYGUN
  7
TRK
 72
1
 11
2399.662356321839
 21
641.5000000000001
 31
0.0
100
AcDbText
 73
2
  0
LINE
  5
E74
330
17
100
AcDbEntity
  8
42-TABLO
100
AcDbLine
 10
2420.0
 20
645.0000000000001
 30
0.0
 11
2420.0
 21
638.0000000000001
 31
0.0
  0
LINE
  5
E75
330
17
100
AcDbEntity
  8
42-TABLO
100
AcDbLine
 10
1675.0
 20
638.0000000000001
 30
0.0
 11
2420.0
 21
638.0000000000001
 31
0.0
  0
TEXT
  5
E76
330
17
100
AcDbEntity
  8
42-TABLO
100
AcDbText
 10
1686.7744252873563
 20
634.5000000000001
 30
0.0
 40
2.3
  1
D3
  7
TRK
 72
1
 11
1686.7744252873563
 21
634.5000000000001
 31
0.0
100
AcDbText
 73
2
  0
LINE
  5
E77
330
17
100
AcDbEntity
  8
42-TABLO
100
AcDbLine
 10
1698.5488505747126
 20
638.0000000000001
 30
0.0
 11
1698.5488505747126
 21
631.0000000000001
 31
0.0
  0
TEXT
  5
E78
330
17
100
AcDbEntity
  8
42-TABLO
100
AcDbText
 10
1713.5344827586207
 20
634.5000000000001
 30
0.0
 40
2.3
  1
12U''
  7
TRK
 72
1
 11
1713.5344827586207
 21
634.5000000000001
 31
0.0
100
AcDbText
 73
2
  0
LINE
  5
E79
330
17
100
AcDbEntity
  8
42-TABLO
100
AcDbLine
 10
1728.5201149425288
 20
638.0000000000001
 30
0.0
 11
1728.5201149425288
 21
631.0000000000001
 31
0.0
  0
TEXT
  5
E7A
330
17
100
AcDbEntity
  8
42-TABLO
100
AcDbText
 10
1729.7201149425287
 20
634.5000000000001
 30
0.0
 40
2.3
  1
V2 (%2 tek yanlý çekme)
  7
TRK
 11
1729.7201149425287
 21
634.5000000000001
 31
0.0
100
AcDbText
 73
2
  0
LINE
  5
E7B
330
17
100
AcDbEntity
  8
42-TABLO
100
AcDbLine
 10
1869.8132183908046
 20
638.0000000000001
 30
0.0
 11
1869.8132183908046
 21
631.0000000000001
 31
0.0
  0
TEXT
  5
E7C
330
17
100
AcDbEntity
  8
42-TABLO
100
AcDbText
 10
1871.0132183908047
 20
634.5000000000001
 30
0.0
 40
2.3
  1
0,02 × (3·T_OG + T_AG·h_AG/H)
  7
TRK
 11
1871.0132183908047
 21
634.5000000000001
 31
0.0
100
AcDbText
 73
2
  0
LINE
  5
E7D
330
17
100
AcDbEntity
  8
42-TABLO
100
AcDbLine
 10
2186.652298850575
 20
638.0000000000001
 30
0.0
 11
2186.652298850575
 21
631.0000000000001
 31
0.0
  0
TEXT
  5
E7E
330
17
100
AcDbEntity
  8
42-TABLO
100
AcDbText
 10
2225.1867816091954
 20
634.5000000000001
 30
0.0
 40
2.3
  1
zayýf / rüzgârlý
  7
TRK
 72
1
 11
2225.1867816091954
 21
634.5000000000001
 31
0.0
100
AcDbText
 73
2
  0
LINE
  5
E7F
330
17
100
AcDbEntity
  8
42-TABLO
100
AcDbLine
 10
2263.7212643678163
 20
638.0000000000001
 30
0.0
 11
2263.7212643678163
 21
631.0000000000001
 31
0.0
  0
TEXT
  5
E80
330
17
100
AcDbEntity
  8
42-TABLO
100
AcDbText
 10
2305.3373563218393
 20
634.5000000000001
 30
0.0
 40
2.3
  1
40,7
  7
TRK
 72
2
 11
2305.3373563218393
 21
634.5000000000001
 31
0.0
100
AcDbText
 73
2
  0
LINE
  5
E81
330
17
100
AcDbEntity
  8
42-TABLO
100
AcDbLine
 10
2306.537356321839
 20
638.0000000000001
 30
0.0
 11
2306.537356321839
 21
631.0000000000001
 31
0.0
  0
TEXT
  5
E82
330
17
100
AcDbEntity
  8
42-TABLO
100
AcDbText
 10
2343.8718390804597
 20
634.5000000000001
 30
0.0
 40
2.3
  1
99
  7
TRK
 72
2
 11
2343.8718390804597
 21
634.5000000000001
 31
0.0
100
AcDbText
 73
2
  0
LINE
  5
E83
330
17
100
AcDbEntity
  8
42-TABLO
100
AcDbLine
 10
2345.0718390804595
 20
638.0000000000001
 30
0.0
 11
2345.0718390804595
 21
631.0000000000001
 31
0.0
  0
TEXT
  5
E84
330
17
100
AcDbEntity
  8
42-TABLO
100
AcDbText
 10
2362.198275862069
 20
634.5000000000001
 30
0.0
 40
2.3
  1
%41
  7
TRK
 72
1
 11
2362.198275862069
 21
634.5000000000001
 31
0.0
100
AcDbText
 73
2
  0
LINE
  5
E85
330
17
100
AcDbEntity
  8
42-TABLO
100
AcDbLine
 10
2379.324712643678
 20
638.0000000000001
 30
0.0
 11
2379.324712643678
 21
631.0000000000001
 31
0.0
  0
TEXT
  5
E86
330
17
100
AcDbEntity
  8
42-TABLO
100
AcDbText
 10
2399.662356321839
 20
634.5000000000001
 30
0.0
 40
2.3
  1
UYGUN
  7
TRK
 72
1
 11
2399.662356321839
 21
634.5000000000001
 31
0.0
100
AcDbText
 73
2
  0
LINE
  5
E87
330
17
100
AcDbEntity
  8
42-TABLO
100
AcDbLine
 10
2420.0
 20
638.0000000000001
 30
0.0
 11
2420.0
 21
631.0000000000001
 31
0.0
  0
LINE
  5
E88
330
17
100
AcDbEntity
  8
42-TABLO
100
AcDbLine
 10
1675.0
 20
631.0000000000001
 30
0.0
 11
2420.0
 21
631.0000000000001
 31
0.0
  0
TEXT
  5
E89
330
17
100
AcDbEntity
  8
42-TABLO
100
AcDbText
 10
1686.7744252873563
 20
627.5000000000001
 30
0.0
 40
2.3
  1
D3
  7
TRK
 72
1
 11
1686.7744252873563
 21
627.5000000000001
 31
0.0
100
AcDbText
 73
2
  0
LINE
  5
E8A
330
17
100
AcDbEntity
  8
42-TABLO
100
AcDbLine
 10
1698.5488505747126
 20
631.0000000000001
 30
0.0
 11
1698.5488505747126
 21
624.0000000000001
 31
0.0
  0
TEXT
  5
E8B
330
17
100
AcDbEntity
  8
42-TABLO
100
AcDbText
 10
1713.5344827586207
 20
627.5000000000001
 30
0.0
 40
2.3
  1
12U''
  7
TRK
 72
1
 11
1713.5344827586207
 21
627.5000000000001
 31
0.0
100
AcDbText
 73
2
  0
LINE
  5
E8C
330
17
100
AcDbEntity
  8
42-TABLO
100
AcDbLine
 10
1728.5201149425288
 20
631.0000000000001
 30
0.0
 11
1728.5201149425288
 21
624.0000000000001
 31
0.0
  0
TEXT
  5
E8D
330
17
100
AcDbEntity
  8
42-TABLO
100
AcDbText
 10
1729.7201149425287
 20
627.5000000000001
 30
0.0
 40
2.3
  1
V3 (iletken kopmasý)
  7
TRK
 11
1729.7201149425287
 21
627.5000000000001
 31
0.0
100
AcDbText
 73
2
  0
LINE
  5
E8E
330
17
100
AcDbEntity
  8
42-TABLO
100
AcDbLine
 10
1869.8132183908046
 20
631.0000000000001
 30
0.0
 11
1869.8132183908046
 21
624.0000000000001
 31
0.0
  0
TEXT
  5
E8F
330
17
100
AcDbEntity
  8
42-TABLO
100
AcDbText
 10
1871.0132183908047
 20
627.5000000000001
 30
0.0
 40
2.3
  1
max(T_OG/5=99.3 ; T_AG/3·h_AG/H=182.6)
  7
TRK
 11
1871.0132183908047
 21
627.5000000000001
 31
0.0
100
AcDbText
 73
2
  0
LINE
  5
E90
330
17
100
AcDbEntity
  8
42-TABLO
100
AcDbLine
 10
2186.652298850575
 20
631.0000000000001
 30
0.0
 11
2186.652298850575
 21
624.0000000000001
 31
0.0
  0
TEXT
  5
E91
330
17
100
AcDbEntity
  8
42-TABLO
100
AcDbText
 10
2225.1867816091954
 20
627.5000000000001
 30
0.0
 40
2.3
  1
zayýf / rüzgârsýz
  7
TRK
 72
1
 11
2225.1867816091954
 21
627.5000000000001
 31
0.0
100
AcDbText
 73
2
  0
LINE
  5
E92
330
17
100
AcDbEntity
  8
42-TABLO
100
AcDbLine
 10
2263.7212643678163
 20
631.0000000000001
 30
0.0
 11
2263.7212643678163
 21
624.0000000000001
 31
0.0
  0
TEXT
  5
E93
330
17
100
AcDbEntity
  8
42-TABLO
100
AcDbText
 10
2305.3373563218393
 20
627.5000000000001
 30
0.0
 40
2.3
  1
182,6
  7
TRK
 72
2
 11
2305.3373563218393
 21
627.5000000000001
 31
0.0
100
AcDbText
 73
2
  0
LINE
  5
E94
330
17
100
AcDbEntity
  8
42-TABLO
100
AcDbLine
 10
2306.537356321839
 20
631.0000000000001
 30
0.0
 11
2306.537356321839
 21
624.0000000000001
 31
0.0
  0
TEXT
  5
E95
330
17
100
AcDbEntity
  8
42-TABLO
100
AcDbText
 10
2343.8718390804597
 20
627.5000000000001
 30
0.0
 40
2.3
  1
194
  7
TRK
 72
2
 11
2343.8718390804597
 21
627.5000000000001
 31
0.0
100
AcDbText
 73
2
  0
LINE
  5
E96
330
17
100
AcDbEntity
  8
42-TABLO
100
AcDbLine
 10
2345.0718390804595
 20
631.0000000000001
 30
0.0
 11
2345.0718390804595
 21
624.0000000000001
 31
0.0
  0
TEXT
  5
E97
330
17
100
AcDbEntity
  8
42-TABLO
100
AcDbText
 10
2362.198275862069
 20
627.5000000000001
 30
0.0
 40
2.3
  1
%94
  7
TRK
 72
1
 11
2362.198275862069
 21
627.5000000000001
 31
0.0
100
AcDbText
 73
2
  0
LINE
  5
E98
330
17
100
AcDbEntity
  8
42-TABLO
100
AcDbLine
 10
2379.324712643678
 20
631.0000000000001
 30
0.0
 11
2379.324712643678
 21
624.0000000000001
 31
0.0
  0
TEXT
  5
E99
330
17
100
AcDbEntity
  8
42-TABLO
100
AcDbText
 10
2399.662356321839
 20
627.5000000000001
 30
0.0
 40
2.3
  1
UYGUN
  7
TRK
 72
1
 11
2399.662356321839
 21
627.5000000000001
 31
0.0
100
AcDbText
 73
2
  0
LINE
  5
E9A
330
17
100
AcDbEntity
  8
42-TABLO
100
AcDbLine
 10
2420.0
 20
631.0000000000001
 30
0.0
 11
2420.0
 21
624.0000000000001
 31
0.0
  0
LINE
  5
E9B
330
17
100
AcDbEntity
  8
42-TABLO
100
AcDbLine
 10
1675.0
 20
624.0000000000001
 30
0.0
 11
2420.0
 21
624.0000000000001
 31
0.0
  0
TEXT
  5
E9C
330
17
100
AcDbEntity
  8
42-TABLO
100
AcDbText
 10
1686.7744252873563
 20
620.5000000000001
 30
0.0
 40
2.3
  1
D4
  7
TRK
 72
1
 11
1686.7744252873563
 21
620.5000000000001
 31
0.0
100
AcDbText
 73
2
  0
LINE
  5
E9D
330
17
100
AcDbEntity
  8
42-TABLO
100
AcDbLine
 10
1698.5488505747126
 20
624.0000000000001
 30
0.0
 11
1698.5488505747126
 21
617.0000000000001
 31
0.0
  0
TEXT
  5
E9E
330
17
100
AcDbEntity
  8
42-TABLO
100
AcDbText
 10
1713.5344827586207
 20
620.5000000000001
 30
0.0
 40
2.3
  1
12U''
  7
TRK
 72
1
 11
1713.5344827586207
 21
620.5000000000001
 31
0.0
100
AcDbText
 73
2
  0
LINE
  5
E9F
330
17
100
AcDbEntity
  8
42-TABLO
100
AcDbLine
 10
1728.5201149425288
 20
624.0000000000001
 30
0.0
 11
1728.5201149425288
 21
617.0000000000001
 31
0.0
  0
TEXT
  5
EA0
330
17
100
AcDbEntity
  8
42-TABLO
100
AcDbText
 10
1729.7201149425287
 20
620.5000000000001
 30
0.0
 40
2.3
  1
V1 (hatta dik rüzgâr)
  7
TRK
 11
1729.7201149425287
 21
620.5000000000001
 31
0.0
100
AcDbText
 73
2
  0
LINE
  5
EA1
330
17
100
AcDbEntity
  8
42-TABLO
100
AcDbLine
 10
1869.8132183908046
 20
624.0000000000001
 30
0.0
 11
1869.8132183908046
 21
617.0000000000001
 31
0.0
  0
TEXT
  5
EA2
330
17
100
AcDbEntity
  8
42-TABLO
100
AcDbText
 10
1871.0132183908047
 20
620.5000000000001
 30
0.0
 40
2.3
  1
OG 3×0.6171×50.0 + AG 1.9360×50.0×0.843 + travers/izolatör
  7
TRK
 11
1871.0132183908047
 21
620.5000000000001
 31
0.0
100
AcDbText
 73
2
  0
LINE
  5
EA3
330
17
100
AcDbEntity
  8
42-TABLO
100
AcDbLine
 10
2186.652298850575
 20
624.0000000000001
 30
0.0
 11
2186.652298850575
 21
617.0000000000001
 31
0.0
  0
TEXT
  5
EA4
330
17
100
AcDbEntity
  8
42-TABLO
100
AcDbText
 10
2225.1867816091954
 20
620.5000000000001
 30
0.0
 40
2.3
  1
güçlü / rüzgârlý
  7
TRK
 72
1
 11
2225.1867816091954
 21
620.5000000000001
 31
0.0
100
AcDbText
 73
2
  0
LINE
  5
EA5
330
17
100
AcDbEntity
  8
42-TABLO
100
AcDbLine
 10
2263.7212643678163
 20
624.0000000000001
 30
0.0
 11
2263.7212643678163
 21
617.0000000000001
 31
0.0
  0
TEXT
  5
EA6
330
17
100
AcDbEntity
  8
42-TABLO
100
AcDbText
 10
2305.3373563218393
 20
620.5000000000001
 30
0.0
 40
2.3
  1
199,7
  7
TRK
 72
2
 11
2305.3373563218393
 21
620.5000000000001
 31
0.0
100
AcDbText
 73
2
  0
LINE
  5
EA7
330
17
100
AcDbEntity
  8
42-TABLO
100
AcDbLine
 10
2306.537356321839
 20
624.0000000000001
 30
0.0
 11
2306.537356321839
 21
617.0000000000001
 31
0.0
  0
TEXT
  5
EA8
330
17
100
AcDbEntity
  8
42-TABLO
100
AcDbText
 10
2343.8718390804597
 20
620.5000000000001
 30
0.0
 40
2.3
  1
868
  7
TRK
 72
2
 11
2343.8718390804597
 21
620.5000000000001
 31
0.0
100
AcDbText
 73
2
  0
LINE
  5
EA9
330
17
100
AcDbEntity
  8
42-TABLO
100
AcDbLine
 10
2345.0718390804595
 20
624.0000000000001
 30
0.0
 11
2345.0718390804595
 21
617.0000000000001
 31
0.0
  0
TEXT
  5
EAA
330
17
100
AcDbEntity
  8
42-TABLO
100
AcDbText
 10
2362.198275862069
 20
620.5000000000001
 30
0.0
 40
2.3
  1
%23
  7
TRK
 72
1
 11
2362.198275862069
 21
620.5000000000001
 31
0.0
100
AcDbText
 73
2
  0
LINE
  5
EAB
330
17
100
AcDbEntity
  8
42-TABLO
100
AcDbLine
 10
2379.324712643678
 20
624.0000000000001
 30
0.0
 11
2379.324712643678
 21
617.0000000000001
 31
0.0
  0
TEXT
  5
EAC
330
17
100
AcDbEntity
  8
42-TABLO
100
AcDbText
 10
2399.662356321839
 20
620.5000000000001
 30
0.0
 40
2.3
  1
UYGUN
  7
TRK
 72
1
 11
2399.662356321839
 21
620.5000000000001
 31
0.0
100
AcDbText
 73
2
  0
LINE
  5
EAD
330
17
100
AcDbEntity
  8
42-TABLO
100
AcDbLine
 10
2420.0
 20
624.0000000000001
 30
0.0
 11
2420.0
 21
617.0000000000001
 31
0.0
  0
LINE
  5
EAE
330
17
100
AcDbEntity
  8
42-TABLO
100
AcDbLine
 10
1675.0
 20
617.0000000000001
 30
0.0
 11
2420.0
 21
617.0000000000001
 31
0.0
  0
TEXT
  5
EAF
330
17
100
AcDbEntity
  8
42-TABLO
100
AcDbText
 10
1686.7744252873563
 20
613.5000000000001
 30
0.0
 40
2.3
  1
D4
  7
TRK
 72
1
 11
1686.7744252873563
 21
613.5000000000001
 31
0.0
100
AcDbText
 73
2
  0
LINE
  5
EB0
330
17
100
AcDbEntity
  8
42-TABLO
100
AcDbLine
 10
1698.5488505747126
 20
617.0000000000001
 30
0.0
 11
1698.5488505747126
 21
610.0000000000001
 31
0.0
  0
TEXT
  5
EB1
330
17
100
AcDbEntity
  8
42-TABLO
100
AcDbText
 10
1713.5344827586207
 20
613.5000000000001
 30
0.0
 40
2.3
  1
12U''
  7
TRK
 72
1
 11
1713.5344827586207
 21
613.5000000000001
 31
0.0
100
AcDbText
 73
2
  0
LINE
  5
EB2
330
17
100
AcDbEntity
  8
42-TABLO
100
AcDbLine
 10
1728.5201149425288
 20
617.0000000000001
 30
0.0
 11
1728.5201149425288
 21
610.0000000000001
 31
0.0
  0
TEXT
  5
EB3
330
17
100
AcDbEntity
  8
42-TABLO
100
AcDbText
 10
1729.7201149425287
 20
613.5000000000001
 30
0.0
 40
2.3
  1
V2 (%2 tek yanlý çekme)
  7
TRK
 11
1729.7201149425287
 21
613.5000000000001
 31
0.0
100
AcDbText
 73
2
  0
LINE
  5
EB4
330
17
100
AcDbEntity
  8
42-TABLO
100
AcDbLine
 10
1869.8132183908046
 20
617.0000000000001
 30
0.0
 11
1869.8132183908046
 21
610.0000000000001
 31
0.0
  0
TEXT
  5
EB5
330
17
100
AcDbEntity
  8
42-TABLO
100
AcDbText
 10
1871.0132183908047
 20
613.5000000000001
 30
0.0
 40
2.3
  1
0,02 × (3·T_OG + T_AG·h_AG/H)
  7
TRK
 11
1871.0132183908047
 21
613.5000000000001
 31
0.0
100
AcDbText
 73
2
  0
LINE
  5
EB6
330
17
100
AcDbEntity
  8
42-TABLO
100
AcDbLine
 10
2186.652298850575
 20
617.0000000000001
 30
0.0
 11
2186.652298850575
 21
610.0000000000001
 31
0.0
  0
TEXT
  5
EB7
330
17
100
AcDbEntity
  8
42-TABLO
100
AcDbText
 10
2225.1867816091954
 20
613.5000000000001
 30
0.0
 40
2.3
  1
zayýf / rüzgârlý
  7
TRK
 72
1
 11
2225.1867816091954
 21
613.5000000000001
 31
0.0
100
AcDbText
 73
2
  0
LINE
  5
EB8
330
17
100
AcDbEntity
  8
42-TABLO
100
AcDbLine
 10
2263.7212643678163
 20
617.0000000000001
 30
0.0
 11
2263.7212643678163
 21
610.0000000000001
 31
0.0
  0
TEXT
  5
EB9
330
17
100
AcDbEntity
  8
42-TABLO
100
AcDbText
 10
2305.3373563218393
 20
613.5000000000001
 30
0.0
 40
2.3
  1
40,7
  7
TRK
 72
2
 11
2305.3373563218393
 21
613.5000000000001
 31
0.0
100
AcDbText
 73
2
  0
LINE
  5
EBA
330
17
100
AcDbEntity
  8
42-TABLO
100
AcDbLine
 10
2306.537356321839
 20
617.0000000000001
 30
0.0
 11
2306.537356321839
 21
610.0000000000001
 31
0.0
  0
TEXT
  5
EBB
330
17
100
AcDbEntity
  8
42-TABLO
100
AcDbText
 10
2343.8718390804597
 20
613.5000000000001
 30
0.0
 40
2.3
  1
99
  7
TRK
 72
2
 11
2343.8718390804597
 21
613.5000000000001
 31
0.0
100
AcDbText
 73
2
  0
LINE
  5
EBC
330
17
100
AcDbEntity
  8
42-TABLO
100
AcDbLine
 10
2345.0718390804595
 20
617.0000000000001
 30
0.0
 11
2345.0718390804595
 21
610.0000000000001
 31
0.0
  0
TEXT
  5
EBD
330
17
100
AcDbEntity
  8
42-TABLO
100
AcDbText
 10
2362.198275862069
 20
613.5000000000001
 30
0.0
 40
2.3
  1
%41
  7
TRK
 72
1
 11
2362.198275862069
 21
613.5000000000001
 31
0.0
100
AcDbText
 73
2
  0
LINE
  5
EBE
330
17
100
AcDbEntity
  8
42-TABLO
100
AcDbLine
 10
2379.324712643678
 20
617.0000000000001
 30
0.0
 11
2379.324712643678
 21
610.0000000000001
 31
0.0
  0
TEXT
  5
EBF
330
17
100
AcDbEntity
  8
42-TABLO
100
AcDbText
 10
2399.662356321839
 20
613.5000000000001
 30
0.0
 40
2.3
  1
UYGUN
  7
TRK
 72
1
 11
2399.662356321839
 21
613.5000000000001
 31
0.0
100
AcDbText
 73
2
  0
LINE
  5
EC0
330
17
100
AcDbEntity
  8
42-TABLO
100
AcDbLine
 10
2420.0
 20
617.0000000000001
 30
0.0
 11
2420.0
 21
610.0000000000001
 31
0.0
  0
LINE
  5
EC1
330
17
100
AcDbEntity
  8
42-TABLO
100
AcDbLine
 10
1675.0
 20
610.0000000000001
 30
0.0
 11
2420.0
 21
610.0000000000001
 31
0.0
  0
TEXT
  5
EC2
330
17
100
AcDbEntity
  8
42-TABLO
100
AcDbText
 10
1686.7744252873563
 20
606.5000000000001
 30
0.0
 40
2.3
  1
D4
  7
TRK
 72
1
 11
1686.7744252873563
 21
606.5000000000001
 31
0.0
100
AcDbText
 73
2
  0
LINE
  5
EC3
330
17
100
AcDbEntity
  8
42-TABLO
100
AcDbLine
 10
1698.5488505747126
 20
610.0000000000001
 30
0.0
 11
1698.5488505747126
 21
603.0000000000001
 31
0.0
  0
TEXT
  5
EC4
330
17
100
AcDbEntity
  8
42-TABLO
100
AcDbText
 10
1713.5344827586207
 20
606.5000000000001
 30
0.0
 40
2.3
  1
12U''
  7
TRK
 72
1
 11
1713.5344827586207
 21
606.5000000000001
 31
0.0
100
AcDbText
 73
2
  0
LINE
  5
EC5
330
17
100
AcDbEntity
  8
42-TABLO
100
AcDbLine
 10
1728.5201149425288
 20
610.0000000000001
 30
0.0
 11
1728.5201149425288
 21
603.0000000000001
 31
0.0
  0
TEXT
  5
EC6
330
17
100
AcDbEntity
  8
42-TABLO
100
AcDbText
 10
1729.7201149425287
 20
606.5000000000001
 30
0.0
 40
2.3
  1
V3 (iletken kopmasý)
  7
TRK
 11
1729.7201149425287
 21
606.5000000000001
 31
0.0
100
AcDbText
 73
2
  0
LINE
  5
EC7
330
17
100
AcDbEntity
  8
42-TABLO
100
AcDbLine
 10
1869.8132183908046
 20
610.0000000000001
 30
0.0
 11
1869.8132183908046
 21
603.0000000000001
 31
0.0
  0
TEXT
  5
EC8
330
17
100
AcDbEntity
  8
42-TABLO
100
AcDbText
 10
1871.0132183908047
 20
606.5000000000001
 30
0.0
 40
2.3
  1
max(T_OG/5=99.3 ; T_AG/3·h_AG/H=182.6)
  7
TRK
 11
1871.0132183908047
 21
606.5000000000001
 31
0.0
100
AcDbText
 73
2
  0
LINE
  5
EC9
330
17
100
AcDbEntity
  8
42-TABLO
100
AcDbLine
 10
2186.652298850575
 20
610.0000000000001
 30
0.0
 11
2186.652298850575
 21
603.0000000000001
 31
0.0
  0
TEXT
  5
ECA
330
17
100
AcDbEntity
  8
42-TABLO
100
AcDbText
 10
2225.1867816091954
 20
606.5000000000001
 30
0.0
 40
2.3
  1
zayýf / rüzgârsýz
  7
TRK
 72
1
 11
2225.1867816091954
 21
606.5000000000001
 31
0.0
100
AcDbText
 73
2
  0
LINE
  5
ECB
330
17
100
AcDbEntity
  8
42-TABLO
100
AcDbLine
 10
2263.7212643678163
 20
610.0000000000001
 30
0.0
 11
2263.7212643678163
 21
603.0000000000001
 31
0.0
  0
TEXT
  5
ECC
330
17
100
AcDbEntity
  8
42-TABLO
100
AcDbText
 10
2305.3373563218393
 20
606.5000000000001
 30
0.0
 40
2.3
  1
182,6
  7
TRK
 72
2
 11
2305.3373563218393
 21
606.5000000000001
 31
0.0
100
AcDbText
 73
2
  0
LINE
  5
ECD
330
17
100
AcDbEntity
  8
42-TABLO
100
AcDbLine
 10
2306.537356321839
 20
610.0000000000001
 30
0.0
 11
2306.537356321839
 21
603.0000000000001
 31
0.0
  0
TEXT
  5
ECE
330
17
100
AcDbEntity
  8
42-TABLO
100
AcDbText
 10
2343.8718390804597
 20
606.5000000000001
 30
0.0
 40
2.3
  1
194
  7
TRK
 72
2
 11
2343.8718390804597
 21
606.5000000000001
 31
0.0
100
AcDbText
 73
2
  0
LINE
  5
ECF
330
17
100
AcDbEntity
  8
42-TABLO
100
AcDbLine
 10
2345.0718390804595
 20
610.0000000000001
 30
0.0
 11
2345.0718390804595
 21
603.0000000000001
 31
0.0
  0
TEXT
  5
ED0
330
17
100
AcDbEntity
  8
42-TABLO
100
AcDbText
 10
2362.198275862069
 20
606.5000000000001
 30
0.0
 40
2.3
  1
%94
  7
TRK
 72
1
 11
2362.198275862069
 21
606.5000000000001
 31
0.0
100
AcDbText
 73
2
  0
LINE
  5
ED1
330
17
100
AcDbEntity
  8
42-TABLO
100
AcDbLine
 10
2379.324712643678
 20
610.0000000000001
 30
0.0
 11
2379.324712643678
 21
603.0000000000001
 31
0.0
  0
TEXT
  5
ED2
330
17
100
AcDbEntity
  8
42-TABLO
100
AcDbText
 10
2399.662356321839
 20
606.5000000000001
 30
0.0
 40
2.3
  1
UYGUN
  7
TRK
 72
1
 11
2399.662356321839
 21
606.5000000000001
 31
0.0
100
AcDbText
 73
2
  0
LINE
  5
ED3
330
17
100
AcDbEntity
  8
42-TABLO
100
AcDbLine
 10
2420.0
 20
610.0000000000001
 30
0.0
 11
2420.0
 21
603.0000000000001
 31
0.0
  0
LINE
  5
ED4
330
17
100
AcDbEntity
  8
42-TABLO
100
AcDbLine
 10
1675.0
 20
603.0000000000001
 30
0.0
 11
2420.0
 21
603.0000000000001
 31
0.0
  0
TEXT
  5
ED5
330
17
100
AcDbEntity
  8
42-TABLO
100
AcDbText
 10
1686.7744252873563
 20
599.5000000000001
 30
0.0
 40
2.3
  1
D5
  7
TRK
 72
1
 11
1686.7744252873563
 21
599.5000000000001
 31
0.0
100
AcDbText
 73
2
  0
LINE
  5
ED6
330
17
100
AcDbEntity
  8
42-TABLO
100
AcDbLine
 10
1698.5488505747126
 20
603.0000000000001
 30
0.0
 11
1698.5488505747126
 21
596.0000000000001
 31
0.0
  0
TEXT
  5
ED7
330
17
100
AcDbEntity
  8
42-TABLO
100
AcDbText
 10
1713.5344827586207
 20
599.5000000000001
 30
0.0
 40
2.3
  1
K5''
  7
TRK
 72
1
 11
1713.5344827586207
 21
599.5000000000001
 31
0.0
100
AcDbText
 73
2
  0
LINE
  5
ED8
330
17
100
AcDbEntity
  8
42-TABLO
100
AcDbLine
 10
1728.5201149425288
 20
603.0000000000001
 30
0.0
 11
1728.5201149425288
 21
596.0000000000001
 31
0.0
  0
TEXT
  5
ED9
330
17
100
AcDbEntity
  8
42-TABLO
100
AcDbText
 10
1729.7201149425287
 20
599.5000000000001
 30
0.0
 40
2.3
  1
V1 (bir yan %100, diðer yan zayýflamalý)
  7
TRK
 11
1729.7201149425287
 21
599.5000000000001
 31
0.0
100
AcDbText
 73
2
  0
LINE
  5
EDA
330
17
100
AcDbEntity
  8
42-TABLO
100
AcDbLine
 10
1869.8132183908046
 20
603.0000000000001
 30
0.0
 11
1869.8132183908046
 21
596.0000000000001
 31
0.0
  0
TEXT
  5
EDB
330
17
100
AcDbEntity
  8
42-TABLO
100
AcDbText
 10
1871.0132183908047
 20
599.5000000000001
 30
0.0
 40
2.3
  1
Çz.12: 4 iletken \U+2192 %60 zayýflama
  7
TRK
 11
1871.0132183908047
 21
599.5000000000001
 31
0.0
100
AcDbText
 73
2
  0
LINE
  5
EDC
330
17
100
AcDbEntity
  8
42-TABLO
100
AcDbLine
 10
2186.652298850575
 20
603.0000000000001
 30
0.0
 11
2186.652298850575
 21
596.0000000000001
 31
0.0
  0
TEXT
  5
EDD
330
17
100
AcDbEntity
  8
42-TABLO
100
AcDbText
 10
2225.1867816091954
 20
599.5000000000001
 30
0.0
 40
2.3
  1
her yön / rüzgârsýz
  7
TRK
 72
1
 11
2225.1867816091954
 21
599.5000000000001
 31
0.0
100
AcDbText
 73
2
  0
LINE
  5
EDE
330
17
100
AcDbEntity
  8
42-TABLO
100
AcDbLine
 10
2263.7212643678163
 20
603.0000000000001
 30
0.0
 11
2263.7212643678163
 21
596.0000000000001
 31
0.0
  0
TEXT
  5
EDF
330
17
100
AcDbEntity
  8
42-TABLO
100
AcDbText
 10
2305.3373563218393
 20
599.5000000000001
 30
0.0
 40
2.3
  1
2.712,8
  7
TRK
 72
2
 11
2305.3373563218393
 21
599.5000000000001
 31
0.0
100
AcDbText
 73
2
  0
LINE
  5
EE0
330
17
100
AcDbEntity
  8
42-TABLO
100
AcDbLine
 10
2306.537356321839
 20
603.0000000000001
 30
0.0
 11
2306.537356321839
 21
596.0000000000001
 31
0.0
  0
TEXT
  5
EE1
330
17
100
AcDbEntity
  8
42-TABLO
100
AcDbText
 10
2343.8718390804597
 20
599.5000000000001
 30
0.0
 40
2.3
  1
4.432
  7
TRK
 72
2
 11
2343.8718390804597
 21
599.5000000000001
 31
0.0
100
AcDbText
 73
2
  0
LINE
  5
EE2
330
17
100
AcDbEntity
  8
42-TABLO
100
AcDbLine
 10
2345.0718390804595
 20
603.0000000000001
 30
0.0
 11
2345.0718390804595
 21
596.0000000000001
 31
0.0
  0
TEXT
  5
EE3
330
17
100
AcDbEntity
  8
42-TABLO
100
AcDbText
 10
2362.198275862069
 20
599.5000000000001
 30
0.0
 40
2.3
  1
%61
  7
TRK
 72
1
 11
2362.198275862069
 21
599.5000000000001
 31
0.0
100
AcDbText
 73
2
  0
LINE
  5
EE4
330
17
100
AcDbEntity
  8
42-TABLO
100
AcDbLine
 10
2379.324712643678
 20
603.0000000000001
 30
0.0
 11
2379.324712643678
 21
596.0000000000001
 31
0.0
  0
TEXT
  5
EE5
330
17
100
AcDbEntity
  8
42-TABLO
100
AcDbText
 10
2399.662356321839
 20
599.5000000000001
 30
0.0
 40
2.3
  1
UYGUN
  7
TRK
 72
1
 11
2399.662356321839
 21
599.5000000000001
 31
0.0
100
AcDbText
 73
2
  0
LINE
  5
EE6
330
17
100
AcDbEntity
  8
42-TABLO
100
AcDbLine
 10
2420.0
 20
603.0000000000001
 30
0.0
 11
2420.0
 21
596.0000000000001
 31
0.0
  0
LINE
  5
EE7
330
17
100
AcDbEntity
  8
42-TABLO
100
AcDbLine
 10
1675.0
 20
596.0000000000001
 30
0.0
 11
2420.0
 21
596.0000000000001
 31
0.0
  0
TEXT
  5
EE8
330
17
100
AcDbEntity
  8
42-TABLO
100
AcDbText
 10
1686.7744252873563
 20
592.5000000000001
 30
0.0
 40
2.3
  1
D5
  7
TRK
 72
1
 11
1686.7744252873563
 21
592.5000000000001
 31
0.0
100
AcDbText
 73
2
  0
LINE
  5
EE9
330
17
100
AcDbEntity
  8
42-TABLO
100
AcDbLine
 10
1698.5488505747126
 20
596.0000000000001
 30
0.0
 11
1698.5488505747126
 21
589.0000000000001
 31
0.0
  0
TEXT
  5
EEA
330
17
100
AcDbEntity
  8
42-TABLO
100
AcDbText
 10
1713.5344827586207
 20
592.5000000000001
 30
0.0
 40
2.3
  1
K5''
  7
TRK
 72
1
 11
1713.5344827586207
 21
592.5000000000001
 31
0.0
100
AcDbText
 73
2
  0
LINE
  5
EEB
330
17
100
AcDbEntity
  8
42-TABLO
100
AcDbLine
 10
1728.5201149425288
 20
596.0000000000001
 30
0.0
 11
1728.5201149425288
 21
589.0000000000001
 31
0.0
  0
TEXT
  5
EEC
330
17
100
AcDbEntity
  8
42-TABLO
100
AcDbText
 10
1729.7201149425287
 20
592.5000000000001
 30
0.0
 40
2.3
  1
V2 (bir iletken kopmasý, %75)
  7
TRK
 11
1729.7201149425287
 21
592.5000000000001
 31
0.0
100
AcDbText
 73
2
  0
LINE
  5
EED
330
17
100
AcDbEntity
  8
42-TABLO
100
AcDbLine
 10
1869.8132183908046
 20
596.0000000000001
 30
0.0
 11
1869.8132183908046
 21
589.0000000000001
 31
0.0
  0
TEXT
  5
EEE
330
17
100
AcDbEntity
  8
42-TABLO
100
AcDbText
 10
1871.0132183908047
 20
592.5000000000001
 30
0.0
 40
2.3
  1
kopan iletken tarafýnda 0, diðer yanda %75 T
  7
TRK
 11
1871.0132183908047
 21
592.5000000000001
 31
0.0
100
AcDbText
 73
2
  0
LINE
  5
EEF
330
17
100
AcDbEntity
  8
42-TABLO
100
AcDbLine
 10
2186.652298850575
 20
596.0000000000001
 30
0.0
 11
2186.652298850575
 21
589.0000000000001
 31
0.0
  0
TEXT
  5
EF0
330
17
100
AcDbEntity
  8
42-TABLO
100
AcDbText
 10
2225.1867816091954
 20
592.5000000000001
 30
0.0
 40
2.3
  1
her yön / rüzgârsýz
  7
TRK
 72
1
 11
2225.1867816091954
 21
592.5000000000001
 31
0.0
100
AcDbText
 73
2
  0
LINE
  5
EF1
330
17
100
AcDbEntity
  8
42-TABLO
100
AcDbLine
 10
2263.7212643678163
 20
596.0000000000001
 30
0.0
 11
2263.7212643678163
 21
589.0000000000001
 31
0.0
  0
TEXT
  5
EF2
330
17
100
AcDbEntity
  8
42-TABLO
100
AcDbText
 10
2305.3373563218393
 20
592.5000000000001
 30
0.0
 40
2.3
  1
3.248,4
  7
TRK
 72
2
 11
2305.3373563218393
 21
592.5000000000001
 31
0.0
100
AcDbText
 73
2
  0
LINE
  5
EF3
330
17
100
AcDbEntity
  8
42-TABLO
100
AcDbLine
 10
2306.537356321839
 20
596.0000000000001
 30
0.0
 11
2306.537356321839
 21
589.0000000000001
 31
0.0
  0
TEXT
  5
EF4
330
17
100
AcDbEntity
  8
42-TABLO
100
AcDbText
 10
2343.8718390804597
 20
592.5000000000001
 30
0.0
 40
2.3
  1
4.432
  7
TRK
 72
2
 11
2343.8718390804597
 21
592.5000000000001
 31
0.0
100
AcDbText
 73
2
  0
LINE
  5
EF5
330
17
100
AcDbEntity
  8
42-TABLO
100
AcDbLine
 10
2345.0718390804595
 20
596.0000000000001
 30
0.0
 11
2345.0718390804595
 21
589.0000000000001
 31
0.0
  0
TEXT
  5
EF6
330
17
100
AcDbEntity
  8
42-TABLO
100
AcDbText
 10
2362.198275862069
 20
592.5000000000001
 30
0.0
 40
2.3
  1
%73
  7
TRK
 72
1
 11
2362.198275862069
 21
592.5000000000001
 31
0.0
100
AcDbText
 73
2
  0
LINE
  5
EF7
330
17
100
AcDbEntity
  8
42-TABLO
100
AcDbLine
 10
2379.324712643678
 20
596.0000000000001
 30
0.0
 11
2379.324712643678
 21
589.0000000000001
 31
0.0
  0
TEXT
  5
EF8
330
17
100
AcDbEntity
  8
42-TABLO
100
AcDbText
 10
2399.662356321839
 20
592.5000000000001
 30
0.0
 40
2.3
  1
UYGUN
  7
TRK
 72
1
 11
2399.662356321839
 21
592.5000000000001
 31
0.0
100
AcDbText
 73
2
  0
LINE
  5
EF9
330
17
100
AcDbEntity
  8
42-TABLO
100
AcDbLine
 10
2420.0
 20
596.0000000000001
 30
0.0
 11
2420.0
 21
589.0000000000001
 31
0.0
  0
LINE
  5
EFA
330
17
100
AcDbEntity
  8
42-TABLO
100
AcDbLine
 10
1675.0
 20
589.0000000000001
 30
0.0
 11
2420.0
 21
589.0000000000001
 31
0.0
  0
TEXT
  5
EFB
330
17
100
AcDbEntity
  8
42-TABLO
100
AcDbText
 10
1686.7744252873563
 20
585.5000000000001
 30
0.0
 40
2.3
  1
D5
  7
TRK
 72
1
 11
1686.7744252873563
 21
585.5000000000001
 31
0.0
100
AcDbText
 73
2
  0
LINE
  5
EFC
330
17
100
AcDbEntity
  8
42-TABLO
100
AcDbLine
 10
1698.5488505747126
 20
589.0000000000001
 30
0.0
 11
1698.5488505747126
 21
582.0000000000001
 31
0.0
  0
TEXT
  5
EFD
330
17
100
AcDbEntity
  8
42-TABLO
100
AcDbText
 10
1713.5344827586207
 20
585.5000000000001
 30
0.0
 40
2.3
  1
K5''
  7
TRK
 72
1
 11
1713.5344827586207
 21
585.5000000000001
 31
0.0
100
AcDbText
 73
2
  0
LINE
  5
EFE
330
17
100
AcDbEntity
  8
42-TABLO
100
AcDbLine
 10
1728.5201149425288
 20
589.0000000000001
 30
0.0
 11
1728.5201149425288
 21
582.0000000000001
 31
0.0
  0
TEXT
  5
EFF
330
17
100
AcDbEntity
  8
42-TABLO
100
AcDbText
 10
1729.7201149425287
 20
585.5000000000001
 30
0.0
 40
2.3
  1
V4 (+5 °C rüzgârlý)
  7
TRK
 11
1729.7201149425287
 21
585.5000000000001
 31
0.0
100
AcDbText
 73
2
  0
LINE
  5
F00
330
17
100
AcDbEntity
  8
42-TABLO
100
AcDbLine
 10
1869.8132183908046
 20
589.0000000000001
 30
0.0
 11
1869.8132183908046
 21
582.0000000000001
 31
0.0
  0
TEXT
  5
F01
330
17
100
AcDbEntity
  8
42-TABLO
100
AcDbText
 10
1871.0132183908047
 20
585.5000000000001
 30
0.0
 40
2.3
  1
+5 °C rüzgârlý çekmelerin bileþkesi + bileþke yönünde rüzgâr (+direk rüzg. 114,5, travers 62,0)
  7
TRK
 11
1871.0132183908047
 21
585.5000000000001
 31
0.0
100
AcDbText
 73
2
  0
LINE
  5
F02
330
17
100
AcDbEntity
  8
42-TABLO
100
AcDbLine
 10
2186.652298850575
 20
589.0000000000001
 30
0.0
 11
2186.652298850575
 21
582.0000000000001
 31
0.0
  0
TEXT
  5
F03
330
17
100
AcDbEntity
  8
42-TABLO
100
AcDbText
 10
2225.1867816091954
 20
585.5000000000001
 30
0.0
 40
2.3
  1
her yön / rüzgârsýz
  7
TRK
 72
1
 11
2225.1867816091954
 21
585.5000000000001
 31
0.0
100
AcDbText
 73
2
  0
LINE
  5
F04
330
17
100
AcDbEntity
  8
42-TABLO
100
AcDbLine
 10
2263.7212643678163
 20
589.0000000000001
 30
0.0
 11
2263.7212643678163
 21
582.0000000000001
 31
0.0
  0
TEXT
  5
F05
330
17
100
AcDbEntity
  8
42-TABLO
100
AcDbText
 10
2305.3373563218393
 20
585.5000000000001
 30
0.0
 40
2.3
  1
2.599,6
  7
TRK
 72
2
 11
2305.3373563218393
 21
585.5000000000001
 31
0.0
100
AcDbText
 73
2
  0
LINE
  5
F06
330
17
100
AcDbEntity
  8
42-TABLO
100
AcDbLine
 10
2306.537356321839
 20
589.0000000000001
 30
0.0
 11
2306.537356321839
 21
582.0000000000001
 31
0.0
  0
TEXT
  5
F07
330
17
100
AcDbEntity
  8
42-TABLO
100
AcDbText
 10
2343.8718390804597
 20
585.5000000000001
 30
0.0
 40
2.3
  1
4.432
  7
TRK
 72
2
 11
2343.8718390804597
 21
585.5000000000001
 31
0.0
100
AcDbText
 73
2
  0
LINE
  5
F08
330
17
100
AcDbEntity
  8
42-TABLO
100
AcDbLine
 10
2345.0718390804595
 20
589.0000000000001
 30
0.0
 11
2345.0718390804595
 21
582.0000000000001
 31
0.0
  0
TEXT
  5
F09
330
17
100
AcDbEntity
  8
42-TABLO
100
AcDbText
 10
2362.198275862069
 20
585.5000000000001
 30
0.0
 40
2.3
  1
%59
  7
TRK
 72
1
 11
2362.198275862069
 21
585.5000000000001
 31
0.0
100
AcDbText
 73
2
  0
LINE
  5
F0A
330
17
100
AcDbEntity
  8
42-TABLO
100
AcDbLine
 10
2379.324712643678
 20
589.0000000000001
 30
0.0
 11
2379.324712643678
 21
582.0000000000001
 31
0.0
  0
TEXT
  5
F0B
330
17
100
AcDbEntity
  8
42-TABLO
100
AcDbText
 10
2399.662356321839
 20
585.5000000000001
 30
0.0
 40
2.3
  1
UYGUN
  7
TRK
 72
1
 11
2399.662356321839
 21
585.5000000000001
 31
0.0
100
AcDbText
 73
2
  0
LINE
  5
F0C
330
17
100
AcDbEntity
  8
42-TABLO
100
AcDbLine
 10
2420.0
 20
589.0000000000001
 30
0.0
 11
2420.0
 21
582.0000000000001
 31
0.0
  0
LINE
  5
F0D
330
17
100
AcDbEntity
  8
42-TABLO
100
AcDbLine
 10
1675.0
 20
582.0000000000001
 30
0.0
 11
2420.0
 21
582.0000000000001
 31
0.0
  0
TEXT
  5
F0E
330
17
100
AcDbEntity
  8
42-TABLO
100
AcDbText
 10
1686.7744252873563
 20
578.5000000000001
 30
0.0
 40
2.3
  1
D5
  7
TRK
 72
1
 11
1686.7744252873563
 21
578.5000000000001
 31
0.0
100
AcDbText
 73
2
  0
LINE
  5
F0F
330
17
100
AcDbEntity
  8
42-TABLO
100
AcDbLine
 10
1698.5488505747126
 20
582.0000000000001
 30
0.0
 11
1698.5488505747126
 21
575.0000000000001
 31
0.0
  0
TEXT
  5
F10
330
17
100
AcDbEntity
  8
42-TABLO
100
AcDbText
 10
1713.5344827586207
 20
578.5000000000001
 30
0.0
 40
2.3
  1
K5''
  7
TRK
 72
1
 11
1713.5344827586207
 21
578.5000000000001
 31
0.0
100
AcDbText
 73
2
  0
LINE
  5
F11
330
17
100
AcDbEntity
  8
42-TABLO
100
AcDbLine
 10
1728.5201149425288
 20
582.0000000000001
 30
0.0
 11
1728.5201149425288
 21
575.0000000000001
 31
0.0
  0
TEXT
  5
F12
330
17
100
AcDbEntity
  8
42-TABLO
100
AcDbText
 10
1729.7201149425287
 20
578.5000000000001
 30
0.0
 40
2.3
  1
V5 (en büyük çekmelerin bileþkesi)
  7
TRK
 11
1729.7201149425287
 21
578.5000000000001
 31
0.0
100
AcDbText
 73
2
  0
LINE
  5
F13
330
17
100
AcDbEntity
  8
42-TABLO
100
AcDbLine
 10
1869.8132183908046
 20
582.0000000000001
 30
0.0
 11
1869.8132183908046
 21
575.0000000000001
 31
0.0
  0
TEXT
  5
F14
330
17
100
AcDbEntity
  8
42-TABLO
100
AcDbText
 10
1871.0132183908047
 20
578.5000000000001
 30
0.0
 40
2.3
  1
tüm iletkenler T_max, vektörel toplam
  7
TRK
 11
1871.0132183908047
 21
578.5000000000001
 31
0.0
100
AcDbText
 73
2
  0
LINE
  5
F15
330
17
100
AcDbEntity
  8
42-TABLO
100
AcDbLine
 10
2186.652298850575
 20
582.0000000000001
 30
0.0
 11
2186.652298850575
 21
575.0000000000001
 31
0.0
  0
TEXT
  5
F16
330
17
100
AcDbEntity
  8
42-TABLO
100
AcDbText
 10
2225.1867816091954
 20
578.5000000000001
 30
0.0
 40
2.3
  1
her yön / rüzgârsýz
  7
TRK
 72
1
 11
2225.1867816091954
 21
578.5000000000001
 31
0.0
100
AcDbText
 73
2
  0
LINE
  5
F17
330
17
100
AcDbEntity
  8
42-TABLO
100
AcDbLine
 10
2263.7212643678163
 20
582.0000000000001
 30
0.0
 11
2263.7212643678163
 21
575.0000000000001
 31
0.0
  0
TEXT
  5
F18
330
17
100
AcDbEntity
  8
42-TABLO
100
AcDbText
 10
2305.3373563218393
 20
578.5000000000001
 30
0.0
 40
2.3
  1
3.829,1
  7
TRK
 72
2
 11
2305.3373563218393
 21
578.5000000000001
 31
0.0
100
AcDbText
 73
2
  0
LINE
  5
F19
330
17
100
AcDbEntity
  8
42-TABLO
100
AcDbLine
 10
2306.537356321839
 20
582.0000000000001
 30
0.0
 11
2306.537356321839
 21
575.0000000000001
 31
0.0
  0
TEXT
  5
F1A
330
17
100
AcDbEntity
  8
42-TABLO
100
AcDbText
 10
2343.8718390804597
 20
578.5000000000001
 30
0.0
 40
2.3
  1
4.432
  7
TRK
 72
2
 11
2343.8718390804597
 21
578.5000000000001
 31
0.0
100
AcDbText
 73
2
  0
LINE
  5
F1B
330
17
100
AcDbEntity
  8
42-TABLO
100
AcDbLine
 10
2345.0718390804595
 20
582.0000000000001
 30
0.0
 11
2345.0718390804595
 21
575.0000000000001
 31
0.0
  0
TEXT
  5
F1C
330
17
100
AcDbEntity
  8
42-TABLO
100
AcDbText
 10
2362.198275862069
 20
578.5000000000001
 30
0.0
 40
2.3
  1
%86
  7
TRK
 72
1
 11
2362.198275862069
 21
578.5000000000001
 31
0.0
100
AcDbText
 73
2
  0
LINE
  5
F1D
330
17
100
AcDbEntity
  8
42-TABLO
100
AcDbLine
 10
2379.324712643678
 20
582.0000000000001
 30
0.0
 11
2379.324712643678
 21
575.0000000000001
 31
0.0
  0
TEXT
  5
F1E
330
17
100
AcDbEntity
  8
42-TABLO
100
AcDbText
 10
2399.662356321839
 20
578.5000000000001
 30
0.0
 40
2.3
  1
UYGUN
  7
TRK
 72
1
 11
2399.662356321839
 21
578.5000000000001
 31
0.0
100
AcDbText
 73
2
  0
LINE
  5
F1F
330
17
100
AcDbEntity
  8
42-TABLO
100
AcDbLine
 10
2420.0
 20
582.0000000000001
 30
0.0
 11
2420.0
 21
575.0000000000001
 31
0.0
  0
LINE
  5
F20
330
17
100
AcDbEntity
  8
42-TABLO
100
AcDbLine
 10
1675.0
 20
575.0000000000001
 30
0.0
 11
2420.0
 21
575.0000000000001
 31
0.0
  0
TEXT
  5
F21
330
17
100
AcDbEntity
  8
42-TABLO
100
AcDbText
 10
1686.7744252873563
 20
571.5000000000001
 30
0.0
 40
2.3
  1
D6
  7
TRK
 72
1
 11
1686.7744252873563
 21
571.5000000000001
 31
0.0
100
AcDbText
 73
2
  0
LINE
  5
F22
330
17
100
AcDbEntity
  8
42-TABLO
100
AcDbLine
 10
1698.5488505747126
 20
575.0000000000001
 30
0.0
 11
1698.5488505747126
 21
568.0000000000001
 31
0.0
  0
TEXT
  5
F23
330
17
100
AcDbEntity
  8
42-TABLO
100
AcDbText
 10
1713.5344827586207
 20
571.5000000000001
 30
0.0
 40
2.3
  1
K4''
  7
TRK
 72
1
 11
1713.5344827586207
 21
571.5000000000001
 31
0.0
100
AcDbText
 73
2
  0
LINE
  5
F24
330
17
100
AcDbEntity
  8
42-TABLO
100
AcDbLine
 10
1728.5201149425288
 20
575.0000000000001
 30
0.0
 11
1728.5201149425288
 21
568.0000000000001
 31
0.0
  0
TEXT
  5
F25
330
17
100
AcDbEntity
  8
42-TABLO
100
AcDbText
 10
1729.7201149425287
 20
571.5000000000001
 30
0.0
 40
2.3
  1
V1 (tek yanlý en büyük çekme)
  7
TRK
 11
1729.7201149425287
 21
571.5000000000001
 31
0.0
100
AcDbText
 73
2
  0
LINE
  5
F26
330
17
100
AcDbEntity
  8
42-TABLO
100
AcDbLine
 10
1869.8132183908046
 20
575.0000000000001
 30
0.0
 11
1869.8132183908046
 21
568.0000000000001
 31
0.0
  0
TEXT
  5
F27
330
17
100
AcDbEntity
  8
42-TABLO
100
AcDbText
 10
1871.0132183908047
 20
571.5000000000001
 30
0.0
 40
2.3
  1
3·T_OG + T_AG·h_AG/H
  7
TRK
 11
1871.0132183908047
 21
571.5000000000001
 31
0.0
100
AcDbText
 73
2
  0
LINE
  5
F28
330
17
100
AcDbEntity
  8
42-TABLO
100
AcDbLine
 10
2186.652298850575
 20
575.0000000000001
 30
0.0
 11
2186.652298850575
 21
568.0000000000001
 31
0.0
  0
TEXT
  5
F29
330
17
100
AcDbEntity
  8
42-TABLO
100
AcDbText
 10
2225.1867816091954
 20
571.5000000000001
 30
0.0
 40
2.3
  1
her yön / rüzgârsýz
  7
TRK
 72
1
 11
2225.1867816091954
 21
571.5000000000001
 31
0.0
100
AcDbText
 73
2
  0
LINE
  5
F2A
330
17
100
AcDbEntity
  8
42-TABLO
100
AcDbLine
 10
2263.7212643678163
 20
575.0000000000001
 30
0.0
 11
2263.7212643678163
 21
568.0000000000001
 31
0.0
  0
TEXT
  5
F2B
330
17
100
AcDbEntity
  8
42-TABLO
100
AcDbText
 10
2305.3373563218393
 20
571.5000000000001
 30
0.0
 40
2.3
  1
2.037,4
  7
TRK
 72
2
 11
2305.3373563218393
 21
571.5000000000001
 31
0.0
100
AcDbText
 73
2
  0
LINE
  5
F2C
330
17
100
AcDbEntity
  8
42-TABLO
100
AcDbLine
 10
2306.537356321839
 20
575.0000000000001
 30
0.0
 11
2306.537356321839
 21
568.0000000000001
 31
0.0
  0
TEXT
  5
F2D
330
17
100
AcDbEntity
  8
42-TABLO
100
AcDbText
 10
2343.8718390804597
 20
571.5000000000001
 30
0.0
 40
2.3
  1
2.783
  7
TRK
 72
2
 11
2343.8718390804597
 21
571.5000000000001
 31
0.0
100
AcDbText
 73
2
  0
LINE
  5
F2E
330
17
100
AcDbEntity
  8
42-TABLO
100
AcDbLine
 10
2345.0718390804595
 20
575.0000000000001
 30
0.0
 11
2345.0718390804595
 21
568.0000000000001
 31
0.0
  0
TEXT
  5
F2F
330
17
100
AcDbEntity
  8
42-TABLO
100
AcDbText
 10
2362.198275862069
 20
571.5000000000001
 30
0.0
 40
2.3
  1
%73
  7
TRK
 72
1
 11
2362.198275862069
 21
571.5000000000001
 31
0.0
100
AcDbText
 73
2
  0
LINE
  5
F30
330
17
100
AcDbEntity
  8
42-TABLO
100
AcDbLine
 10
2379.324712643678
 20
575.0000000000001
 30
0.0
 11
2379.324712643678
 21
568.0000000000001
 31
0.0
  0
TEXT
  5
F31
330
17
100
AcDbEntity
  8
42-TABLO
100
AcDbText
 10
2399.662356321839
 20
571.5000000000001
 30
0.0
 40
2.3
  1
UYGUN
  7
TRK
 72
1
 11
2399.662356321839
 21
571.5000000000001
 31
0.0
100
AcDbText
 73
2
  0
LINE
  5
F32
330
17
100
AcDbEntity
  8
42-TABLO
100
AcDbLine
 10
2420.0
 20
575.0000000000001
 30
0.0
 11
2420.0
 21
568.0000000000001
 31
0.0
  0
LINE
  5
F33
330
17
100
AcDbEntity
  8
42-TABLO
100
AcDbLine
 10
1675.0
 20
568.0000000000001
 30
0.0
 11
2420.0
 21
568.0000000000001
 31
0.0
  0
TEXT
  5
F34
330
17
100
AcDbEntity
  8
42-TABLO
100
AcDbText
 10
1686.7744252873563
 20
564.5000000000001
 30
0.0
 40
2.3
  1
D6
  7
TRK
 72
1
 11
1686.7744252873563
 21
564.5000000000001
 31
0.0
100
AcDbText
 73
2
  0
LINE
  5
F35
330
17
100
AcDbEntity
  8
42-TABLO
100
AcDbLine
 10
1698.5488505747126
 20
568.0000000000001
 30
0.0
 11
1698.5488505747126
 21
561.0000000000001
 31
0.0
  0
TEXT
  5
F36
330
17
100
AcDbEntity
  8
42-TABLO
100
AcDbText
 10
1713.5344827586207
 20
564.5000000000001
 30
0.0
 40
2.3
  1
K4''
  7
TRK
 72
1
 11
1713.5344827586207
 21
564.5000000000001
 31
0.0
100
AcDbText
 73
2
  0
LINE
  5
F37
330
17
100
AcDbEntity
  8
42-TABLO
100
AcDbLine
 10
1728.5201149425288
 20
568.0000000000001
 30
0.0
 11
1728.5201149425288
 21
561.0000000000001
 31
0.0
  0
TEXT
  5
F38
330
17
100
AcDbEntity
  8
42-TABLO
100
AcDbText
 10
1729.7201149425287
 20
564.5000000000001
 30
0.0
 40
2.3
  1
V2 (bir iletken kopmasý, %100)
  7
TRK
 11
1729.7201149425287
 21
564.5000000000001
 31
0.0
100
AcDbText
 73
2
  0
LINE
  5
F39
330
17
100
AcDbEntity
  8
42-TABLO
100
AcDbLine
 10
1869.8132183908046
 20
568.0000000000001
 30
0.0
 11
1869.8132183908046
 21
561.0000000000001
 31
0.0
  0
TEXT
  5
F3A
330
17
100
AcDbEntity
  8
42-TABLO
100
AcDbText
 10
1871.0132183908047
 20
564.5000000000001
 30
0.0
 40
2.3
  1
kopan iletken çýkarýlýr (V1'den küçük)
  7
TRK
 11
1871.0132183908047
 21
564.5000000000001
 31
0.0
100
AcDbText
 73
2
  0
LINE
  5
F3B
330
17
100
AcDbEntity
  8
42-TABLO
100
AcDbLine
 10
2186.652298850575
 20
568.0000000000001
 30
0.0
 11
2186.652298850575
 21
561.0000000000001
 31
0.0
  0
TEXT
  5
F3C
330
17
100
AcDbEntity
  8
42-TABLO
100
AcDbText
 10
2225.1867816091954
 20
564.5000000000001
 30
0.0
 40
2.3
  1
her yön / rüzgârsýz
  7
TRK
 72
1
 11
2225.1867816091954
 21
564.5000000000001
 31
0.0
100
AcDbText
 73
2
  0
LINE
  5
F3D
330
17
100
AcDbEntity
  8
42-TABLO
100
AcDbLine
 10
2263.7212643678163
 20
568.0000000000001
 30
0.0
 11
2263.7212643678163
 21
561.0000000000001
 31
0.0
  0
TEXT
  5
F3E
330
17
100
AcDbEntity
  8
42-TABLO
100
AcDbText
 10
2305.3373563218393
 20
564.5000000000001
 30
0.0
 40
2.3
  1
1.540,9
  7
TRK
 72
2
 11
2305.3373563218393
 21
564.5000000000001
 31
0.0
100
AcDbText
 73
2
  0
LINE
  5
F3F
330
17
100
AcDbEntity
  8
42-TABLO
100
AcDbLine
 10
2306.537356321839
 20
568.0000000000001
 30
0.0
 11
2306.537356321839
 21
561.0000000000001
 31
0.0
  0
TEXT
  5
F40
330
17
100
AcDbEntity
  8
42-TABLO
100
AcDbText
 10
2343.8718390804597
 20
564.5000000000001
 30
0.0
 40
2.3
  1
2.783
  7
TRK
 72
2
 11
2343.8718390804597
 21
564.5000000000001
 31
0.0
100
AcDbText
 73
2
  0
LINE
  5
F41
330
17
100
AcDbEntity
  8
42-TABLO
100
AcDbLine
 10
2345.0718390804595
 20
568.0000000000001
 30
0.0
 11
2345.0718390804595
 21
561.0000000000001
 31
0.0
  0
TEXT
  5
F42
330
17
100
AcDbEntity
  8
42-TABLO
100
AcDbText
 10
2362.198275862069
 20
564.5000000000001
 30
0.0
 40
2.3
  1
%55
  7
TRK
 72
1
 11
2362.198275862069
 21
564.5000000000001
 31
0.0
100
AcDbText
 73
2
  0
LINE
  5
F43
330
17
100
AcDbEntity
  8
42-TABLO
100
AcDbLine
 10
2379.324712643678
 20
568.0000000000001
 30
0.0
 11
2379.324712643678
 21
561.0000000000001
 31
0.0
  0
TEXT
  5
F44
330
17
100
AcDbEntity
  8
42-TABLO
100
AcDbText
 10
2399.662356321839
 20
564.5000000000001
 30
0.0
 40
2.3
  1
UYGUN
  7
TRK
 72
1
 11
2399.662356321839
 21
564.5000000000001
 31
0.0
100
AcDbText
 73
2
  0
LINE
  5
F45
330
17
100
AcDbEntity
  8
42-TABLO
100
AcDbLine
 10
2420.0
 20
568.0000000000001
 30
0.0
 11
2420.0
 21
561.0000000000001
 31
0.0
  0
LINE
  5
F46
330
17
100
AcDbEntity
  8
42-TABLO
100
AcDbLine
 10
1675.0
 20
561.0000000000001
 30
0.0
 11
2420.0
 21
561.0000000000001
 31
0.0
  0
TEXT
  5
F47
330
17
100
AcDbEntity
  8
42-TABLO
100
AcDbText
 10
1686.7744252873563
 20
557.5000000000001
 30
0.0
 40
2.3
  1
D6
  7
TRK
 72
1
 11
1686.7744252873563
 21
557.5000000000001
 31
0.0
100
AcDbText
 73
2
  0
LINE
  5
F48
330
17
100
AcDbEntity
  8
42-TABLO
100
AcDbLine
 10
1698.5488505747126
 20
561.0000000000001
 30
0.0
 11
1698.5488505747126
 21
554.0000000000001
 31
0.0
  0
TEXT
  5
F49
330
17
100
AcDbEntity
  8
42-TABLO
100
AcDbText
 10
1713.5344827586207
 20
557.5000000000001
 30
0.0
 40
2.3
  1
K4''
  7
TRK
 72
1
 11
1713.5344827586207
 21
557.5000000000001
 31
0.0
100
AcDbText
 73
2
  0
LINE
  5
F4A
330
17
100
AcDbEntity
  8
42-TABLO
100
AcDbLine
 10
1728.5201149425288
 20
561.0000000000001
 30
0.0
 11
1728.5201149425288
 21
554.0000000000001
 31
0.0
  0
TEXT
  5
F4B
330
17
100
AcDbEntity
  8
42-TABLO
100
AcDbText
 10
1729.7201149425287
 20
557.5000000000001
 30
0.0
 40
2.3
  1
V4 (hatta dik rüzgâr + rüzgârlý çekme)
  7
TRK
 11
1729.7201149425287
 21
557.5000000000001
 31
0.0
100
AcDbText
 73
2
  0
LINE
  5
F4C
330
17
100
AcDbEntity
  8
42-TABLO
100
AcDbLine
 10
1869.8132183908046
 20
561.0000000000001
 30
0.0
 11
1869.8132183908046
 21
554.0000000000001
 31
0.0
  0
TEXT
  5
F4D
330
17
100
AcDbEntity
  8
42-TABLO
100
AcDbText
 10
1871.0132183908047
 20
557.5000000000001
 30
0.0
 40
2.3
  1
\U+221a(Tr² + W²) + direk rüzgârý (+direk rüzg. 92,9, travers 40,9)
  7
TRK
 11
1871.0132183908047
 21
557.5000000000001
 31
0.0
100
AcDbText
 73
2
  0
LINE
  5
F4E
330
17
100
AcDbEntity
  8
42-TABLO
100
AcDbLine
 10
2186.652298850575
 20
561.0000000000001
 30
0.0
 11
2186.652298850575
 21
554.0000000000001
 31
0.0
  0
TEXT
  5
F4F
330
17
100
AcDbEntity
  8
42-TABLO
100
AcDbText
 10
2225.1867816091954
 20
557.5000000000001
 30
0.0
 40
2.3
  1
her yön / rüzgârsýz
  7
TRK
 72
1
 11
2225.1867816091954
 21
557.5000000000001
 31
0.0
100
AcDbText
 73
2
  0
LINE
  5
F50
330
17
100
AcDbEntity
  8
42-TABLO
100
AcDbLine
 10
2263.7212643678163
 20
561.0000000000001
 30
0.0
 11
2263.7212643678163
 21
554.0000000000001
 31
0.0
  0
TEXT
  5
F51
330
17
100
AcDbEntity
  8
42-TABLO
100
AcDbText
 10
2305.3373563218393
 20
557.5000000000001
 30
0.0
 40
2.3
  1
1.306,4
  7
TRK
 72
2
 11
2305.3373563218393
 21
557.5000000000001
 31
0.0
100
AcDbText
 73
2
  0
LINE
  5
F52
330
17
100
AcDbEntity
  8
42-TABLO
100
AcDbLine
 10
2306.537356321839
 20
561.0000000000001
 30
0.0
 11
2306.537356321839
 21
554.0000000000001
 31
0.0
  0
TEXT
  5
F53
330
17
100
AcDbEntity
  8
42-TABLO
100
AcDbText
 10
2343.8718390804597
 20
557.5000000000001
 30
0.0
 40
2.3
  1
2.783
  7
TRK
 72
2
 11
2343.8718390804597
 21
557.5000000000001
 31
0.0
100
AcDbText
 73
2
  0
LINE
  5
F54
330
17
100
AcDbEntity
  8
42-TABLO
100
AcDbLine
 10
2345.0718390804595
 20
561.0000000000001
 30
0.0
 11
2345.0718390804595
 21
554.0000000000001
 31
0.0
  0
TEXT
  5
F55
330
17
100
AcDbEntity
  8
42-TABLO
100
AcDbText
 10
2362.198275862069
 20
557.5000000000001
 30
0.0
 40
2.3
  1
%47
  7
TRK
 72
1
 11
2362.198275862069
 21
557.5000000000001
 31
0.0
100
AcDbText
 73
2
  0
LINE
  5
F56
330
17
100
AcDbEntity
  8
42-TABLO
100
AcDbLine
 10
2379.324712643678
 20
561.0000000000001
 30
0.0
 11
2379.324712643678
 21
554.0000000000001
 31
0.0
  0
TEXT
  5
F57
330
17
100
AcDbEntity
  8
42-TABLO
100
AcDbText
 10
2399.662356321839
 20
557.5000000000001
 30
0.0
 40
2.3
  1
UYGUN
  7
TRK
 72
1
 11
2399.662356321839
 21
557.5000000000001
 31
0.0
100
AcDbText
 73
2
  0
LINE
  5
F58
330
17
100
AcDbEntity
  8
42-TABLO
100
AcDbLine
 10
2420.0
 20
561.0000000000001
 30
0.0
 11
2420.0
 21
554.0000000000001
 31
0.0
  0
LINE
  5
F59
330
17
100
AcDbEntity
  8
42-TABLO
100
AcDbLine
 10
1675.0
 20
554.0000000000001
 30
0.0
 11
2420.0
 21
554.0000000000001
 31
0.0
  0
LINE
  5
F5A
330
17
100
AcDbEntity
  8
43-TABLO-CERCEVE
100
AcDbLine
 10
1675.0
 20
711.0000000000001
 30
0.0
 11
1675.0
 21
554.0000000000001
 31
0.0
  0
LINE
  5
F5B
330
17
100
AcDbEntity
  8
43-TABLO-CERCEVE
100
AcDbLine
 10
2420.0
 20
711.0000000000001
 30
0.0
 11
2420.0
 21
554.0000000000001
 31
0.0
  0
LINE
  5
F5C
330
17
100
AcDbEntity
  8
43-TABLO-CERCEVE
100
AcDbLine
 10
1675.0
 20
554.0000000000001
 30
0.0
 11
2420.0
 21
554.0000000000001
 31
0.0
  0
TEXT
  5
F5D
330
17
100
AcDbEntity
  8
02-BASLIK
100
AcDbText
 10
1675.0
 20
545.0000000000001
 30
0.0
 40
3.6
  1
ÝLETKEN GERÝLME - SEHÝM CETVELÝ (durum deðiþim denklemi, yatay çekme)
  7
TRKB
 11
1675.0
 21
545.0000000000001
 31
0.0
100
AcDbText
 73
1
  0
LWPOLYLINE
  5
F5E
330
17
100
AcDbEntity
  8
43-TABLO-CERCEVE
100
AcDbPolyline
 90
4
 70
1
 10
1675.0
 20
532.8000000000001
 10
2420.0
 20
532.8000000000001
 10
2420.0
 20
543.0000000000001
 10
1675.0
 20
543.0000000000001
  0
LINE
  5
F5F
330
17
100
AcDbEntity
  8
43-TABLO-CERCEVE
100
AcDbLine
 10
1675.0
 20
533.6
 30
0.0
 11
2420.0
 21
533.6
 31
0.0
  0
TEXT
  5
F60
330
17
100
AcDbEntity
  8
42-TABLO
100
AcDbText
 10
1689.3884120171674
 20
537.9000000000001
 30
0.0
 40
2.4
  1
Devre
  7
TRKB
 72
1
 11
1689.3884120171674
 21
537.9000000000001
 31
0.0
100
AcDbText
 73
2
  0
LINE
  5
F61
330
17
100
AcDbEntity
  8
43-TABLO-CERCEVE
100
AcDbLine
 10
1703.7768240343348
 20
543.0000000000001
 30
0.0
 11
1703.7768240343348
 21
532.8000000000001
 31
0.0
  0
TEXT
  5
F62
330
17
100
AcDbEntity
  8
42-TABLO
100
AcDbText
 10
1729.3562231759656
 20
539.6500000000001
 30
0.0
 40
2.4
  1
Germe
  7
TRKB
 72
1
 11
1729.3562231759656
 21
539.6500000000001
 31
0.0
100
AcDbText
 73
2
  0
TEXT
  5
F63
330
17
100
AcDbEntity
  8
42-TABLO
100
AcDbText
 10
1729.3562231759656
 20
536.1500000000001
 30
0.0
 40
2.4
  1
bölümü
  7
TRKB
 72
1
 11
1729.3562231759656
 21
536.1500000000001
 31
0.0
100
AcDbText
 73
2
  0
LINE
  5
F64
330
17
100
AcDbEntity
  8
43-TABLO-CERCEVE
100
AcDbLine
 10
1754.9356223175964
 20
543.0000000000001
 30
0.0
 11
1754.9356223175964
 21
532.8000000000001
 31
0.0
  0
TEXT
  5
F65
330
17
100
AcDbEntity
  8
42-TABLO
100
AcDbText
 10
1778.9163090128754
 20
539.6500000000001
 30
0.0
 40
2.4
  1
Eþdeðer
  7
TRKB
 72
1
 11
1778.9163090128754
 21
539.6500000000001
 31
0.0
100
AcDbText
 73
2
  0
TEXT
  5
F66
330
17
100
AcDbEntity
  8
42-TABLO
100
AcDbText
 10
1778.9163090128754
 20
536.1500000000001
 30
0.0
 40
2.4
  1
açýklýk (m)
  7
TRKB
 72
1
 11
1778.9163090128754
 21
536.1500000000001
 31
0.0
100
AcDbText
 73
2
  0
LINE
  5
F67
330
17
100
AcDbEntity
  8
43-TABLO-CERCEVE
100
AcDbLine
 10
1802.8969957081545
 20
543.0000000000001
 30
0.0
 11
1802.8969957081545
 21
532.8000000000001
 31
0.0
  0
TEXT
  5
F68
330
17
100
AcDbEntity
  8
42-TABLO
100
AcDbText
 10
1833.272532188841
 20
539.6500000000001
 30
0.0
 40
2.4
  1
Belirleyici
  7
TRKB
 72
1
 11
1833.272532188841
 21
539.6500000000001
 31
0.0
100
AcDbText
 73
2
  0
TEXT
  5
F69
330
17
100
AcDbEntity
  8
42-TABLO
100
AcDbText
 10
1833.272532188841
 20
536.1500000000001
 30
0.0
 40
2.4
  1
durum
  7
TRKB
 72
1
 11
1833.272532188841
 21
536.1500000000001
 31
0.0
100
AcDbText
 73
2
  0
LINE
  5
F6A
330
17
100
AcDbEntity
  8
43-TABLO-CERCEVE
100
AcDbLine
 10
1863.648068669528
 20
543.0000000000001
 30
0.0
 11
1863.648068669528
 21
532.8000000000001
 31
0.0
  0
TEXT
  5
F6B
330
17
100
AcDbEntity
  8
42-TABLO
100
AcDbText
 10
1890.8261802575107
 20
539.6500000000001
 30
0.0
 40
2.4
  1
T -25 °C
  7
TRKB
 72
1
 11
1890.8261802575107
 21
539.6500000000001
 31
0.0
100
AcDbText
 73
2
  0
TEXT
  5
F6C
330
17
100
AcDbEntity
  8
42-TABLO
100
AcDbText
 10
1890.8261802575107
 20
536.1500000000001
 30
0.0
 40
2.4
  1
(kg)
  7
TRKB
 72
1
 11
1890.8261802575107
 21
536.1500000000001
 31
0.0
100
AcDbText
 73
2
  0
LINE
  5
F6D
330
17
100
AcDbEntity
  8
43-TABLO-CERCEVE
100
AcDbLine
 10
1918.0042918454935
 20
543.0000000000001
 30
0.0
 11
1918.0042918454935
 21
532.8000000000001
 31
0.0
  0
TEXT
  5
F6E
330
17
100
AcDbEntity
  8
42-TABLO
100
AcDbText
 10
1945.1824034334763
 20
539.6500000000001
 30
0.0
 40
2.4
  1
T -5 °C+buz
  7
TRKB
 72
1
 11
1945.1824034334763
 21
539.6500000000001
 31
0.0
100
AcDbText
 73
2
  0
TEXT
  5
F6F
330
17
100
AcDbEntity
  8
42-TABLO
100
AcDbText
 10
1945.1824034334763
 20
536.1500000000001
 30
0.0
 40
2.4
  1
(kg)
  7
TRKB
 72
1
 11
1945.1824034334763
 21
536.1500000000001
 31
0.0
100
AcDbText
 73
2
  0
LINE
  5
F70
330
17
100
AcDbEntity
  8
43-TABLO-CERCEVE
100
AcDbLine
 10
1972.3605150214592
 20
543.0000000000001
 30
0.0
 11
1972.3605150214592
 21
532.8000000000001
 31
0.0
  0
TEXT
  5
F71
330
17
100
AcDbEntity
  8
42-TABLO
100
AcDbText
 10
1999.538626609442
 20
539.6500000000001
 30
0.0
 40
2.4
  1
T +5 °C+rüz.
  7
TRKB
 72
1
 11
1999.538626609442
 21
539.6500000000001
 31
0.0
100
AcDbText
 73
2
  0
TEXT
  5
F72
330
17
100
AcDbEntity
  8
42-TABLO
100
AcDbText
 10
1999.538626609442
 20
536.1500000000001
 30
0.0
 40
2.4
  1
(kg)
  7
TRKB
 72
1
 11
1999.538626609442
 21
536.1500000000001
 31
0.0
100
AcDbText
 73
2
  0
LINE
  5
F73
330
17
100
AcDbEntity
  8
43-TABLO-CERCEVE
100
AcDbLine
 10
2026.7167381974248
 20
543.0000000000001
 30
0.0
 11
2026.7167381974248
 21
532.8000000000001
 31
0.0
  0
TEXT
  5
F74
330
17
100
AcDbEntity
  8
42-TABLO
100
AcDbText
 10
2053.8948497854076
 20
539.6500000000001
 30
0.0
 40
2.4
  1
T +15 °C
  7
TRKB
 72
1
 11
2053.8948497854076
 21
539.6500000000001
 31
0.0
100
AcDbText
 73
2
  0
TEXT
  5
F75
330
17
100
AcDbEntity
  8
42-TABLO
100
AcDbText
 10
2053.8948497854076
 20
536.1500000000001
 30
0.0
 40
2.4
  1
(kg)
  7
TRKB
 72
1
 11
2053.8948497854076
 21
536.1500000000001
 31
0.0
100
AcDbText
 73
2
  0
LINE
  5
F76
330
17
100
AcDbEntity
  8
43-TABLO-CERCEVE
100
AcDbLine
 10
2081.07296137339
 20
543.0000000000001
 30
0.0
 11
2081.07296137339
 21
532.8000000000001
 31
0.0
  0
TEXT
  5
F77
330
17
100
AcDbEntity
  8
42-TABLO
100
AcDbText
 10
2108.251072961373
 20
539.6500000000001
 30
0.0
 40
2.4
  1
T +40 °C
  7
TRKB
 72
1
 11
2108.251072961373
 21
539.6500000000001
 31
0.0
100
AcDbText
 73
2
  0
TEXT
  5
F78
330
17
100
AcDbEntity
  8
42-TABLO
100
AcDbText
 10
2108.251072961373
 20
536.1500000000001
 30
0.0
 40
2.4
  1
(kg)
  7
TRKB
 72
1
 11
2108.251072961373
 21
536.1500000000001
 31
0.0
100
AcDbText
 73
2
  0
LINE
  5
F79
330
17
100
AcDbEntity
  8
43-TABLO-CERCEVE
100
AcDbLine
 10
2135.4291845493563
 20
543.0000000000001
 30
0.0
 11
2135.4291845493563
 21
532.8000000000001
 31
0.0
  0
TEXT
  5
F7A
330
17
100
AcDbEntity
  8
42-TABLO
100
AcDbText
 10
2156.2124463519312
 20
539.6500000000001
 30
0.0
 40
2.4
  1
EDS /
  7
TRKB
 72
1
 11
2156.2124463519312
 21
539.6500000000001
 31
0.0
100
AcDbText
 73
2
  0
TEXT
  5
F7B
330
17
100
AcDbEntity
  8
42-TABLO
100
AcDbText
 10
2156.2124463519312
 20
536.1500000000001
 30
0.0
 40
2.4
  1
kopma
  7
TRKB
 72
1
 11
2156.2124463519312
 21
536.1500000000001
 31
0.0
100
AcDbText
 73
2
  0
LINE
  5
F7C
330
17
100
AcDbEntity
  8
43-TABLO-CERCEVE
100
AcDbLine
 10
2176.9957081545062
 20
543.0000000000001
 30
0.0
 11
2176.9957081545062
 21
532.8000000000001
 31
0.0
  0
TEXT
  5
F7D
330
17
100
AcDbEntity
  8
42-TABLO
100
AcDbText
 10
2200.9763948497853
 20
537.9000000000001
 30
0.0
 40
2.4
  1
Açýklýk
  7
TRKB
 72
1
 11
2200.9763948497853
 21
537.9000000000001
 31
0.0
100
AcDbText
 73
2
  0
LINE
  5
F7E
330
17
100
AcDbEntity
  8
43-TABLO-CERCEVE
100
AcDbLine
 10
2224.9570815450643
 20
543.0000000000001
 30
0.0
 11
2224.9570815450643
 21
532.8000000000001
 31
0.0
  0
TEXT
  5
F7F
330
17
100
AcDbEntity
  8
42-TABLO
100
AcDbText
 10
2244.1416309012875
 20
537.9000000000001
 30
0.0
 40
2.4
  1
a (m)
  7
TRKB
 72
1
 11
2244.1416309012875
 21
537.9000000000001
 31
0.0
100
AcDbText
 73
2
  0
LINE
  5
F80
330
17
100
AcDbEntity
  8
43-TABLO-CERCEVE
100
AcDbLine
 10
2263.3261802575107
 20
543.0000000000001
 30
0.0
 11
2263.3261802575107
 21
532.8000000000001
 31
0.0
  0
TEXT
  5
F81
330
17
100
AcDbEntity
  8
42-TABLO
100
AcDbText
 10
2290.5042918454933
 20
539.6500000000001
 30
0.0
 40
2.4
  1
Sehim
  7
TRKB
 72
1
 11
2290.5042918454933
 21
539.6500000000001
 31
0.0
100
AcDbText
 73
2
  0
TEXT
  5
F82
330
17
100
AcDbEntity
  8
42-TABLO
100
AcDbText
 10
2290.5042918454933
 20
536.1500000000001
 30
0.0
 40
2.4
  1
-5°C+buz
  7
TRKB
 72
1
 11
2290.5042918454933
 21
536.1500000000001
 31
0.0
100
AcDbText
 73
2
  0
LINE
  5
F83
330
17
100
AcDbEntity
  8
43-TABLO-CERCEVE
100
AcDbLine
 10
2317.682403433476
 20
543.0000000000001
 30
0.0
 11
2317.682403433476
 21
532.8000000000001
 31
0.0
  0
TEXT
  5
F84
330
17
100
AcDbEntity
  8
42-TABLO
100
AcDbText
 10
2343.261802575107
 20
539.6500000000001
 30
0.0
 40
2.4
  1
Sehim
  7
TRKB
 72
1
 11
2343.261802575107
 21
539.6500000000001
 31
0.0
100
AcDbText
 73
2
  0
TEXT
  5
F85
330
17
100
AcDbEntity
  8
42-TABLO
100
AcDbText
 10
2343.261802575107
 20
536.1500000000001
 30
0.0
 40
2.4
  1
+40°C
  7
TRKB
 72
1
 11
2343.261802575107
 21
536.1500000000001
 31
0.0
100
AcDbText
 73
2
  0
LINE
  5
F86
330
17
100
AcDbEntity
  8
43-TABLO-CERCEVE
100
AcDbLine
 10
2368.841201716738
 20
543.0000000000001
 30
0.0
 11
2368.841201716738
 21
532.8000000000001
 31
0.0
  0
TEXT
  5
F87
330
17
100
AcDbEntity
  8
42-TABLO
100
AcDbText
 10
2394.4206008583687
 20
539.6500000000001
 30
0.0
 40
2.4
  1
Sehim
  7
TRKB
 72
1
 11
2394.4206008583687
 21
539.6500000000001
 31
0.0
100
AcDbText
 73
2
  0
TEXT
  5
F88
330
17
100
AcDbEntity
  8
42-TABLO
100
AcDbText
 10
2394.4206008583687
 20
536.1500000000001
 30
0.0
 40
2.4
  1
-25°C
  7
TRKB
 72
1
 11
2394.4206008583687
 21
536.1500000000001
 31
0.0
100
AcDbText
 73
2
  0
LINE
  5
F89
330
17
100
AcDbEntity
  8
43-TABLO-CERCEVE
100
AcDbLine
 10
2420.0
 20
543.0000000000001
 30
0.0
 11
2420.0
 21
532.8000000000001
 31
0.0
  0
TEXT
  5
F8A
330
17
100
AcDbEntity
  8
42-TABLO
100
AcDbText
 10
1689.3884120171674
 20
529.4000000000001
 30
0.0
 40
2.4
  1
OG
  7
TRK
 72
1
 11
1689.3884120171674
 21
529.4000000000001
 31
0.0
100
AcDbText
 73
2
  0
LINE
  5
F8B
330
17
100
AcDbEntity
  8
42-TABLO
100
AcDbLine
 10
1703.7768240343348
 20
532.8000000000001
 30
0.0
 11
1703.7768240343348
 21
526.0000000000001
 31
0.0
  0
TEXT
  5
F8C
330
17
100
AcDbEntity
  8
42-TABLO
100
AcDbText
 10
1729.3562231759656
 20
529.4000000000001
 30
0.0
 40
2.4
  1
M-D1
  7
TRK
 72
1
 11
1729.3562231759656
 21
529.4000000000001
 31
0.0
100
AcDbText
 73
2
  0
LINE
  5
F8D
330
17
100
AcDbEntity
  8
42-TABLO
100
AcDbLine
 10
1754.9356223175964
 20
532.8000000000001
 30
0.0
 11
1754.9356223175964
 21
526.0000000000001
 31
0.0
  0
TEXT
  5
F8E
330
17
100
AcDbEntity
  8
42-TABLO
100
AcDbText
 10
1778.9163090128754
 20
529.4000000000001
 30
0.0
 40
2.4
  1
35,0
  7
TRK
 72
1
 11
1778.9163090128754
 21
529.4000000000001
 31
0.0
100
AcDbText
 73
2
  0
LINE
  5
F8F
330
17
100
AcDbEntity
  8
42-TABLO
100
AcDbLine
 10
1802.8969957081545
 20
532.8000000000001
 30
0.0
 11
1802.8969957081545
 21
526.0000000000001
 31
0.0
  0
TEXT
  5
F90
330
17
100
AcDbEntity
  8
42-TABLO
100
AcDbText
 10
1833.272532188841
 20
529.4000000000001
 30
0.0
 40
2.4
  1
-5°C+buz
  7
TRK
 72
1
 11
1833.272532188841
 21
529.4000000000001
 31
0.0
100
AcDbText
 73
2
  0
LINE
  5
F91
330
17
100
AcDbEntity
  8
42-TABLO
100
AcDbLine
 10
1863.648068669528
 20
532.8000000000001
 30
0.0
 11
1863.648068669528
 21
526.0000000000001
 31
0.0
  0
TEXT
  5
F92
330
17
100
AcDbEntity
  8
42-TABLO
100
AcDbText
 10
1890.8261802575107
 20
529.4000000000001
 30
0.0
 40
2.4
  1
490,5
  7
TRK
 72
1
 11
1890.8261802575107
 21
529.4000000000001
 31
0.0
100
AcDbText
 73
2
  0
LINE
  5
F93
330
17
100
AcDbEntity
  8
42-TABLO
100
AcDbLine
 10
1918.0042918454935
 20
532.8000000000001
 30
0.0
 11
1918.0042918454935
 21
526.0000000000001
 31
0.0
  0
TEXT
  5
F94
330
17
100
AcDbEntity
  8
42-TABLO
100
AcDbText
 10
1945.1824034334763
 20
529.4000000000001
 30
0.0
 40
2.4
  1
496,5
  7
TRK
 72
1
 11
1945.1824034334763
 21
529.4000000000001
 31
0.0
100
AcDbText
 73
2
  0
LINE
  5
F95
330
17
100
AcDbEntity
  8
42-TABLO
100
AcDbLine
 10
1972.3605150214592
 20
532.8000000000001
 30
0.0
 11
1972.3605150214592
 21
526.0000000000001
 31
0.0
  0
TEXT
  5
F96
330
17
100
AcDbEntity
  8
42-TABLO
100
AcDbText
 10
1999.538626609442
 20
529.4000000000001
 30
0.0
 40
2.4
  1
277,7
  7
TRK
 72
1
 11
1999.538626609442
 21
529.4000000000001
 31
0.0
100
AcDbText
 73
2
  0
LINE
  5
F97
330
17
100
AcDbEntity
  8
42-TABLO
100
AcDbLine
 10
2026.7167381974248
 20
532.8000000000001
 30
0.0
 11
2026.7167381974248
 21
526.0000000000001
 31
0.0
  0
TEXT
  5
F98
330
17
100
AcDbEntity
  8
42-TABLO
100
AcDbText
 10
2053.8948497854076
 20
529.4000000000001
 30
0.0
 40
2.4
  1
133,3
  7
TRK
 72
1
 11
2053.8948497854076
 21
529.4000000000001
 31
0.0
100
AcDbText
 73
2
  0
LINE
  5
F99
330
17
100
AcDbEntity
  8
42-TABLO
100
AcDbLine
 10
2081.07296137339
 20
532.8000000000001
 30
0.0
 11
2081.07296137339
 21
526.0000000000001
 31
0.0
  0
TEXT
  5
F9A
330
17
100
AcDbEntity
  8
42-TABLO
100
AcDbText
 10
2108.251072961373
 20
529.4000000000001
 30
0.0
 40
2.4
  1
89,1
  7
TRK
 72
1
 11
2108.251072961373
 21
529.4000000000001
 31
0.0
100
AcDbText
 73
2
  0
LINE
  5
F9B
330
17
100
AcDbEntity
  8
42-TABLO
100
AcDbLine
 10
2135.4291845493563
 20
532.8000000000001
 30
0.0
 11
2135.4291845493563
 21
526.0000000000001
 31
0.0
  0
TEXT
  5
F9C
330
17
100
AcDbEntity
  8
42-TABLO
100
AcDbText
 10
2156.2124463519312
 20
529.4000000000001
 30
0.0
 40
2.4
  1
%4.5
  7
TRK
 72
1
 11
2156.2124463519312
 21
529.4000000000001
 31
0.0
100
AcDbText
 73
2
  0
LINE
  5
F9D
330
17
100
AcDbEntity
  8
42-TABLO
100
AcDbLine
 10
2176.9957081545062
 20
532.8000000000001
 30
0.0
 11
2176.9957081545062
 21
526.0000000000001
 31
0.0
  0
TEXT
  5
F9E
330
17
100
AcDbEntity
  8
42-TABLO
100
AcDbText
 10
2200.9763948497853
 20
529.4000000000001
 30
0.0
 40
2.4
  1
M-D1
  7
TRK
 72
1
 11
2200.9763948497853
 21
529.4000000000001
 31
0.0
100
AcDbText
 73
2
  0
LINE
  5
F9F
330
17
100
AcDbEntity
  8
42-TABLO
100
AcDbLine
 10
2224.9570815450643
 20
532.8000000000001
 30
0.0
 11
2224.9570815450643
 21
526.0000000000001
 31
0.0
  0
TEXT
  5
FA0
330
17
100
AcDbEntity
  8
42-TABLO
100
AcDbText
 10
2244.1416309012875
 20
529.4000000000001
 30
0.0
 40
2.4
  1
35,0
  7
TRK
 72
1
 11
2244.1416309012875
 21
529.4000000000001
 31
0.0
100
AcDbText
 73
2
  0
LINE
  5
FA1
330
17
100
AcDbEntity
  8
42-TABLO
100
AcDbLine
 10
2263.3261802575107
 20
532.8000000000001
 30
0.0
 11
2263.3261802575107
 21
526.0000000000001
 31
0.0
  0
TEXT
  5
FA2
330
17
100
AcDbEntity
  8
42-TABLO
100
AcDbText
 10
2290.5042918454933
 20
529.4000000000001
 30
0.0
 40
2.4
  1
0,44
  7
TRK
 72
1
 11
2290.5042918454933
 21
529.4000000000001
 31
0.0
100
AcDbText
 73
2
  0
LINE
  5
FA3
330
17
100
AcDbEntity
  8
42-TABLO
100
AcDbLine
 10
2317.682403433476
 20
532.8000000000001
 30
0.0
 11
2317.682403433476
 21
526.0000000000001
 31
0.0
  0
TEXT
  5
FA4
330
17
100
AcDbEntity
  8
42-TABLO
100
AcDbText
 10
2343.261802575107
 20
529.4000000000001
 30
0.0
 40
2.4
  1
0,59
  7
TRK
 72
1
 11
2343.261802575107
 21
529.4000000000001
 31
0.0
100
AcDbText
 73
2
  0
LINE
  5
FA5
330
17
100
AcDbEntity
  8
42-TABLO
100
AcDbLine
 10
2368.841201716738
 20
532.8000000000001
 30
0.0
 11
2368.841201716738
 21
526.0000000000001
 31
0.0
  0
TEXT
  5
FA6
330
17
100
AcDbEntity
  8
42-TABLO
100
AcDbText
 10
2394.4206008583687
 20
529.4000000000001
 30
0.0
 40
2.4
  1
0,11
  7
TRK
 72
1
 11
2394.4206008583687
 21
529.4000000000001
 31
0.0
100
AcDbText
 73
2
  0
LINE
  5
FA7
330
17
100
AcDbEntity
  8
42-TABLO
100
AcDbLine
 10
2420.0
 20
532.8000000000001
 30
0.0
 11
2420.0
 21
526.0000000000001
 31
0.0
  0
LINE
  5
FA8
330
17
100
AcDbEntity
  8
42-TABLO
100
AcDbLine
 10
1675.0
 20
526.0000000000001
 30
0.0
 11
2420.0
 21
526.0000000000001
 31
0.0
  0
TEXT
  5
FA9
330
17
100
AcDbEntity
  8
42-TABLO
100
AcDbText
 10
1689.3884120171674
 20
522.6000000000001
 30
0.0
 40
2.4
  1
OG
  7
TRK
 72
1
 11
1689.3884120171674
 21
522.6000000000001
 31
0.0
100
AcDbText
 73
2
  0
LINE
  5
FAA
330
17
100
AcDbEntity
  8
42-TABLO
100
AcDbLine
 10
1703.7768240343348
 20
526.0000000000001
 30
0.0
 11
1703.7768240343348
 21
519.2000000000002
 31
0.0
  0
TEXT
  5
FAB
330
17
100
AcDbEntity
  8
42-TABLO
100
AcDbText
 10
1729.3562231759656
 20
522.6000000000001
 30
0.0
 40
2.4
  1
D1-D2
  7
TRK
 72
1
 11
1729.3562231759656
 21
522.6000000000001
 31
0.0
100
AcDbText
 73
2
  0
LINE
  5
FAC
330
17
100
AcDbEntity
  8
42-TABLO
100
AcDbLine
 10
1754.9356223175964
 20
526.0000000000001
 30
0.0
 11
1754.9356223175964
 21
519.2000000000002
 31
0.0
  0
TEXT
  5
FAD
330
17
100
AcDbEntity
  8
42-TABLO
100
AcDbText
 10
1778.9163090128754
 20
522.6000000000001
 30
0.0
 40
2.4
  1
45,0
  7
TRK
 72
1
 11
1778.9163090128754
 21
522.6000000000001
 31
0.0
100
AcDbText
 73
2
  0
LINE
  5
FAE
330
17
100
AcDbEntity
  8
42-TABLO
100
AcDbLine
 10
1802.8969957081545
 20
526.0000000000001
 30
0.0
 11
1802.8969957081545
 21
519.2000000000002
 31
0.0
  0
TEXT
  5
FAF
330
17
100
AcDbEntity
  8
42-TABLO
100
AcDbText
 10
1833.272532188841
 20
522.6000000000001
 30
0.0
 40
2.4
  1
-5°C+buz
  7
TRK
 72
1
 11
1833.272532188841
 21
522.6000000000001
 31
0.0
100
AcDbText
 73
2
  0
LINE
  5
FB0
330
17
100
AcDbEntity
  8
42-TABLO
100
AcDbLine
 10
1863.648068669528
 20
526.0000000000001
 30
0.0
 11
1863.648068669528
 21
519.2000000000002
 31
0.0
  0
TEXT
  5
FB1
330
17
100
AcDbEntity
  8
42-TABLO
100
AcDbText
 10
1890.8261802575107
 20
522.6000000000001
 30
0.0
 40
2.4
  1
328,8
  7
TRK
 72
1
 11
1890.8261802575107
 21
522.6000000000001
 31
0.0
100
AcDbText
 73
2
  0
LINE
  5
FB2
330
17
100
AcDbEntity
  8
42-TABLO
100
AcDbLine
 10
1918.0042918454935
 20
526.0000000000001
 30
0.0
 11
1918.0042918454935
 21
519.2000000000002
 31
0.0
  0
TEXT
  5
FB3
330
17
100
AcDbEntity
  8
42-TABLO
100
AcDbText
 10
1945.1824034334763
 20
522.6000000000001
 30
0.0
 40
2.4
  1
496,5
  7
TRK
 72
1
 11
1945.1824034334763
 21
522.6000000000001
 31
0.0
100
AcDbText
 73
2
  0
LINE
  5
FB4
330
17
100
AcDbEntity
  8
42-TABLO
100
AcDbLine
 10
1972.3605150214592
 20
526.0000000000001
 30
0.0
 11
1972.3605150214592
 21
519.2000000000002
 31
0.0
  0
TEXT
  5
FB5
330
17
100
AcDbEntity
  8
42-TABLO
100
AcDbText
 10
1999.538626609442
 20
522.6000000000001
 30
0.0
 40
2.4
  1
267,6
  7
TRK
 72
1
 11
1999.538626609442
 21
522.6000000000001
 31
0.0
100
AcDbText
 73
2
  0
LINE
  5
FB6
330
17
100
AcDbEntity
  8
42-TABLO
100
AcDbLine
 10
2026.7167381974248
 20
526.0000000000001
 30
0.0
 11
2026.7167381974248
 21
519.2000000000002
 31
0.0
  0
TEXT
  5
FB7
330
17
100
AcDbEntity
  8
42-TABLO
100
AcDbText
 10
2053.8948497854076
 20
522.6000000000001
 30
0.0
 40
2.4
  1
128,5
  7
TRK
 72
1
 11
2053.8948497854076
 21
522.6000000000001
 31
0.0
100
AcDbText
 73
2
  0
LINE
  5
FB8
330
17
100
AcDbEntity
  8
42-TABLO
100
AcDbLine
 10
2081.07296137339
 20
526.0000000000001
 30
0.0
 11
2081.07296137339
 21
519.2000000000002
 31
0.0
  0
TEXT
  5
FB9
330
17
100
AcDbEntity
  8
42-TABLO
100
AcDbText
 10
2108.251072961373
 20
522.6000000000001
 30
0.0
 40
2.4
  1
97,8
  7
TRK
 72
1
 11
2108.251072961373
 21
522.6000000000001
 31
0.0
100
AcDbText
 73
2
  0
LINE
  5
FBA
330
17
100
AcDbEntity
  8
42-TABLO
100
AcDbLine
 10
2135.4291845493563
 20
526.0000000000001
 30
0.0
 11
2135.4291845493563
 21
519.2000000000002
 31
0.0
  0
TEXT
  5
FBB
330
17
100
AcDbEntity
  8
42-TABLO
100
AcDbText
 10
2156.2124463519312
 20
522.6000000000001
 30
0.0
 40
2.4
  1
%4.3
  7
TRK
 72
1
 11
2156.2124463519312
 21
522.6000000000001
 31
0.0
100
AcDbText
 73
2
  0
LINE
  5
FBC
330
17
100
AcDbEntity
  8
42-TABLO
100
AcDbLine
 10
2176.9957081545062
 20
526.0000000000001
 30
0.0
 11
2176.9957081545062
 21
519.2000000000002
 31
0.0
  0
TEXT
  5
FBD
330
17
100
AcDbEntity
  8
42-TABLO
100
AcDbText
 10
2200.9763948497853
 20
522.6000000000001
 30
0.0
 40
2.4
  1
D1-D2
  7
TRK
 72
1
 11
2200.9763948497853
 21
522.6000000000001
 31
0.0
100
AcDbText
 73
2
  0
LINE
  5
FBE
330
17
100
AcDbEntity
  8
42-TABLO
100
AcDbLine
 10
2224.9570815450643
 20
526.0000000000001
 30
0.0
 11
2224.9570815450643
 21
519.2000000000002
 31
0.0
  0
TEXT
  5
FBF
330
17
100
AcDbEntity
  8
42-TABLO
100
AcDbText
 10
2244.1416309012875
 20
522.6000000000001
 30
0.0
 40
2.4
  1
45,0
  7
TRK
 72
1
 11
2244.1416309012875
 21
522.6000000000001
 31
0.0
100
AcDbText
 73
2
  0
LINE
  5
FC0
330
17
100
AcDbEntity
  8
42-TABLO
100
AcDbLine
 10
2263.3261802575107
 20
526.0000000000001
 30
0.0
 11
2263.3261802575107
 21
519.2000000000002
 31
0.0
  0
TEXT
  5
FC1
330
17
100
AcDbEntity
  8
42-TABLO
100
AcDbText
 10
2290.5042918454933
 20
522.6000000000001
 30
0.0
 40
2.4
  1
0,72
  7
TRK
 72
1
 11
2290.5042918454933
 21
522.6000000000001
 31
0.0
100
AcDbText
 73
2
  0
LINE
  5
FC2
330
17
100
AcDbEntity
  8
42-TABLO
100
AcDbLine
 10
2317.682403433476
 20
526.0000000000001
 30
0.0
 11
2317.682403433476
 21
519.2000000000002
 31
0.0
  0
TEXT
  5
FC3
330
17
100
AcDbEntity
  8
42-TABLO
100
AcDbText
 10
2343.261802575107
 20
522.6000000000001
 30
0.0
 40
2.4
  1
0,89
  7
TRK
 72
1
 11
2343.261802575107
 21
522.6000000000001
 31
0.0
100
AcDbText
 73
2
  0
LINE
  5
FC4
330
17
100
AcDbEntity
  8
42-TABLO
100
AcDbLine
 10
2368.841201716738
 20
526.0000000000001
 30
0.0
 11
2368.841201716738
 21
519.2000000000002
 31
0.0
  0
TEXT
  5
FC5
330
17
100
AcDbEntity
  8
42-TABLO
100
AcDbText
 10
2394.4206008583687
 20
522.6000000000001
 30
0.0
 40
2.4
  1
0,26
  7
TRK
 72
1
 11
2394.4206008583687
 21
522.6000000000001
 31
0.0
100
AcDbText
 73
2
  0
LINE
  5
FC6
330
17
100
AcDbEntity
  8
42-TABLO
100
AcDbLine
 10
2420.0
 20
526.0000000000001
 30
0.0
 11
2420.0
 21
519.2000000000002
 31
0.0
  0
LINE
  5
FC7
330
17
100
AcDbEntity
  8
42-TABLO
100
AcDbLine
 10
1675.0
 20
519.2000000000002
 30
0.0
 11
2420.0
 21
519.2000000000002
 31
0.0
  0
TEXT
  5
FC8
330
17
100
AcDbEntity
  8
42-TABLO
100
AcDbText
 10
1689.3884120171674
 20
515.8000000000002
 30
0.0
 40
2.4
  1
OG
  7
TRK
 72
1
 11
1689.3884120171674
 21
515.8000000000002
 31
0.0
100
AcDbText
 73
2
  0
LINE
  5
FC9
330
17
100
AcDbEntity
  8
42-TABLO
100
AcDbLine
 10
1703.7768240343348
 20
519.2000000000002
 30
0.0
 11
1703.7768240343348
 21
512.4000000000002
 31
0.0
  0
TEXT
  5
FCA
330
17
100
AcDbEntity
  8
42-TABLO
100
AcDbText
 10
1729.3562231759656
 20
515.8000000000002
 30
0.0
 40
2.4
  1
D2-D5
  7
TRK
 72
1
 11
1729.3562231759656
 21
515.8000000000002
 31
0.0
100
AcDbText
 73
2
  0
LINE
  5
FCB
330
17
100
AcDbEntity
  8
42-TABLO
100
AcDbLine
 10
1754.9356223175964
 20
519.2000000000002
 30
0.0
 11
1754.9356223175964
 21
512.4000000000002
 31
0.0
  0
TEXT
  5
FCC
330
17
100
AcDbEntity
  8
42-TABLO
100
AcDbText
 10
1778.9163090128754
 20
515.8000000000002
 30
0.0
 40
2.4
  1
50,0
  7
TRK
 72
1
 11
1778.9163090128754
 21
515.8000000000002
 31
0.0
100
AcDbText
 73
2
  0
LINE
  5
FCD
330
17
100
AcDbEntity
  8
42-TABLO
100
AcDbLine
 10
1802.8969957081545
 20
519.2000000000002
 30
0.0
 11
1802.8969957081545
 21
512.4000000000002
 31
0.0
  0
TEXT
  5
FCE
330
17
100
AcDbEntity
  8
42-TABLO
100
AcDbText
 10
1833.272532188841
 20
515.8000000000002
 30
0.0
 40
2.4
  1
-5°C+buz
  7
TRK
 72
1
 11
1833.272532188841
 21
515.8000000000002
 31
0.0
100
AcDbText
 73
2
  0
LINE
  5
FCF
330
17
100
AcDbEntity
  8
42-TABLO
100
AcDbLine
 10
1863.648068669528
 20
519.2000000000002
 30
0.0
 11
1863.648068669528
 21
512.4000000000002
 31
0.0
  0
TEXT
  5
FD0
330
17
100
AcDbEntity
  8
42-TABLO
100
AcDbText
 10
1890.8261802575107
 20
515.8000000000002
 30
0.0
 40
2.4
  1
266,0
  7
TRK
 72
1
 11
1890.8261802575107
 21
515.8000000000002
 31
0.0
100
AcDbText
 73
2
  0
LINE
  5
FD1
330
17
100
AcDbEntity
  8
42-TABLO
100
AcDbLine
 10
1918.0042918454935
 20
519.2000000000002
 30
0.0
 11
1918.0042918454935
 21
512.4000000000002
 31
0.0
  0
TEXT
  5
FD2
330
17
100
AcDbEntity
  8
42-TABLO
100
AcDbText
 10
1945.1824034334763
 20
515.8000000000002
 30
0.0
 40
2.4
  1
496,5
  7
TRK
 72
1
 11
1945.1824034334763
 21
515.8000000000002
 31
0.0
100
AcDbText
 73
2
  0
LINE
  5
FD3
330
17
100
AcDbEntity
  8
42-TABLO
100
AcDbLine
 10
1972.3605150214592
 20
519.2000000000002
 30
0.0
 11
1972.3605150214592
 21
512.4000000000002
 31
0.0
  0
TEXT
  5
FD4
330
17
100
AcDbEntity
  8
42-TABLO
100
AcDbText
 10
1999.538626609442
 20
515.8000000000002
 30
0.0
 40
2.4
  1
264,2
  7
TRK
 72
1
 11
1999.538626609442
 21
515.8000000000002
 31
0.0
100
AcDbText
 73
2
  0
LINE
  5
FD5
330
17
100
AcDbEntity
  8
42-TABLO
100
AcDbLine
 10
2026.7167381974248
 20
519.2000000000002
 30
0.0
 11
2026.7167381974248
 21
512.4000000000002
 31
0.0
  0
TEXT
  5
FD6
330
17
100
AcDbEntity
  8
42-TABLO
100
AcDbText
 10
2053.8948497854076
 20
515.8000000000002
 30
0.0
 40
2.4
  1
127,1
  7
TRK
 72
1
 11
2053.8948497854076
 21
515.8000000000002
 31
0.0
100
AcDbText
 73
2
  0
LINE
  5
FD7
330
17
100
AcDbEntity
  8
42-TABLO
100
AcDbLine
 10
2081.07296137339
 20
519.2000000000002
 30
0.0
 11
2081.07296137339
 21
512.4000000000002
 31
0.0
  0
TEXT
  5
FD8
330
17
100
AcDbEntity
  8
42-TABLO
100
AcDbText
 10
2108.251072961373
 20
515.8000000000002
 30
0.0
 40
2.4
  1
101,0
  7
TRK
 72
1
 11
2108.251072961373
 21
515.8000000000002
 31
0.0
100
AcDbText
 73
2
  0
LINE
  5
FD9
330
17
100
AcDbEntity
  8
42-TABLO
100
AcDbLine
 10
2135.4291845493563
 20
519.2000000000002
 30
0.0
 11
2135.4291845493563
 21
512.4000000000002
 31
0.0
  0
TEXT
  5
FDA
330
17
100
AcDbEntity
  8
42-TABLO
100
AcDbText
 10
2156.2124463519312
 20
515.8000000000002
 30
0.0
 40
2.4
  1
%4.2
  7
TRK
 72
1
 11
2156.2124463519312
 21
515.8000000000002
 31
0.0
100
AcDbText
 73
2
  0
LINE
  5
FDB
330
17
100
AcDbEntity
  8
42-TABLO
100
AcDbLine
 10
2176.9957081545062
 20
519.2000000000002
 30
0.0
 11
2176.9957081545062
 21
512.4000000000002
 31
0.0
  0
TEXT
  5
FDC
330
17
100
AcDbEntity
  8
42-TABLO
100
AcDbText
 10
2200.9763948497853
 20
515.8000000000002
 30
0.0
 40
2.4
  1
D2-D3
  7
TRK
 72
1
 11
2200.9763948497853
 21
515.8000000000002
 31
0.0
100
AcDbText
 73
2
  0
LINE
  5
FDD
330
17
100
AcDbEntity
  8
42-TABLO
100
AcDbLine
 10
2224.9570815450643
 20
519.2000000000002
 30
0.0
 11
2224.9570815450643
 21
512.4000000000002
 31
0.0
  0
TEXT
  5
FDE
330
17
100
AcDbEntity
  8
42-TABLO
100
AcDbText
 10
2244.1416309012875
 20
515.8000000000002
 30
0.0
 40
2.4
  1
50,0
  7
TRK
 72
1
 11
2244.1416309012875
 21
515.8000000000002
 31
0.0
100
AcDbText
 73
2
  0
LINE
  5
FDF
330
17
100
AcDbEntity
  8
42-TABLO
100
AcDbLine
 10
2263.3261802575107
 20
519.2000000000002
 30
0.0
 11
2263.3261802575107
 21
512.4000000000002
 31
0.0
  0
TEXT
  5
FE0
330
17
100
AcDbEntity
  8
42-TABLO
100
AcDbText
 10
2290.5042918454933
 20
515.8000000000002
 30
0.0
 40
2.4
  1
0,89
  7
TRK
 72
1
 11
2290.5042918454933
 21
515.8000000000002
 31
0.0
100
AcDbText
 73
2
  0
LINE
  5
FE1
330
17
100
AcDbEntity
  8
42-TABLO
100
AcDbLine
 10
2317.682403433476
 20
519.2000000000002
 30
0.0
 11
2317.682403433476
 21
512.4000000000002
 31
0.0
  0
TEXT
  5
FE2
330
17
100
AcDbEntity
  8
42-TABLO
100
AcDbText
 10
2343.261802575107
 20
515.8000000000002
 30
0.0
 40
2.4
  1
1,06
  7
TRK
 72
1
 11
2343.261802575107
 21
515.8000000000002
 31
0.0
100
AcDbText
 73
2
  0
LINE
  5
FE3
330
17
100
AcDbEntity
  8
42-TABLO
100
AcDbLine
 10
2368.841201716738
 20
519.2000000000002
 30
0.0
 11
2368.841201716738
 21
512.4000000000002
 31
0.0
  0
TEXT
  5
FE4
330
17
100
AcDbEntity
  8
42-TABLO
100
AcDbText
 10
2394.4206008583687
 20
515.8000000000002
 30
0.0
 40
2.4
  1
0,40
  7
TRK
 72
1
 11
2394.4206008583687
 21
515.8000000000002
 31
0.0
100
AcDbText
 73
2
  0
LINE
  5
FE5
330
17
100
AcDbEntity
  8
42-TABLO
100
AcDbLine
 10
2420.0
 20
519.2000000000002
 30
0.0
 11
2420.0
 21
512.4000000000002
 31
0.0
  0
LINE
  5
FE6
330
17
100
AcDbEntity
  8
42-TABLO
100
AcDbLine
 10
1675.0
 20
512.4000000000002
 30
0.0
 11
2420.0
 21
512.4000000000002
 31
0.0
  0
TEXT
  5
FE7
330
17
100
AcDbEntity
  8
42-TABLO
100
AcDbText
 10
1689.3884120171674
 20
509.0000000000002
 30
0.0
 40
2.4
  1

  7
TRK
 72
1
 11
1689.3884120171674
 21
509.0000000000002
 31
0.0
100
AcDbText
 73
2
  0
LINE
  5
FE8
330
17
100
AcDbEntity
  8
42-TABLO
100
AcDbLine
 10
1703.7768240343348
 20
512.4000000000002
 30
0.0
 11
1703.7768240343348
 21
505.6000000000002
 31
0.0
  0
TEXT
  5
FE9
330
17
100
AcDbEntity
  8
42-TABLO
100
AcDbText
 10
1729.3562231759656
 20
509.0000000000002
 30
0.0
 40
2.4
  1

  7
TRK
 72
1
 11
1729.3562231759656
 21
509.0000000000002
 31
0.0
100
AcDbText
 73
2
  0
LINE
  5
FEA
330
17
100
AcDbEntity
  8
42-TABLO
100
AcDbLine
 10
1754.9356223175964
 20
512.4000000000002
 30
0.0
 11
1754.9356223175964
 21
505.6000000000002
 31
0.0
  0
TEXT
  5
FEB
330
17
100
AcDbEntity
  8
42-TABLO
100
AcDbText
 10
1778.9163090128754
 20
509.0000000000002
 30
0.0
 40
2.4
  1

  7
TRK
 72
1
 11
1778.9163090128754
 21
509.0000000000002
 31
0.0
100
AcDbText
 73
2
  0
LINE
  5
FEC
330
17
100
AcDbEntity
  8
42-TABLO
100
AcDbLine
 10
1802.8969957081545
 20
512.4000000000002
 30
0.0
 11
1802.8969957081545
 21
505.6000000000002
 31
0.0
  0
TEXT
  5
FED
330
17
100
AcDbEntity
  8
42-TABLO
100
AcDbText
 10
1833.272532188841
 20
509.0000000000002
 30
0.0
 40
2.4
  1

  7
TRK
 72
1
 11
1833.272532188841
 21
509.0000000000002
 31
0.0
100
AcDbText
 73
2
  0
LINE
  5
FEE
330
17
100
AcDbEntity
  8
42-TABLO
100
AcDbLine
 10
1863.648068669528
 20
512.4000000000002
 30
0.0
 11
1863.648068669528
 21
505.6000000000002
 31
0.0
  0
TEXT
  5
FEF
330
17
100
AcDbEntity
  8
42-TABLO
100
AcDbText
 10
1890.8261802575107
 20
509.0000000000002
 30
0.0
 40
2.4
  1

  7
TRK
 72
1
 11
1890.8261802575107
 21
509.0000000000002
 31
0.0
100
AcDbText
 73
2
  0
LINE
  5
FF0
330
17
100
AcDbEntity
  8
42-TABLO
100
AcDbLine
 10
1918.0042918454935
 20
512.4000000000002
 30
0.0
 11
1918.0042918454935
 21
505.6000000000002
 31
0.0
  0
TEXT
  5
FF1
330
17
100
AcDbEntity
  8
42-TABLO
100
AcDbText
 10
1945.1824034334763
 20
509.0000000000002
 30
0.0
 40
2.4
  1

  7
TRK
 72
1
 11
1945.1824034334763
 21
509.0000000000002
 31
0.0
100
AcDbText
 73
2
  0
LINE
  5
FF2
330
17
100
AcDbEntity
  8
42-TABLO
100
AcDbLine
 10
1972.3605150214592
 20
512.4000000000002
 30
0.0
 11
1972.3605150214592
 21
505.6000000000002
 31
0.0
  0
TEXT
  5
FF3
330
17
100
AcDbEntity
  8
42-TABLO
100
AcDbText
 10
1999.538626609442
 20
509.0000000000002
 30
0.0
 40
2.4
  1

  7
TRK
 72
1
 11
1999.538626609442
 21
509.0000000000002
 31
0.0
100
AcDbText
 73
2
  0
LINE
  5
FF4
330
17
100
AcDbEntity
  8
42-TABLO
100
AcDbLine
 10
2026.7167381974248
 20
512.4000000000002
 30
0.0
 11
2026.7167381974248
 21
505.6000000000002
 31
0.0
  0
TEXT
  5
FF5
330
17
100
AcDbEntity
  8
42-TABLO
100
AcDbText
 10
2053.8948497854076
 20
509.0000000000002
 30
0.0
 40
2.4
  1

  7
TRK
 72
1
 11
2053.8948497854076
 21
509.0000000000002
 31
0.0
100
AcDbText
 73
2
  0
LINE
  5
FF6
330
17
100
AcDbEntity
  8
42-TABLO
100
AcDbLine
 10
2081.07296137339
 20
512.4000000000002
 30
0.0
 11
2081.07296137339
 21
505.6000000000002
 31
0.0
  0
TEXT
  5
FF7
330
17
100
AcDbEntity
  8
42-TABLO
100
AcDbText
 10
2108.251072961373
 20
509.0000000000002
 30
0.0
 40
2.4
  1

  7
TRK
 72
1
 11
2108.251072961373
 21
509.0000000000002
 31
0.0
100
AcDbText
 73
2
  0
LINE
  5
FF8
330
17
100
AcDbEntity
  8
42-TABLO
100
AcDbLine
 10
2135.4291845493563
 20
512.4000000000002
 30
0.0
 11
2135.4291845493563
 21
505.6000000000002
 31
0.0
  0
TEXT
  5
FF9
330
17
100
AcDbEntity
  8
42-TABLO
100
AcDbText
 10
2156.2124463519312
 20
509.0000000000002
 30
0.0
 40
2.4
  1

  7
TRK
 72
1
 11
2156.2124463519312
 21
509.0000000000002
 31
0.0
100
AcDbText
 73
2
  0
LINE
  5
FFA
330
17
100
AcDbEntity
  8
42-TABLO
100
AcDbLine
 10
2176.9957081545062
 20
512.4000000000002
 30
0.0
 11
2176.9957081545062
 21
505.6000000000002
 31
0.0
  0
TEXT
  5
FFB
330
17
100
AcDbEntity
  8
42-TABLO
100
AcDbText
 10
2200.9763948497853
 20
509.0000000000002
 30
0.0
 40
2.4
  1
D3-D4
  7
TRK
 72
1
 11
2200.9763948497853
 21
509.0000000000002
 31
0.0
100
AcDbText
 73
2
  0
LINE
  5
FFC
330
17
100
AcDbEntity
  8
42-TABLO
100
AcDbLine
 10
2224.9570815450643
 20
512.4000000000002
 30
0.0
 11
2224.9570815450643
 21
505.6000000000002
 31
0.0
  0
TEXT
  5
FFD
330
17
100
AcDbEntity
  8
42-TABLO
100
AcDbText
 10
2244.1416309012875
 20
509.0000000000002
 30
0.0
 40
2.4
  1
50,0
  7
TRK
 72
1
 11
2244.1416309012875
 21
509.0000000000002
 31
0.0
100
AcDbText
 73
2
  0
LINE
  5
FFE
330
17
100
AcDbEntity
  8
42-TABLO
100
AcDbLine
 10
2263.3261802575107
 20
512.4000000000002
 30
0.0
 11
2263.3261802575107
 21
505.6000000000002
 31
0.0
  0
TEXT
  5
FFF
330
17
100
AcDbEntity
  8
42-TABLO
100
AcDbText
 10
2290.5042918454933
 20
509.0000000000002
 30
0.0
 40
2.4
  1
0,89
  7
TRK
 72
1
 11
2290.5042918454933
 21
509.0000000000002
 31
0.0
100
AcDbText
 73
2
  0
LINE
  5
1000
330
17
100
AcDbEntity
  8
42-TABLO
100
AcDbLine
 10
2317.682403433476
 20
512.4000000000002
 30
0.0
 11
2317.682403433476
 21
505.6000000000002
 31
0.0
  0
TEXT
  5
1001
330
17
100
AcDbEntity
  8
42-TABLO
100
AcDbText
 10
2343.261802575107
 20
509.0000000000002
 30
0.0
 40
2.4
  1
1,06
  7
TRK
 72
1
 11
2343.261802575107
 21
509.0000000000002
 31
0.0
100
AcDbText
 73
2
  0
LINE
  5
1002
330
17
100
AcDbEntity
  8
42-TABLO
100
AcDbLine
 10
2368.841201716738
 20
512.4000000000002
 30
0.0
 11
2368.841201716738
 21
505.6000000000002
 31
0.0
  0
TEXT
  5
1003
330
17
100
AcDbEntity
  8
42-TABLO
100
AcDbText
 10
2394.4206008583687
 20
509.0000000000002
 30
0.0
 40
2.4
  1
0,40
  7
TRK
 72
1
 11
2394.4206008583687
 21
509.0000000000002
 31
0.0
100
AcDbText
 73
2
  0
LINE
  5
1004
330
17
100
AcDbEntity
  8
42-TABLO
100
AcDbLine
 10
2420.0
 20
512.4000000000002
 30
0.0
 11
2420.0
 21
505.6000000000002
 31
0.0
  0
LINE
  5
1005
330
17
100
AcDbEntity
  8
42-TABLO
100
AcDbLine
 10
1675.0
 20
505.6000000000002
 30
0.0
 11
2420.0
 21
505.6000000000002
 31
0.0
  0
TEXT
  5
1006
330
17
100
AcDbEntity
  8
42-TABLO
100
AcDbText
 10
1689.3884120171674
 20
502.2000000000002
 30
0.0
 40
2.4
  1

  7
TRK
 72
1
 11
1689.3884120171674
 21
502.2000000000002
 31
0.0
100
AcDbText
 73
2
  0
LINE
  5
1007
330
17
100
AcDbEntity
  8
42-TABLO
100
AcDbLine
 10
1703.7768240343348
 20
505.6000000000002
 30
0.0
 11
1703.7768240343348
 21
498.8000000000002
 31
0.0
  0
TEXT
  5
1008
330
17
100
AcDbEntity
  8
42-TABLO
100
AcDbText
 10
1729.3562231759656
 20
502.2000000000002
 30
0.0
 40
2.4
  1

  7
TRK
 72
1
 11
1729.3562231759656
 21
502.2000000000002
 31
0.0
100
AcDbText
 73
2
  0
LINE
  5
1009
330
17
100
AcDbEntity
  8
42-TABLO
100
AcDbLine
 10
1754.9356223175964
 20
505.6000000000002
 30
0.0
 11
1754.9356223175964
 21
498.8000000000002
 31
0.0
  0
TEXT
  5
100A
330
17
100
AcDbEntity
  8
42-TABLO
100
AcDbText
 10
1778.9163090128754
 20
502.2000000000002
 30
0.0
 40
2.4
  1

  7
TRK
 72
1
 11
1778.9163090128754
 21
502.2000000000002
 31
0.0
100
AcDbText
 73
2
  0
LINE
  5
100B
330
17
100
AcDbEntity
  8
42-TABLO
100
AcDbLine
 10
1802.8969957081545
 20
505.6000000000002
 30
0.0
 11
1802.8969957081545
 21
498.8000000000002
 31
0.0
  0
TEXT
  5
100C
330
17
100
AcDbEntity
  8
42-TABLO
100
AcDbText
 10
1833.272532188841
 20
502.2000000000002
 30
0.0
 40
2.4
  1

  7
TRK
 72
1
 11
1833.272532188841
 21
502.2000000000002
 31
0.0
100
AcDbText
 73
2
  0
LINE
  5
100D
330
17
100
AcDbEntity
  8
42-TABLO
100
AcDbLine
 10
1863.648068669528
 20
505.6000000000002
 30
0.0
 11
1863.648068669528
 21
498.8000000000002
 31
0.0
  0
TEXT
  5
100E
330
17
100
AcDbEntity
  8
42-TABLO
100
AcDbText
 10
1890.8261802575107
 20
502.2000000000002
 30
0.0
 40
2.4
  1

  7
TRK
 72
1
 11
1890.8261802575107
 21
502.2000000000002
 31
0.0
100
AcDbText
 73
2
  0
LINE
  5
100F
330
17
100
AcDbEntity
  8
42-TABLO
100
AcDbLine
 10
1918.0042918454935
 20
505.6000000000002
 30
0.0
 11
1918.0042918454935
 21
498.8000000000002
 31
0.0
  0
TEXT
  5
1010
330
17
100
AcDbEntity
  8
42-TABLO
100
AcDbText
 10
1945.1824034334763
 20
502.2000000000002
 30
0.0
 40
2.4
  1

  7
TRK
 72
1
 11
1945.1824034334763
 21
502.2000000000002
 31
0.0
100
AcDbText
 73
2
  0
LINE
  5
1011
330
17
100
AcDbEntity
  8
42-TABLO
100
AcDbLine
 10
1972.3605150214592
 20
505.6000000000002
 30
0.0
 11
1972.3605150214592
 21
498.8000000000002
 31
0.0
  0
TEXT
  5
1012
330
17
100
AcDbEntity
  8
42-TABLO
100
AcDbText
 10
1999.538626609442
 20
502.2000000000002
 30
0.0
 40
2.4
  1

  7
TRK
 72
1
 11
1999.538626609442
 21
502.2000000000002
 31
0.0
100
AcDbText
 73
2
  0
LINE
  5
1013
330
17
100
AcDbEntity
  8
42-TABLO
100
AcDbLine
 10
2026.7167381974248
 20
505.6000000000002
 30
0.0
 11
2026.7167381974248
 21
498.8000000000002
 31
0.0
  0
TEXT
  5
1014
330
17
100
AcDbEntity
  8
42-TABLO
100
AcDbText
 10
2053.8948497854076
 20
502.2000000000002
 30
0.0
 40
2.4
  1

  7
TRK
 72
1
 11
2053.8948497854076
 21
502.2000000000002
 31
0.0
100
AcDbText
 73
2
  0
LINE
  5
1015
330
17
100
AcDbEntity
  8
42-TABLO
100
AcDbLine
 10
2081.07296137339
 20
505.6000000000002
 30
0.0
 11
2081.07296137339
 21
498.8000000000002
 31
0.0
  0
TEXT
  5
1016
330
17
100
AcDbEntity
  8
42-TABLO
100
AcDbText
 10
2108.251072961373
 20
502.2000000000002
 30
0.0
 40
2.4
  1

  7
TRK
 72
1
 11
2108.251072961373
 21
502.2000000000002
 31
0.0
100
AcDbText
 73
2
  0
LINE
  5
1017
330
17
100
AcDbEntity
  8
42-TABLO
100
AcDbLine
 10
2135.4291845493563
 20
505.6000000000002
 30
0.0
 11
2135.4291845493563
 21
498.8000000000002
 31
0.0
  0
TEXT
  5
1018
330
17
100
AcDbEntity
  8
42-TABLO
100
AcDbText
 10
2156.2124463519312
 20
502.2000000000002
 30
0.0
 40
2.4
  1

  7
TRK
 72
1
 11
2156.2124463519312
 21
502.2000000000002
 31
0.0
100
AcDbText
 73
2
  0
LINE
  5
1019
330
17
100
AcDbEntity
  8
42-TABLO
100
AcDbLine
 10
2176.9957081545062
 20
505.6000000000002
 30
0.0
 11
2176.9957081545062
 21
498.8000000000002
 31
0.0
  0
TEXT
  5
101A
330
17
100
AcDbEntity
  8
42-TABLO
100
AcDbText
 10
2200.9763948497853
 20
502.2000000000002
 30
0.0
 40
2.4
  1
D4-D5
  7
TRK
 72
1
 11
2200.9763948497853
 21
502.2000000000002
 31
0.0
100
AcDbText
 73
2
  0
LINE
  5
101B
330
17
100
AcDbEntity
  8
42-TABLO
100
AcDbLine
 10
2224.9570815450643
 20
505.6000000000002
 30
0.0
 11
2224.9570815450643
 21
498.8000000000002
 31
0.0
  0
TEXT
  5
101C
330
17
100
AcDbEntity
  8
42-TABLO
100
AcDbText
 10
2244.1416309012875
 20
502.2000000000002
 30
0.0
 40
2.4
  1
50,0
  7
TRK
 72
1
 11
2244.1416309012875
 21
502.2000000000002
 31
0.0
100
AcDbText
 73
2
  0
LINE
  5
101D
330
17
100
AcDbEntity
  8
42-TABLO
100
AcDbLine
 10
2263.3261802575107
 20
505.6000000000002
 30
0.0
 11
2263.3261802575107
 21
498.8000000000002
 31
0.0
  0
TEXT
  5
101E
330
17
100
AcDbEntity
  8
42-TABLO
100
AcDbText
 10
2290.5042918454933
 20
502.2000000000002
 30
0.0
 40
2.4
  1
0,89
  7
TRK
 72
1
 11
2290.5042918454933
 21
502.2000000000002
 31
0.0
100
AcDbText
 73
2
  0
LINE
  5
101F
330
17
100
AcDbEntity
  8
42-TABLO
100
AcDbLine
 10
2317.682403433476
 20
505.6000000000002
 30
0.0
 11
2317.682403433476
 21
498.8000000000002
 31
0.0
  0
TEXT
  5
1020
330
17
100
AcDbEntity
  8
42-TABLO
100
AcDbText
 10
2343.261802575107
 20
502.2000000000002
 30
0.0
 40
2.4
  1
1,06
  7
TRK
 72
1
 11
2343.261802575107
 21
502.2000000000002
 31
0.0
100
AcDbText
 73
2
  0
LINE
  5
1021
330
17
100
AcDbEntity
  8
42-TABLO
100
AcDbLine
 10
2368.841201716738
 20
505.6000000000002
 30
0.0
 11
2368.841201716738
 21
498.8000000000002
 31
0.0
  0
TEXT
  5
1022
330
17
100
AcDbEntity
  8
42-TABLO
100
AcDbText
 10
2394.4206008583687
 20
502.2000000000002
 30
0.0
 40
2.4
  1
0,40
  7
TRK
 72
1
 11
2394.4206008583687
 21
502.2000000000002
 31
0.0
100
AcDbText
 73
2
  0
LINE
  5
1023
330
17
100
AcDbEntity
  8
42-TABLO
100
AcDbLine
 10
2420.0
 20
505.6000000000002
 30
0.0
 11
2420.0
 21
498.8000000000002
 31
0.0
  0
LINE
  5
1024
330
17
100
AcDbEntity
  8
42-TABLO
100
AcDbLine
 10
1675.0
 20
498.8000000000002
 30
0.0
 11
2420.0
 21
498.8000000000002
 31
0.0
  0
TEXT
  5
1025
330
17
100
AcDbEntity
  8
42-TABLO
100
AcDbText
 10
1689.3884120171674
 20
495.4000000000002
 30
0.0
 40
2.4
  1
OG
  7
TRK
 72
1
 11
1689.3884120171674
 21
495.4000000000002
 31
0.0
100
AcDbText
 73
2
  0
LINE
  5
1026
330
17
100
AcDbEntity
  8
42-TABLO
100
AcDbLine
 10
1703.7768240343348
 20
498.8000000000002
 30
0.0
 11
1703.7768240343348
 21
492.00000000000017
 31
0.0
  0
TEXT
  5
1027
330
17
100
AcDbEntity
  8
42-TABLO
100
AcDbText
 10
1729.3562231759656
 20
495.4000000000002
 30
0.0
 40
2.4
  1
D5-D6
  7
TRK
 72
1
 11
1729.3562231759656
 21
495.4000000000002
 31
0.0
100
AcDbText
 73
2
  0
LINE
  5
1028
330
17
100
AcDbEntity
  8
42-TABLO
100
AcDbLine
 10
1754.9356223175964
 20
498.8000000000002
 30
0.0
 11
1754.9356223175964
 21
492.00000000000017
 31
0.0
  0
TEXT
  5
1029
330
17
100
AcDbEntity
  8
42-TABLO
100
AcDbText
 10
1778.9163090128754
 20
495.4000000000002
 30
0.0
 40
2.4
  1
45,0
  7
TRK
 72
1
 11
1778.9163090128754
 21
495.4000000000002
 31
0.0
100
AcDbText
 73
2
  0
LINE
  5
102A
330
17
100
AcDbEntity
  8
42-TABLO
100
AcDbLine
 10
1802.8969957081545
 20
498.8000000000002
 30
0.0
 11
1802.8969957081545
 21
492.00000000000017
 31
0.0
  0
TEXT
  5
102B
330
17
100
AcDbEntity
  8
42-TABLO
100
AcDbText
 10
1833.272532188841
 20
495.4000000000002
 30
0.0
 40
2.4
  1
-5°C+buz
  7
TRK
 72
1
 11
1833.272532188841
 21
495.4000000000002
 31
0.0
100
AcDbText
 73
2
  0
LINE
  5
102C
330
17
100
AcDbEntity
  8
42-TABLO
100
AcDbLine
 10
1863.648068669528
 20
498.8000000000002
 30
0.0
 11
1863.648068669528
 21
492.00000000000017
 31
0.0
  0
TEXT
  5
102D
330
17
100
AcDbEntity
  8
42-TABLO
100
AcDbText
 10
1890.8261802575107
 20
495.4000000000002
 30
0.0
 40
2.4
  1
328,8
  7
TRK
 72
1
 11
1890.8261802575107
 21
495.4000000000002
 31
0.0
100
AcDbText
 73
2
  0
LINE
  5
102E
330
17
100
AcDbEntity
  8
42-TABLO
100
AcDbLine
 10
1918.0042918454935
 20
498.8000000000002
 30
0.0
 11
1918.0042918454935
 21
492.00000000000017
 31
0.0
  0
TEXT
  5
102F
330
17
100
AcDbEntity
  8
42-TABLO
100
AcDbText
 10
1945.1824034334763
 20
495.4000000000002
 30
0.0
 40
2.4
  1
496,5
  7
TRK
 72
1
 11
1945.1824034334763
 21
495.4000000000002
 31
0.0
100
AcDbText
 73
2
  0
LINE
  5
1030
330
17
100
AcDbEntity
  8
42-TABLO
100
AcDbLine
 10
1972.3605150214592
 20
498.8000000000002
 30
0.0
 11
1972.3605150214592
 21
492.00000000000017
 31
0.0
  0
TEXT
  5
1031
330
17
100
AcDbEntity
  8
42-TABLO
100
AcDbText
 10
1999.538626609442
 20
495.4000000000002
 30
0.0
 40
2.4
  1
267,6
  7
TRK
 72
1
 11
1999.538626609442
 21
495.4000000000002
 31
0.0
100
AcDbText
 73
2
  0
LINE
  5
1032
330
17
100
AcDbEntity
  8
42-TABLO
100
AcDbLine
 10
2026.7167381974248
 20
498.8000000000002
 30
0.0
 11
2026.7167381974248
 21
492.00000000000017
 31
0.0
  0
TEXT
  5
1033
330
17
100
AcDbEntity
  8
42-TABLO
100
AcDbText
 10
2053.8948497854076
 20
495.4000000000002
 30
0.0
 40
2.4
  1
128,5
  7
TRK
 72
1
 11
2053.8948497854076
 21
495.4000000000002
 31
0.0
100
AcDbText
 73
2
  0
LINE
  5
1034
330
17
100
AcDbEntity
  8
42-TABLO
100
AcDbLine
 10
2081.07296137339
 20
498.8000000000002
 30
0.0
 11
2081.07296137339
 21
492.00000000000017
 31
0.0
  0
TEXT
  5
1035
330
17
100
AcDbEntity
  8
42-TABLO
100
AcDbText
 10
2108.251072961373
 20
495.4000000000002
 30
0.0
 40
2.4
  1
97,8
  7
TRK
 72
1
 11
2108.251072961373
 21
495.4000000000002
 31
0.0
100
AcDbText
 73
2
  0
LINE
  5
1036
330
17
100
AcDbEntity
  8
42-TABLO
100
AcDbLine
 10
2135.4291845493563
 20
498.8000000000002
 30
0.0
 11
2135.4291845493563
 21
492.00000000000017
 31
0.0
  0
TEXT
  5
1037
330
17
100
AcDbEntity
  8
42-TABLO
100
AcDbText
 10
2156.2124463519312
 20
495.4000000000002
 30
0.0
 40
2.4
  1
%4.3
  7
TRK
 72
1
 11
2156.2124463519312
 21
495.4000000000002
 31
0.0
100
AcDbText
 73
2
  0
LINE
  5
1038
330
17
100
AcDbEntity
  8
42-TABLO
100
AcDbLine
 10
2176.9957081545062
 20
498.8000000000002
 30
0.0
 11
2176.9957081545062
 21
492.00000000000017
 31
0.0
  0
TEXT
  5
1039
330
17
100
AcDbEntity
  8
42-TABLO
100
AcDbText
 10
2200.9763948497853
 20
495.4000000000002
 30
0.0
 40
2.4
  1
D5-D6
  7
TRK
 72
1
 11
2200.9763948497853
 21
495.4000000000002
 31
0.0
100
AcDbText
 73
2
  0
LINE
  5
103A
330
17
100
AcDbEntity
  8
42-TABLO
100
AcDbLine
 10
2224.9570815450643
 20
498.8000000000002
 30
0.0
 11
2224.9570815450643
 21
492.00000000000017
 31
0.0
  0
TEXT
  5
103B
330
17
100
AcDbEntity
  8
42-TABLO
100
AcDbText
 10
2244.1416309012875
 20
495.4000000000002
 30
0.0
 40
2.4
  1
45,0
  7
TRK
 72
1
 11
2244.1416309012875
 21
495.4000000000002
 31
0.0
100
AcDbText
 73
2
  0
LINE
  5
103C
330
17
100
AcDbEntity
  8
42-TABLO
100
AcDbLine
 10
2263.3261802575107
 20
498.8000000000002
 30
0.0
 11
2263.3261802575107
 21
492.00000000000017
 31
0.0
  0
TEXT
  5
103D
330
17
100
AcDbEntity
  8
42-TABLO
100
AcDbText
 10
2290.5042918454933
 20
495.4000000000002
 30
0.0
 40
2.4
  1
0,72
  7
TRK
 72
1
 11
2290.5042918454933
 21
495.4000000000002
 31
0.0
100
AcDbText
 73
2
  0
LINE
  5
103E
330
17
100
AcDbEntity
  8
42-TABLO
100
AcDbLine
 10
2317.682403433476
 20
498.8000000000002
 30
0.0
 11
2317.682403433476
 21
492.00000000000017
 31
0.0
  0
TEXT
  5
103F
330
17
100
AcDbEntity
  8
42-TABLO
100
AcDbText
 10
2343.261802575107
 20
495.4000000000002
 30
0.0
 40
2.4
  1
0,89
  7
TRK
 72
1
 11
2343.261802575107
 21
495.4000000000002
 31
0.0
100
AcDbText
 73
2
  0
LINE
  5
1040
330
17
100
AcDbEntity
  8
42-TABLO
100
AcDbLine
 10
2368.841201716738
 20
498.8000000000002
 30
0.0
 11
2368.841201716738
 21
492.00000000000017
 31
0.0
  0
TEXT
  5
1041
330
17
100
AcDbEntity
  8
42-TABLO
100
AcDbText
 10
2394.4206008583687
 20
495.4000000000002
 30
0.0
 40
2.4
  1
0,26
  7
TRK
 72
1
 11
2394.4206008583687
 21
495.4000000000002
 31
0.0
100
AcDbText
 73
2
  0
LINE
  5
1042
330
17
100
AcDbEntity
  8
42-TABLO
100
AcDbLine
 10
2420.0
 20
498.8000000000002
 30
0.0
 11
2420.0
 21
492.00000000000017
 31
0.0
  0
LINE
  5
1043
330
17
100
AcDbEntity
  8
42-TABLO
100
AcDbLine
 10
1675.0
 20
492.00000000000017
 30
0.0
 11
2420.0
 21
492.00000000000017
 31
0.0
  0
TEXT
  5
1044
330
17
100
AcDbEntity
  8
42-TABLO
100
AcDbText
 10
1689.3884120171674
 20
488.6000000000002
 30
0.0
 40
2.4
  1
AG
  7
TRK
 72
1
 11
1689.3884120171674
 21
488.6000000000002
 31
0.0
100
AcDbText
 73
2
  0
LINE
  5
1045
330
17
100
AcDbEntity
  8
42-TABLO
100
AcDbLine
 10
1703.7768240343348
 20
492.00000000000017
 30
0.0
 11
1703.7768240343348
 21
485.20000000000016
 31
0.0
  0
TEXT
  5
1046
330
17
100
AcDbEntity
  8
42-TABLO
100
AcDbText
 10
1729.3562231759656
 20
488.6000000000002
 30
0.0
 40
2.4
  1
D1-D2
  7
TRK
 72
1
 11
1729.3562231759656
 21
488.6000000000002
 31
0.0
100
AcDbText
 73
2
  0
LINE
  5
1047
330
17
100
AcDbEntity
  8
42-TABLO
100
AcDbLine
 10
1754.9356223175964
 20
492.00000000000017
 30
0.0
 11
1754.9356223175964
 21
485.20000000000016
 31
0.0
  0
TEXT
  5
1048
330
17
100
AcDbEntity
  8
42-TABLO
100
AcDbText
 10
1778.9163090128754
 20
488.6000000000002
 30
0.0
 40
2.4
  1
45,0
  7
TRK
 72
1
 11
1778.9163090128754
 21
488.6000000000002
 31
0.0
100
AcDbText
 73
2
  0
LINE
  5
1049
330
17
100
AcDbEntity
  8
42-TABLO
100
AcDbLine
 10
1802.8969957081545
 20
492.00000000000017
 30
0.0
 11
1802.8969957081545
 21
485.20000000000016
 31
0.0
  0
TEXT
  5
104A
330
17
100
AcDbEntity
  8
42-TABLO
100
AcDbText
 10
1833.272532188841
 20
488.6000000000002
 30
0.0
 40
2.4
  1
-5°C+buz
  7
TRK
 72
1
 11
1833.272532188841
 21
488.6000000000002
 31
0.0
100
AcDbText
 73
2
  0
LINE
  5
104B
330
17
100
AcDbEntity
  8
42-TABLO
100
AcDbLine
 10
1863.648068669528
 20
492.00000000000017
 30
0.0
 11
1863.648068669528
 21
485.20000000000016
 31
0.0
  0
TEXT
  5
104C
330
17
100
AcDbEntity
  8
42-TABLO
100
AcDbText
 10
1890.8261802575107
 20
488.6000000000002
 30
0.0
 40
2.4
  1
370,8
  7
TRK
 72
1
 11
1890.8261802575107
 21
488.6000000000002
 31
0.0
100
AcDbText
 73
2
  0
LINE
  5
104D
330
17
100
AcDbEntity
  8
42-TABLO
100
AcDbLine
 10
1918.0042918454935
 20
492.00000000000017
 30
0.0
 11
1918.0042918454935
 21
485.20000000000016
 31
0.0
  0
TEXT
  5
104E
330
17
100
AcDbEntity
  8
42-TABLO
100
AcDbText
 10
1945.1824034334763
 20
488.6000000000002
 30
0.0
 40
2.4
  1
650,0
  7
TRK
 72
1
 11
1945.1824034334763
 21
488.6000000000002
 31
0.0
100
AcDbText
 73
2
  0
LINE
  5
104F
330
17
100
AcDbEntity
  8
42-TABLO
100
AcDbLine
 10
1972.3605150214592
 20
492.00000000000017
 30
0.0
 11
1972.3605150214592
 21
485.20000000000016
 31
0.0
  0
TEXT
  5
1050
330
17
100
AcDbEntity
  8
42-TABLO
100
AcDbText
 10
1999.538626609442
 20
488.6000000000002
 30
0.0
 40
2.4
  1
480,4
  7
TRK
 72
1
 11
1999.538626609442
 21
488.6000000000002
 31
0.0
100
AcDbText
 73
2
  0
LINE
  5
1051
330
17
100
AcDbEntity
  8
42-TABLO
100
AcDbLine
 10
2026.7167381974248
 20
492.00000000000017
 30
0.0
 11
2026.7167381974248
 21
485.20000000000016
 31
0.0
  0
TEXT
  5
1052
330
17
100
AcDbEntity
  8
42-TABLO
100
AcDbText
 10
2053.8948497854076
 20
488.6000000000002
 30
0.0
 40
2.4
  1
285,2
  7
TRK
 72
1
 11
2053.8948497854076
 21
488.6000000000002
 31
0.0
100
AcDbText
 73
2
  0
LINE
  5
1053
330
17
100
AcDbEntity
  8
42-TABLO
100
AcDbLine
 10
2081.07296137339
 20
492.00000000000017
 30
0.0
 11
2081.07296137339
 21
485.20000000000016
 31
0.0
  0
TEXT
  5
1054
330
17
100
AcDbEntity
  8
42-TABLO
100
AcDbText
 10
2108.251072961373
 20
488.6000000000002
 30
0.0
 40
2.4
  1
251,8
  7
TRK
 72
1
 11
2108.251072961373
 21
488.6000000000002
 31
0.0
100
AcDbText
 73
2
  0
LINE
  5
1055
330
17
100
AcDbEntity
  8
42-TABLO
100
AcDbLine
 10
2135.4291845493563
 20
492.00000000000017
 30
0.0
 11
2135.4291845493563
 21
485.20000000000016
 31
0.0
  0
TEXT
  5
1056
330
17
100
AcDbEntity
  8
42-TABLO
100
AcDbText
 10
2156.2124463519312
 20
488.6000000000002
 30
0.0
 40
2.4
  1
%13.6
  7
TRK
 72
1
 11
2156.2124463519312
 21
488.6000000000002
 31
0.0
100
AcDbText
 73
2
  0
LINE
  5
1057
330
17
100
AcDbEntity
  8
42-TABLO
100
AcDbLine
 10
2176.9957081545062
 20
492.00000000000017
 30
0.0
 11
2176.9957081545062
 21
485.20000000000016
 31
0.0
  0
TEXT
  5
1058
330
17
100
AcDbEntity
  8
42-TABLO
100
AcDbText
 10
2200.9763948497853
 20
488.6000000000002
 30
0.0
 40
2.4
  1
D1-D2
  7
TRK
 72
1
 11
2200.9763948497853
 21
488.6000000000002
 31
0.0
100
AcDbText
 73
2
  0
LINE
  5
1059
330
17
100
AcDbEntity
  8
42-TABLO
100
AcDbLine
 10
2224.9570815450643
 20
492.00000000000017
 30
0.0
 11
2224.9570815450643
 21
485.20000000000016
 31
0.0
  0
TEXT
  5
105A
330
17
100
AcDbEntity
  8
42-TABLO
100
AcDbText
 10
2244.1416309012875
 20
488.6000000000002
 30
0.0
 40
2.4
  1
45,0
  7
TRK
 72
1
 11
2244.1416309012875
 21
488.6000000000002
 31
0.0
100
AcDbText
 73
2
  0
LINE
  5
105B
330
17
100
AcDbEntity
  8
42-TABLO
100
AcDbLine
 10
2263.3261802575107
 20
492.00000000000017
 30
0.0
 11
2263.3261802575107
 21
485.20000000000016
 31
0.0
  0
TEXT
  5
105C
330
17
100
AcDbEntity
  8
42-TABLO
100
AcDbText
 10
2290.5042918454933
 20
488.6000000000002
 30
0.0
 40
2.4
  1
1,28
  7
TRK
 72
1
 11
2290.5042918454933
 21
488.6000000000002
 31
0.0
100
AcDbText
 73
2
  0
LINE
  5
105D
330
17
100
AcDbEntity
  8
42-TABLO
100
AcDbLine
 10
2317.682403433476
 20
492.00000000000017
 30
0.0
 11
2317.682403433476
 21
485.20000000000016
 31
0.0
  0
TEXT
  5
105E
330
17
100
AcDbEntity
  8
42-TABLO
100
AcDbText
 10
2343.261802575107
 20
488.6000000000002
 30
0.0
 40
2.4
  1
1,31
  7
TRK
 72
1
 11
2343.261802575107
 21
488.6000000000002
 31
0.0
100
AcDbText
 73
2
  0
LINE
  5
105F
330
17
100
AcDbEntity
  8
42-TABLO
100
AcDbLine
 10
2368.841201716738
 20
492.00000000000017
 30
0.0
 11
2368.841201716738
 21
485.20000000000016
 31
0.0
  0
TEXT
  5
1060
330
17
100
AcDbEntity
  8
42-TABLO
100
AcDbText
 10
2394.4206008583687
 20
488.6000000000002
 30
0.0
 40
2.4
  1
0,89
  7
TRK
 72
1
 11
2394.4206008583687
 21
488.6000000000002
 31
0.0
100
AcDbText
 73
2
  0
LINE
  5
1061
330
17
100
AcDbEntity
  8
42-TABLO
100
AcDbLine
 10
2420.0
 20
492.00000000000017
 30
0.0
 11
2420.0
 21
485.20000000000016
 31
0.0
  0
LINE
  5
1062
330
17
100
AcDbEntity
  8
42-TABLO
100
AcDbLine
 10
1675.0
 20
485.20000000000016
 30
0.0
 11
2420.0
 21
485.20000000000016
 31
0.0
  0
TEXT
  5
1063
330
17
100
AcDbEntity
  8
42-TABLO
100
AcDbText
 10
1689.3884120171674
 20
481.8000000000002
 30
0.0
 40
2.4
  1
AG
  7
TRK
 72
1
 11
1689.3884120171674
 21
481.8000000000002
 31
0.0
100
AcDbText
 73
2
  0
LINE
  5
1064
330
17
100
AcDbEntity
  8
42-TABLO
100
AcDbLine
 10
1703.7768240343348
 20
485.20000000000016
 30
0.0
 11
1703.7768240343348
 21
478.40000000000015
 31
0.0
  0
TEXT
  5
1065
330
17
100
AcDbEntity
  8
42-TABLO
100
AcDbText
 10
1729.3562231759656
 20
481.8000000000002
 30
0.0
 40
2.4
  1
D2-D5
  7
TRK
 72
1
 11
1729.3562231759656
 21
481.8000000000002
 31
0.0
100
AcDbText
 73
2
  0
LINE
  5
1066
330
17
100
AcDbEntity
  8
42-TABLO
100
AcDbLine
 10
1754.9356223175964
 20
485.20000000000016
 30
0.0
 11
1754.9356223175964
 21
478.40000000000015
 31
0.0
  0
TEXT
  5
1067
330
17
100
AcDbEntity
  8
42-TABLO
100
AcDbText
 10
1778.9163090128754
 20
481.8000000000002
 30
0.0
 40
2.4
  1
50,0
  7
TRK
 72
1
 11
1778.9163090128754
 21
481.8000000000002
 31
0.0
100
AcDbText
 73
2
  0
LINE
  5
1068
330
17
100
AcDbEntity
  8
42-TABLO
100
AcDbLine
 10
1802.8969957081545
 20
485.20000000000016
 30
0.0
 11
1802.8969957081545
 21
478.40000000000015
 31
0.0
  0
TEXT
  5
1069
330
17
100
AcDbEntity
  8
42-TABLO
100
AcDbText
 10
1833.272532188841
 20
481.8000000000002
 30
0.0
 40
2.4
  1
-5°C+buz
  7
TRK
 72
1
 11
1833.272532188841
 21
481.8000000000002
 31
0.0
100
AcDbText
 73
2
  0
LINE
  5
106A
330
17
100
AcDbEntity
  8
42-TABLO
100
AcDbLine
 10
1863.648068669528
 20
485.20000000000016
 30
0.0
 11
1863.648068669528
 21
478.40000000000015
 31
0.0
  0
TEXT
  5
106B
330
17
100
AcDbEntity
  8
42-TABLO
100
AcDbText
 10
1890.8261802575107
 20
481.8000000000002
 30
0.0
 40
2.4
  1
344,7
  7
TRK
 72
1
 11
1890.8261802575107
 21
481.8000000000002
 31
0.0
100
AcDbText
 73
2
  0
LINE
  5
106C
330
17
100
AcDbEntity
  8
42-TABLO
100
AcDbLine
 10
1918.0042918454935
 20
485.20000000000016
 30
0.0
 11
1918.0042918454935
 21
478.40000000000015
 31
0.0
  0
TEXT
  5
106D
330
17
100
AcDbEntity
  8
42-TABLO
100
AcDbText
 10
1945.1824034334763
 20
481.8000000000002
 30
0.0
 40
2.4
  1
650,0
  7
TRK
 72
1
 11
1945.1824034334763
 21
481.8000000000002
 31
0.0
100
AcDbText
 73
2
  0
LINE
  5
106E
330
17
100
AcDbEntity
  8
42-TABLO
100
AcDbLine
 10
1972.3605150214592
 20
485.20000000000016
 30
0.0
 11
1972.3605150214592
 21
478.40000000000015
 31
0.0
  0
TEXT
  5
106F
330
17
100
AcDbEntity
  8
42-TABLO
100
AcDbText
 10
1999.538626609442
 20
481.8000000000002
 30
0.0
 40
2.4
  1
477,2
  7
TRK
 72
1
 11
1999.538626609442
 21
481.8000000000002
 31
0.0
100
AcDbText
 73
2
  0
LINE
  5
1070
330
17
100
AcDbEntity
  8
42-TABLO
100
AcDbLine
 10
2026.7167381974248
 20
485.20000000000016
 30
0.0
 11
2026.7167381974248
 21
478.40000000000015
 31
0.0
  0
TEXT
  5
1071
330
17
100
AcDbEntity
  8
42-TABLO
100
AcDbText
 10
2053.8948497854076
 20
481.8000000000002
 30
0.0
 40
2.4
  1
279,9
  7
TRK
 72
1
 11
2053.8948497854076
 21
481.8000000000002
 31
0.0
100
AcDbText
 73
2
  0
LINE
  5
1072
330
17
100
AcDbEntity
  8
42-TABLO
100
AcDbLine
 10
2081.07296137339
 20
485.20000000000016
 30
0.0
 11
2081.07296137339
 21
478.40000000000015
 31
0.0
  0
TEXT
  5
1073
330
17
100
AcDbEntity
  8
42-TABLO
100
AcDbText
 10
2108.251072961373
 20
481.8000000000002
 30
0.0
 40
2.4
  1
252,7
  7
TRK
 72
1
 11
2108.251072961373
 21
481.8000000000002
 31
0.0
100
AcDbText
 73
2
  0
LINE
  5
1074
330
17
100
AcDbEntity
  8
42-TABLO
100
AcDbLine
 10
2135.4291845493563
 20
485.20000000000016
 30
0.0
 11
2135.4291845493563
 21
478.40000000000015
 31
0.0
  0
TEXT
  5
1075
330
17
100
AcDbEntity
  8
42-TABLO
100
AcDbText
 10
2156.2124463519312
 20
481.8000000000002
 30
0.0
 40
2.4
  1
%13.3
  7
TRK
 72
1
 11
2156.2124463519312
 21
481.8000000000002
 31
0.0
100
AcDbText
 73
2
  0
LINE
  5
1076
330
17
100
AcDbEntity
  8
42-TABLO
100
AcDbLine
 10
2176.9957081545062
 20
485.20000000000016
 30
0.0
 11
2176.9957081545062
 21
478.40000000000015
 31
0.0
  0
TEXT
  5
1077
330
17
100
AcDbEntity
  8
42-TABLO
100
AcDbText
 10
2200.9763948497853
 20
481.8000000000002
 30
0.0
 40
2.4
  1
D2-D3
  7
TRK
 72
1
 11
2200.9763948497853
 21
481.8000000000002
 31
0.0
100
AcDbText
 73
2
  0
LINE
  5
1078
330
17
100
AcDbEntity
  8
42-TABLO
100
AcDbLine
 10
2224.9570815450643
 20
485.20000000000016
 30
0.0
 11
2224.9570815450643
 21
478.40000000000015
 31
0.0
  0
TEXT
  5
1079
330
17
100
AcDbEntity
  8
42-TABLO
100
AcDbText
 10
2244.1416309012875
 20
481.8000000000002
 30
0.0
 40
2.4
  1
50,0
  7
TRK
 72
1
 11
2244.1416309012875
 21
481.8000000000002
 31
0.0
100
AcDbText
 73
2
  0
LINE
  5
107A
330
17
100
AcDbEntity
  8
42-TABLO
100
AcDbLine
 10
2263.3261802575107
 20
485.20000000000016
 30
0.0
 11
2263.3261802575107
 21
478.40000000000015
 31
0.0
  0
TEXT
  5
107B
330
17
100
AcDbEntity
  8
42-TABLO
100
AcDbText
 10
2290.5042918454933
 20
481.8000000000002
 30
0.0
 40
2.4
  1
1,58
  7
TRK
 72
1
 11
2290.5042918454933
 21
481.8000000000002
 31
0.0
100
AcDbText
 73
2
  0
LINE
  5
107C
330
17
100
AcDbEntity
  8
42-TABLO
100
AcDbLine
 10
2317.682403433476
 20
485.20000000000016
 30
0.0
 11
2317.682403433476
 21
478.40000000000015
 31
0.0
  0
TEXT
  5
107D
330
17
100
AcDbEntity
  8
42-TABLO
100
AcDbText
 10
2343.261802575107
 20
481.8000000000002
 30
0.0
 40
2.4
  1
1,61
  7
TRK
 72
1
 11
2343.261802575107
 21
481.8000000000002
 31
0.0
100
AcDbText
 73
2
  0
LINE
  5
107E
330
17
100
AcDbEntity
  8
42-TABLO
100
AcDbLine
 10
2368.841201716738
 20
485.20000000000016
 30
0.0
 11
2368.841201716738
 21
478.40000000000015
 31
0.0
  0
TEXT
  5
107F
330
17
100
AcDbEntity
  8
42-TABLO
100
AcDbText
 10
2394.4206008583687
 20
481.8000000000002
 30
0.0
 40
2.4
  1
1,18
  7
TRK
 72
1
 11
2394.4206008583687
 21
481.8000000000002
 31
0.0
100
AcDbText
 73
2
  0
LINE
  5
1080
330
17
100
AcDbEntity
  8
42-TABLO
100
AcDbLine
 10
2420.0
 20
485.20000000000016
 30
0.0
 11
2420.0
 21
478.40000000000015
 31
0.0
  0
LINE
  5
1081
330
17
100
AcDbEntity
  8
42-TABLO
100
AcDbLine
 10
1675.0
 20
478.40000000000015
 30
0.0
 11
2420.0
 21
478.40000000000015
 31
0.0
  0
TEXT
  5
1082
330
17
100
AcDbEntity
  8
42-TABLO
100
AcDbText
 10
1689.3884120171674
 20
475.00000000000017
 30
0.0
 40
2.4
  1

  7
TRK
 72
1
 11
1689.3884120171674
 21
475.00000000000017
 31
0.0
100
AcDbText
 73
2
  0
LINE
  5
1083
330
17
100
AcDbEntity
  8
42-TABLO
100
AcDbLine
 10
1703.7768240343348
 20
478.40000000000015
 30
0.0
 11
1703.7768240343348
 21
471.60000000000014
 31
0.0
  0
TEXT
  5
1084
330
17
100
AcDbEntity
  8
42-TABLO
100
AcDbText
 10
1729.3562231759656
 20
475.00000000000017
 30
0.0
 40
2.4
  1

  7
TRK
 72
1
 11
1729.3562231759656
 21
475.00000000000017
 31
0.0
100
AcDbText
 73
2
  0
LINE
  5
1085
330
17
100
AcDbEntity
  8
42-TABLO
100
AcDbLine
 10
1754.9356223175964
 20
478.40000000000015
 30
0.0
 11
1754.9356223175964
 21
471.60000000000014
 31
0.0
  0
TEXT
  5
1086
330
17
100
AcDbEntity
  8
42-TABLO
100
AcDbText
 10
1778.9163090128754
 20
475.00000000000017
 30
0.0
 40
2.4
  1

  7
TRK
 72
1
 11
1778.9163090128754
 21
475.00000000000017
 31
0.0
100
AcDbText
 73
2
  0
LINE
  5
1087
330
17
100
AcDbEntity
  8
42-TABLO
100
AcDbLine
 10
1802.8969957081545
 20
478.40000000000015
 30
0.0
 11
1802.8969957081545
 21
471.60000000000014
 31
0.0
  0
TEXT
  5
1088
330
17
100
AcDbEntity
  8
42-TABLO
100
AcDbText
 10
1833.272532188841
 20
475.00000000000017
 30
0.0
 40
2.4
  1

  7
TRK
 72
1
 11
1833.272532188841
 21
475.00000000000017
 31
0.0
100
AcDbText
 73
2
  0
LINE
  5
1089
330
17
100
AcDbEntity
  8
42-TABLO
100
AcDbLine
 10
1863.648068669528
 20
478.40000000000015
 30
0.0
 11
1863.648068669528
 21
471.60000000000014
 31
0.0
  0
TEXT
  5
108A
330
17
100
AcDbEntity
  8
42-TABLO
100
AcDbText
 10
1890.8261802575107
 20
475.00000000000017
 30
0.0
 40
2.4
  1

  7
TRK
 72
1
 11
1890.8261802575107
 21
475.00000000000017
 31
0.0
100
AcDbText
 73
2
  0
LINE
  5
108B
330
17
100
AcDbEntity
  8
42-TABLO
100
AcDbLine
 10
1918.0042918454935
 20
478.40000000000015
 30
0.0
 11
1918.0042918454935
 21
471.60000000000014
 31
0.0
  0
TEXT
  5
108C
330
17
100
AcDbEntity
  8
42-TABLO
100
AcDbText
 10
1945.1824034334763
 20
475.00000000000017
 30
0.0
 40
2.4
  1

  7
TRK
 72
1
 11
1945.1824034334763
 21
475.00000000000017
 31
0.0
100
AcDbText
 73
2
  0
LINE
  5
108D
330
17
100
AcDbEntity
  8
42-TABLO
100
AcDbLine
 10
1972.3605150214592
 20
478.40000000000015
 30
0.0
 11
1972.3605150214592
 21
471.60000000000014
 31
0.0
  0
TEXT
  5
108E
330
17
100
AcDbEntity
  8
42-TABLO
100
AcDbText
 10
1999.538626609442
 20
475.00000000000017
 30
0.0
 40
2.4
  1

  7
TRK
 72
1
 11
1999.538626609442
 21
475.00000000000017
 31
0.0
100
AcDbText
 73
2
  0
LINE
  5
108F
330
17
100
AcDbEntity
  8
42-TABLO
100
AcDbLine
 10
2026.7167381974248
 20
478.40000000000015
 30
0.0
 11
2026.7167381974248
 21
471.60000000000014
 31
0.0
  0
TEXT
  5
1090
330
17
100
AcDbEntity
  8
42-TABLO
100
AcDbText
 10
2053.8948497854076
 20
475.00000000000017
 30
0.0
 40
2.4
  1

  7
TRK
 72
1
 11
2053.8948497854076
 21
475.00000000000017
 31
0.0
100
AcDbText
 73
2
  0
LINE
  5
1091
330
17
100
AcDbEntity
  8
42-TABLO
100
AcDbLine
 10
2081.07296137339
 20
478.40000000000015
 30
0.0
 11
2081.07296137339
 21
471.60000000000014
 31
0.0
  0
TEXT
  5
1092
330
17
100
AcDbEntity
  8
42-TABLO
100
AcDbText
 10
2108.251072961373
 20
475.00000000000017
 30
0.0
 40
2.4
  1

  7
TRK
 72
1
 11
2108.251072961373
 21
475.00000000000017
 31
0.0
100
AcDbText
 73
2
  0
LINE
  5
1093
330
17
100
AcDbEntity
  8
42-TABLO
100
AcDbLine
 10
2135.4291845493563
 20
478.40000000000015
 30
0.0
 11
2135.4291845493563
 21
471.60000000000014
 31
0.0
  0
TEXT
  5
1094
330
17
100
AcDbEntity
  8
42-TABLO
100
AcDbText
 10
2156.2124463519312
 20
475.00000000000017
 30
0.0
 40
2.4
  1

  7
TRK
 72
1
 11
2156.2124463519312
 21
475.00000000000017
 31
0.0
100
AcDbText
 73
2
  0
LINE
  5
1095
330
17
100
AcDbEntity
  8
42-TABLO
100
AcDbLine
 10
2176.9957081545062
 20
478.40000000000015
 30
0.0
 11
2176.9957081545062
 21
471.60000000000014
 31
0.0
  0
TEXT
  5
1096
330
17
100
AcDbEntity
  8
42-TABLO
100
AcDbText
 10
2200.9763948497853
 20
475.00000000000017
 30
0.0
 40
2.4
  1
D3-D4
  7
TRK
 72
1
 11
2200.9763948497853
 21
475.00000000000017
 31
0.0
100
AcDbText
 73
2
  0
LINE
  5
1097
330
17
100
AcDbEntity
  8
42-TABLO
100
AcDbLine
 10
2224.9570815450643
 20
478.40000000000015
 30
0.0
 11
2224.9570815450643
 21
471.60000000000014
 31
0.0
  0
TEXT
  5
1098
330
17
100
AcDbEntity
  8
42-TABLO
100
AcDbText
 10
2244.1416309012875
 20
475.00000000000017
 30
0.0
 40
2.4
  1
50,0
  7
TRK
 72
1
 11
2244.1416309012875
 21
475.00000000000017
 31
0.0
100
AcDbText
 73
2
  0
LINE
  5
1099
330
17
100
AcDbEntity
  8
42-TABLO
100
AcDbLine
 10
2263.3261802575107
 20
478.40000000000015
 30
0.0
 11
2263.3261802575107
 21
471.60000000000014
 31
0.0
  0
TEXT
  5
109A
330
17
100
AcDbEntity
  8
42-TABLO
100
AcDbText
 10
2290.5042918454933
 20
475.00000000000017
 30
0.0
 40
2.4
  1
1,58
  7
TRK
 72
1
 11
2290.5042918454933
 21
475.00000000000017
 31
0.0
100
AcDbText
 73
2
  0
LINE
  5
109B
330
17
100
AcDbEntity
  8
42-TABLO
100
AcDbLine
 10
2317.682403433476
 20
478.40000000000015
 30
0.0
 11
2317.682403433476
 21
471.60000000000014
 31
0.0
  0
TEXT
  5
109C
330
17
100
AcDbEntity
  8
42-TABLO
100
AcDbText
 10
2343.261802575107
 20
475.00000000000017
 30
0.0
 40
2.4
  1
1,61
  7
TRK
 72
1
 11
2343.261802575107
 21
475.00000000000017
 31
0.0
100
AcDbText
 73
2
  0
LINE
  5
109D
330
17
100
AcDbEntity
  8
42-TABLO
100
AcDbLine
 10
2368.841201716738
 20
478.40000000000015
 30
0.0
 11
2368.841201716738
 21
471.60000000000014
 31
0.0
  0
TEXT
  5
109E
330
17
100
AcDbEntity
  8
42-TABLO
100
AcDbText
 10
2394.4206008583687
 20
475.00000000000017
 30
0.0
 40
2.4
  1
1,18
  7
TRK
 72
1
 11
2394.4206008583687
 21
475.00000000000017
 31
0.0
100
AcDbText
 73
2
  0
LINE
  5
109F
330
17
100
AcDbEntity
  8
42-TABLO
100
AcDbLine
 10
2420.0
 20
478.40000000000015
 30
0.0
 11
2420.0
 21
471.60000000000014
 31
0.0
  0
LINE
  5
10A0
330
17
100
AcDbEntity
  8
42-TABLO
100
AcDbLine
 10
1675.0
 20
471.60000000000014
 30
0.0
 11
2420.0
 21
471.60000000000014
 31
0.0
  0
TEXT
  5
10A1
330
17
100
AcDbEntity
  8
42-TABLO
100
AcDbText
 10
1689.3884120171674
 20
468.20000000000016
 30
0.0
 40
2.4
  1

  7
TRK
 72
1
 11
1689.3884120171674
 21
468.20000000000016
 31
0.0
100
AcDbText
 73
2
  0
LINE
  5
10A2
330
17
100
AcDbEntity
  8
42-TABLO
100
AcDbLine
 10
1703.7768240343348
 20
471.60000000000014
 30
0.0
 11
1703.7768240343348
 21
464.8000000000001
 31
0.0
  0
TEXT
  5
10A3
330
17
100
AcDbEntity
  8
42-TABLO
100
AcDbText
 10
1729.3562231759656
 20
468.20000000000016
 30
0.0
 40
2.4
  1

  7
TRK
 72
1
 11
1729.3562231759656
 21
468.20000000000016
 31
0.0
100
AcDbText
 73
2
  0
LINE
  5
10A4
330
17
100
AcDbEntity
  8
42-TABLO
100
AcDbLine
 10
1754.9356223175964
 20
471.60000000000014
 30
0.0
 11
1754.9356223175964
 21
464.8000000000001
 31
0.0
  0
TEXT
  5
10A5
330
17
100
AcDbEntity
  8
42-TABLO
100
AcDbText
 10
1778.9163090128754
 20
468.20000000000016
 30
0.0
 40
2.4
  1

  7
TRK
 72
1
 11
1778.9163090128754
 21
468.20000000000016
 31
0.0
100
AcDbText
 73
2
  0
LINE
  5
10A6
330
17
100
AcDbEntity
  8
42-TABLO
100
AcDbLine
 10
1802.8969957081545
 20
471.60000000000014
 30
0.0
 11
1802.8969957081545
 21
464.8000000000001
 31
0.0
  0
TEXT
  5
10A7
330
17
100
AcDbEntity
  8
42-TABLO
100
AcDbText
 10
1833.272532188841
 20
468.20000000000016
 30
0.0
 40
2.4
  1

  7
TRK
 72
1
 11
1833.272532188841
 21
468.20000000000016
 31
0.0
100
AcDbText
 73
2
  0
LINE
  5
10A8
330
17
100
AcDbEntity
  8
42-TABLO
100
AcDbLine
 10
1863.648068669528
 20
471.60000000000014
 30
0.0
 11
1863.648068669528
 21
464.8000000000001
 31
0.0
  0
TEXT
  5
10A9
330
17
100
AcDbEntity
  8
42-TABLO
100
AcDbText
 10
1890.8261802575107
 20
468.20000000000016
 30
0.0
 40
2.4
  1

  7
TRK
 72
1
 11
1890.8261802575107
 21
468.20000000000016
 31
0.0
100
AcDbText
 73
2
  0
LINE
  5
10AA
330
17
100
AcDbEntity
  8
42-TABLO
100
AcDbLine
 10
1918.0042918454935
 20
471.60000000000014
 30
0.0
 11
1918.0042918454935
 21
464.8000000000001
 31
0.0
  0
TEXT
  5
10AB
330
17
100
AcDbEntity
  8
42-TABLO
100
AcDbText
 10
1945.1824034334763
 20
468.20000000000016
 30
0.0
 40
2.4
  1

  7
TRK
 72
1
 11
1945.1824034334763
 21
468.20000000000016
 31
0.0
100
AcDbText
 73
2
  0
LINE
  5
10AC
330
17
100
AcDbEntity
  8
42-TABLO
100
AcDbLine
 10
1972.3605150214592
 20
471.60000000000014
 30
0.0
 11
1972.3605150214592
 21
464.8000000000001
 31
0.0
  0
TEXT
  5
10AD
330
17
100
AcDbEntity
  8
42-TABLO
100
AcDbText
 10
1999.538626609442
 20
468.20000000000016
 30
0.0
 40
2.4
  1

  7
TRK
 72
1
 11
1999.538626609442
 21
468.20000000000016
 31
0.0
100
AcDbText
 73
2
  0
LINE
  5
10AE
330
17
100
AcDbEntity
  8
42-TABLO
100
AcDbLine
 10
2026.7167381974248
 20
471.60000000000014
 30
0.0
 11
2026.7167381974248
 21
464.8000000000001
 31
0.0
  0
TEXT
  5
10AF
330
17
100
AcDbEntity
  8
42-TABLO
100
AcDbText
 10
2053.8948497854076
 20
468.20000000000016
 30
0.0
 40
2.4
  1

  7
TRK
 72
1
 11
2053.8948497854076
 21
468.20000000000016
 31
0.0
100
AcDbText
 73
2
  0
LINE
  5
10B0
330
17
100
AcDbEntity
  8
42-TABLO
100
AcDbLine
 10
2081.07296137339
 20
471.60000000000014
 30
0.0
 11
2081.07296137339
 21
464.8000000000001
 31
0.0
  0
TEXT
  5
10B1
330
17
100
AcDbEntity
  8
42-TABLO
100
AcDbText
 10
2108.251072961373
 20
468.20000000000016
 30
0.0
 40
2.4
  1

  7
TRK
 72
1
 11
2108.251072961373
 21
468.20000000000016
 31
0.0
100
AcDbText
 73
2
  0
LINE
  5
10B2
330
17
100
AcDbEntity
  8
42-TABLO
100
AcDbLine
 10
2135.4291845493563
 20
471.60000000000014
 30
0.0
 11
2135.4291845493563
 21
464.8000000000001
 31
0.0
  0
TEXT
  5
10B3
330
17
100
AcDbEntity
  8
42-TABLO
100
AcDbText
 10
2156.2124463519312
 20
468.20000000000016
 30
0.0
 40
2.4
  1

  7
TRK
 72
1
 11
2156.2124463519312
 21
468.20000000000016
 31
0.0
100
AcDbText
 73
2
  0
LINE
  5
10B4
330
17
100
AcDbEntity
  8
42-TABLO
100
AcDbLine
 10
2176.9957081545062
 20
471.60000000000014
 30
0.0
 11
2176.9957081545062
 21
464.8000000000001
 31
0.0
  0
TEXT
  5
10B5
330
17
100
AcDbEntity
  8
42-TABLO
100
AcDbText
 10
2200.9763948497853
 20
468.20000000000016
 30
0.0
 40
2.4
  1
D4-D5
  7
TRK
 72
1
 11
2200.9763948497853
 21
468.20000000000016
 31
0.0
100
AcDbText
 73
2
  0
LINE
  5
10B6
330
17
100
AcDbEntity
  8
42-TABLO
100
AcDbLine
 10
2224.9570815450643
 20
471.60000000000014
 30
0.0
 11
2224.9570815450643
 21
464.8000000000001
 31
0.0
  0
TEXT
  5
10B7
330
17
100
AcDbEntity
  8
42-TABLO
100
AcDbText
 10
2244.1416309012875
 20
468.20000000000016
 30
0.0
 40
2.4
  1
50,0
  7
TRK
 72
1
 11
2244.1416309012875
 21
468.20000000000016
 31
0.0
100
AcDbText
 73
2
  0
LINE
  5
10B8
330
17
100
AcDbEntity
  8
42-TABLO
100
AcDbLine
 10
2263.3261802575107
 20
471.60000000000014
 30
0.0
 11
2263.3261802575107
 21
464.8000000000001
 31
0.0
  0
TEXT
  5
10B9
330
17
100
AcDbEntity
  8
42-TABLO
100
AcDbText
 10
2290.5042918454933
 20
468.20000000000016
 30
0.0
 40
2.4
  1
1,58
  7
TRK
 72
1
 11
2290.5042918454933
 21
468.20000000000016
 31
0.0
100
AcDbText
 73
2
  0
LINE
  5
10BA
330
17
100
AcDbEntity
  8
42-TABLO
100
AcDbLine
 10
2317.682403433476
 20
471.60000000000014
 30
0.0
 11
2317.682403433476
 21
464.8000000000001
 31
0.0
  0
TEXT
  5
10BB
330
17
100
AcDbEntity
  8
42-TABLO
100
AcDbText
 10
2343.261802575107
 20
468.20000000000016
 30
0.0
 40
2.4
  1
1,61
  7
TRK
 72
1
 11
2343.261802575107
 21
468.20000000000016
 31
0.0
100
AcDbText
 73
2
  0
LINE
  5
10BC
330
17
100
AcDbEntity
  8
42-TABLO
100
AcDbLine
 10
2368.841201716738
 20
471.60000000000014
 30
0.0
 11
2368.841201716738
 21
464.8000000000001
 31
0.0
  0
TEXT
  5
10BD
330
17
100
AcDbEntity
  8
42-TABLO
100
AcDbText
 10
2394.4206008583687
 20
468.20000000000016
 30
0.0
 40
2.4
  1
1,18
  7
TRK
 72
1
 11
2394.4206008583687
 21
468.20000000000016
 31
0.0
100
AcDbText
 73
2
  0
LINE
  5
10BE
330
17
100
AcDbEntity
  8
42-TABLO
100
AcDbLine
 10
2420.0
 20
471.60000000000014
 30
0.0
 11
2420.0
 21
464.8000000000001
 31
0.0
  0
LINE
  5
10BF
330
17
100
AcDbEntity
  8
42-TABLO
100
AcDbLine
 10
1675.0
 20
464.8000000000001
 30
0.0
 11
2420.0
 21
464.8000000000001
 31
0.0
  0
TEXT
  5
10C0
330
17
100
AcDbEntity
  8
42-TABLO
100
AcDbText
 10
1689.3884120171674
 20
461.40000000000015
 30
0.0
 40
2.4
  1
AG
  7
TRK
 72
1
 11
1689.3884120171674
 21
461.40000000000015
 31
0.0
100
AcDbText
 73
2
  0
LINE
  5
10C1
330
17
100
AcDbEntity
  8
42-TABLO
100
AcDbLine
 10
1703.7768240343348
 20
464.8000000000001
 30
0.0
 11
1703.7768240343348
 21
458.0000000000001
 31
0.0
  0
TEXT
  5
10C2
330
17
100
AcDbEntity
  8
42-TABLO
100
AcDbText
 10
1729.3562231759656
 20
461.40000000000015
 30
0.0
 40
2.4
  1
D5-D6
  7
TRK
 72
1
 11
1729.3562231759656
 21
461.40000000000015
 31
0.0
100
AcDbText
 73
2
  0
LINE
  5
10C3
330
17
100
AcDbEntity
  8
42-TABLO
100
AcDbLine
 10
1754.9356223175964
 20
464.8000000000001
 30
0.0
 11
1754.9356223175964
 21
458.0000000000001
 31
0.0
  0
TEXT
  5
10C4
330
17
100
AcDbEntity
  8
42-TABLO
100
AcDbText
 10
1778.9163090128754
 20
461.40000000000015
 30
0.0
 40
2.4
  1
45,0
  7
TRK
 72
1
 11
1778.9163090128754
 21
461.40000000000015
 31
0.0
100
AcDbText
 73
2
  0
LINE
  5
10C5
330
17
100
AcDbEntity
  8
42-TABLO
100
AcDbLine
 10
1802.8969957081545
 20
464.8000000000001
 30
0.0
 11
1802.8969957081545
 21
458.0000000000001
 31
0.0
  0
TEXT
  5
10C6
330
17
100
AcDbEntity
  8
42-TABLO
100
AcDbText
 10
1833.272532188841
 20
461.40000000000015
 30
0.0
 40
2.4
  1
-5°C+buz
  7
TRK
 72
1
 11
1833.272532188841
 21
461.40000000000015
 31
0.0
100
AcDbText
 73
2
  0
LINE
  5
10C7
330
17
100
AcDbEntity
  8
42-TABLO
100
AcDbLine
 10
1863.648068669528
 20
464.8000000000001
 30
0.0
 11
1863.648068669528
 21
458.0000000000001
 31
0.0
  0
TEXT
  5
10C8
330
17
100
AcDbEntity
  8
42-TABLO
100
AcDbText
 10
1890.8261802575107
 20
461.40000000000015
 30
0.0
 40
2.4
  1
370,8
  7
TRK
 72
1
 11
1890.8261802575107
 21
461.40000000000015
 31
0.0
100
AcDbText
 73
2
  0
LINE
  5
10C9
330
17
100
AcDbEntity
  8
42-TABLO
100
AcDbLine
 10
1918.0042918454935
 20
464.8000000000001
 30
0.0
 11
1918.0042918454935
 21
458.0000000000001
 31
0.0
  0
TEXT
  5
10CA
330
17
100
AcDbEntity
  8
42-TABLO
100
AcDbText
 10
1945.1824034334763
 20
461.40000000000015
 30
0.0
 40
2.4
  1
650,0
  7
TRK
 72
1
 11
1945.1824034334763
 21
461.40000000000015
 31
0.0
100
AcDbText
 73
2
  0
LINE
  5
10CB
330
17
100
AcDbEntity
  8
42-TABLO
100
AcDbLine
 10
1972.3605150214592
 20
464.8000000000001
 30
0.0
 11
1972.3605150214592
 21
458.0000000000001
 31
0.0
  0
TEXT
  5
10CC
330
17
100
AcDbEntity
  8
42-TABLO
100
AcDbText
 10
1999.538626609442
 20
461.40000000000015
 30
0.0
 40
2.4
  1
480,4
  7
TRK
 72
1
 11
1999.538626609442
 21
461.40000000000015
 31
0.0
100
AcDbText
 73
2
  0
LINE
  5
10CD
330
17
100
AcDbEntity
  8
42-TABLO
100
AcDbLine
 10
2026.7167381974248
 20
464.8000000000001
 30
0.0
 11
2026.7167381974248
 21
458.0000000000001
 31
0.0
  0
TEXT
  5
10CE
330
17
100
AcDbEntity
  8
42-TABLO
100
AcDbText
 10
2053.8948497854076
 20
461.40000000000015
 30
0.0
 40
2.4
  1
285,2
  7
TRK
 72
1
 11
2053.8948497854076
 21
461.40000000000015
 31
0.0
100
AcDbText
 73
2
  0
LINE
  5
10CF
330
17
100
AcDbEntity
  8
42-TABLO
100
AcDbLine
 10
2081.07296137339
 20
464.8000000000001
 30
0.0
 11
2081.07296137339
 21
458.0000000000001
 31
0.0
  0
TEXT
  5
10D0
330
17
100
AcDbEntity
  8
42-TABLO
100
AcDbText
 10
2108.251072961373
 20
461.40000000000015
 30
0.0
 40
2.4
  1
251,8
  7
TRK
 72
1
 11
2108.251072961373
 21
461.40000000000015
 31
0.0
100
AcDbText
 73
2
  0
LINE
  5
10D1
330
17
100
AcDbEntity
  8
42-TABLO
100
AcDbLine
 10
2135.4291845493563
 20
464.8000000000001
 30
0.0
 11
2135.4291845493563
 21
458.0000000000001
 31
0.0
  0
TEXT
  5
10D2
330
17
100
AcDbEntity
  8
42-TABLO
100
AcDbText
 10
2156.2124463519312
 20
461.40000000000015
 30
0.0
 40
2.4
  1
%13.6
  7
TRK
 72
1
 11
2156.2124463519312
 21
461.40000000000015
 31
0.0
100
AcDbText
 73
2
  0
LINE
  5
10D3
330
17
100
AcDbEntity
  8
42-TABLO
100
AcDbLine
 10
2176.9957081545062
 20
464.8000000000001
 30
0.0
 11
2176.9957081545062
 21
458.0000000000001
 31
0.0
  0
TEXT
  5
10D4
330
17
100
AcDbEntity
  8
42-TABLO
100
AcDbText
 10
2200.9763948497853
 20
461.40000000000015
 30
0.0
 40
2.4
  1
D5-D6
  7
TRK
 72
1
 11
2200.9763948497853
 21
461.40000000000015
 31
0.0
100
AcDbText
 73
2
  0
LINE
  5
10D5
330
17
100
AcDbEntity
  8
42-TABLO
100
AcDbLine
 10
2224.9570815450643
 20
464.8000000000001
 30
0.0
 11
2224.9570815450643
 21
458.0000000000001
 31
0.0
  0
TEXT
  5
10D6
330
17
100
AcDbEntity
  8
42-TABLO
100
AcDbText
 10
2244.1416309012875
 20
461.40000000000015
 30
0.0
 40
2.4
  1
45,0
  7
TRK
 72
1
 11
2244.1416309012875
 21
461.40000000000015
 31
0.0
100
AcDbText
 73
2
  0
LINE
  5
10D7
330
17
100
AcDbEntity
  8
42-TABLO
100
AcDbLine
 10
2263.3261802575107
 20
464.8000000000001
 30
0.0
 11
2263.3261802575107
 21
458.0000000000001
 31
0.0
  0
TEXT
  5
10D8
330
17
100
AcDbEntity
  8
42-TABLO
100
AcDbText
 10
2290.5042918454933
 20
461.40000000000015
 30
0.0
 40
2.4
  1
1,28
  7
TRK
 72
1
 11
2290.5042918454933
 21
461.40000000000015
 31
0.0
100
AcDbText
 73
2
  0
LINE
  5
10D9
330
17
100
AcDbEntity
  8
42-TABLO
100
AcDbLine
 10
2317.682403433476
 20
464.8000000000001
 30
0.0
 11
2317.682403433476
 21
458.0000000000001
 31
0.0
  0
TEXT
  5
10DA
330
17
100
AcDbEntity
  8
42-TABLO
100
AcDbText
 10
2343.261802575107
 20
461.40000000000015
 30
0.0
 40
2.4
  1
1,31
  7
TRK
 72
1
 11
2343.261802575107
 21
461.40000000000015
 31
0.0
100
AcDbText
 73
2
  0
LINE
  5
10DB
330
17
100
AcDbEntity
  8
42-TABLO
100
AcDbLine
 10
2368.841201716738
 20
464.8000000000001
 30
0.0
 11
2368.841201716738
 21
458.0000000000001
 31
0.0
  0
TEXT
  5
10DC
330
17
100
AcDbEntity
  8
42-TABLO
100
AcDbText
 10
2394.4206008583687
 20
461.40000000000015
 30
0.0
 40
2.4
  1
0,89
  7
TRK
 72
1
 11
2394.4206008583687
 21
461.40000000000015
 31
0.0
100
AcDbText
 73
2
  0
LINE
  5
10DD
330
17
100
AcDbEntity
  8
42-TABLO
100
AcDbLine
 10
2420.0
 20
464.8000000000001
 30
0.0
 11
2420.0
 21
458.0000000000001
 31
0.0
  0
LINE
  5
10DE
330
17
100
AcDbEntity
  8
42-TABLO
100
AcDbLine
 10
1675.0
 20
458.0000000000001
 30
0.0
 11
2420.0
 21
458.0000000000001
 31
0.0
  0
LINE
  5
10DF
330
17
100
AcDbEntity
  8
43-TABLO-CERCEVE
100
AcDbLine
 10
1675.0
 20
543.0000000000001
 30
0.0
 11
1675.0
 21
458.0000000000001
 31
0.0
  0
LINE
  5
10E0
330
17
100
AcDbEntity
  8
43-TABLO-CERCEVE
100
AcDbLine
 10
2420.0
 20
543.0000000000001
 30
0.0
 11
2420.0
 21
458.0000000000001
 31
0.0
  0
LINE
  5
10E1
330
17
100
AcDbEntity
  8
43-TABLO-CERCEVE
100
AcDbLine
 10
1675.0
 20
458.0000000000001
 30
0.0
 11
2420.0
 21
458.0000000000001
 31
0.0
  0
TEXT
  5
10E2
330
17
100
AcDbEntity
  8
42-TABLO
100
AcDbText
 10
1675.0
 20
453.5000000000001
 30
0.0
 40
2.2
  1
Pigeon: S=99,30 mm², d=12,75 mm, G=0,3439 kg/m, kopma 2.995 kg, E=8.000 kg/mm², \U+03b1=19,1·10\U+207b\U+2076; buz 1,0712 kg/m, rüzgâr c·p·d = 1,1·44·0,01275 = 0,6171 kg/m.
  7
TRK
 11
1675.0
 21
453.5000000000001
 31
0.0
100
AcDbText
  0
TEXT
  5
10E3
330
17
100
AcDbEntity
  8
42-TABLO
100
AcDbText
 10
1675.0
 20
449.3000000000001
 30
0.0
 40
2.2
  1
AER 3x95+70: d=44 mm, G=1,30 kg/m, taþýyýcý 70 mm² kopma 2.100 kg, E=6.000 kg/mm², \U+03b1=23·10\U+207b\U+2076; buz 1,9900 kg/m, rüzgâr 1,0·44·0,044 = 1,9360 kg/m (üretici kataloðu ile teyit).
  7
TRK
 11
1675.0
 21
449.3000000000001
 31
0.0
100
AcDbText
  0
TEXT
  5
10E4
330
17
100
AcDbEntity
  8
42-TABLO
100
AcDbText
 10
1675.0
 20
445.10000000000014
 30
0.0
 40
2.2
  1
Sýnýrlar (EKATY Md.46): Tmax \U+2264 %45 kopma (OG %16,6 ; AG %31,0) - EDS(+15 °C) \U+2264 %15 kopma. Faz aralýðý D \U+2265 0,5·\U+221af + U/150 = 0,746 m < 0,90 m (seçilen).
  7
TRK
 11
1675.0
 21
445.10000000000014
 31
0.0
100
AcDbText
  0
TEXT
  5
10E5
330
17
100
AcDbEntity
  8
02-BASLIK
100
AcDbText
 10
1675.0
 20
436.0000000000001
 30
0.0
 40
3.6
  1
TEMEL HESABI (SULZBERGER) VE BETON METRAJ CETVELÝ
  7
TRKB
 11
1675.0
 21
436.0000000000001
 31
0.0
100
AcDbText
 73
1
  0
LWPOLYLINE
  5
10E6
330
17
100
AcDbEntity
  8
43-TABLO-CERCEVE
100
AcDbPolyline
 90
4
 70
1
 10
1675.0
 20
423.8000000000001
 10
2420.0
 20
423.8000000000001
 10
2420.0
 20
434.0000000000001
 10
1675.0
 20
434.0000000000001
  0
LINE
  5
10E7
330
17
100
AcDbEntity
  8
43-TABLO-CERCEVE
100
AcDbLine
 10
1675.0
 20
424.60000000000014
 30
0.0
 11
2420.0
 21
424.60000000000014
 31
0.0
  0
TEXT
  5
10E8
330
17
100
AcDbEntity
  8
42-TABLO
100
AcDbText
 10
1692.0729166666667
 20
428.9000000000001
 30
0.0
 40
2.4
  1
Direk
  7
TRKB
 72
1
 11
1692.0729166666667
 21
428.9000000000001
 31
0.0
100
AcDbText
 73
2
  0
LINE
  5
10E9
330
17
100
AcDbEntity
  8
43-TABLO-CERCEVE
100
AcDbLine
 10
1709.1458333333333
 20
434.0000000000001
 30
0.0
 11
1709.1458333333333
 21
423.8000000000001
 31
0.0
  0
TEXT
  5
10EA
330
17
100
AcDbEntity
  8
42-TABLO
100
AcDbText
 10
1730.875
 20
428.9000000000001
 30
0.0
 40
2.4
  1
Tip
  7
TRKB
 72
1
 11
1730.875
 21
428.9000000000001
 31
0.0
100
AcDbText
 73
2
  0
LINE
  5
10EB
330
17
100
AcDbEntity
  8
43-TABLO-CERCEVE
100
AcDbLine
 10
1752.6041666666665
 20
434.0000000000001
 30
0.0
 11
1752.6041666666665
 21
423.8000000000001
 31
0.0
  0
TEXT
  5
10EC
330
17
100
AcDbEntity
  8
42-TABLO
100
AcDbText
 10
1783.6458333333333
 20
430.6500000000001
 30
0.0
 40
2.4
  1
b x a
  7
TRKB
 72
1
 11
1783.6458333333333
 21
430.6500000000001
 31
0.0
100
AcDbText
 73
2
  0
TEXT
  5
10ED
330
17
100
AcDbEntity
  8
42-TABLO
100
AcDbText
 10
1783.6458333333333
 20
427.1500000000001
 30
0.0
 40
2.4
  1
(m)
  7
TRKB
 72
1
 11
1783.6458333333333
 21
427.1500000000001
 31
0.0
100
AcDbText
 73
2
  0
LINE
  5
10EE
330
17
100
AcDbEntity
  8
43-TABLO-CERCEVE
100
AcDbLine
 10
1814.6875
 20
434.0000000000001
 30
0.0
 11
1814.6875
 21
423.8000000000001
 31
0.0
  0
TEXT
  5
10EF
330
17
100
AcDbEntity
  8
42-TABLO
100
AcDbText
 10
1833.3125
 20
430.6500000000001
 30
0.0
 40
2.4
  1
t
  7
TRKB
 72
1
 11
1833.3125
 21
430.6500000000001
 31
0.0
100
AcDbText
 73
2
  0
TEXT
  5
10F0
330
17
100
AcDbEntity
  8
42-TABLO
100
AcDbText
 10
1833.3125
 20
427.1500000000001
 30
0.0
 40
2.4
  1
(m)
  7
TRKB
 72
1
 11
1833.3125
 21
427.1500000000001
 31
0.0
100
AcDbText
 73
2
  0
LINE
  5
10F1
330
17
100
AcDbEntity
  8
43-TABLO-CERCEVE
100
AcDbLine
 10
1851.9375
 20
434.0000000000001
 30
0.0
 11
1851.9375
 21
423.8000000000001
 31
0.0
  0
TEXT
  5
10F2
330
17
100
AcDbEntity
  8
42-TABLO
100
AcDbText
 10
1878.3229166666665
 20
430.6500000000001
 30
0.0
 40
2.4
  1
Kazý
  7
TRKB
 72
1
 11
1878.3229166666665
 21
430.6500000000001
 31
0.0
100
AcDbText
 73
2
  0
TEXT
  5
10F3
330
17
100
AcDbEntity
  8
42-TABLO
100
AcDbText
 10
1878.3229166666665
 20
427.1500000000001
 30
0.0
 40
2.4
  1
(m³)
  7
TRKB
 72
1
 11
1878.3229166666665
 21
427.1500000000001
 31
0.0
100
AcDbText
 73
2
  0
LINE
  5
10F4
330
17
100
AcDbEntity
  8
43-TABLO-CERCEVE
100
AcDbLine
 10
1904.7083333333335
 20
434.0000000000001
 30
0.0
 11
1904.7083333333335
 21
423.8000000000001
 31
0.0
  0
TEXT
  5
10F5
330
17
100
AcDbEntity
  8
42-TABLO
100
AcDbText
 10
1931.09375
 20
430.6500000000001
 30
0.0
 40
2.4
  1
Beton
  7
TRKB
 72
1
 11
1931.09375
 21
430.6500000000001
 31
0.0
100
AcDbText
 73
2
  0
TEXT
  5
10F6
330
17
100
AcDbEntity
  8
42-TABLO
100
AcDbText
 10
1931.09375
 20
427.1500000000001
 30
0.0
 40
2.4
  1
(m³)
  7
TRKB
 72
1
 11
1931.09375
 21
427.1500000000001
 31
0.0
100
AcDbText
 73
2
  0
LINE
  5
10F7
330
17
100
AcDbEntity
  8
43-TABLO-CERCEVE
100
AcDbLine
 10
1957.4791666666667
 20
434.0000000000001
 30
0.0
 11
1957.4791666666667
 21
423.8000000000001
 31
0.0
  0
TEXT
  5
10F8
330
17
100
AcDbEntity
  8
42-TABLO
100
AcDbText
 10
1982.3125
 20
430.6500000000001
 30
0.0
 40
2.4
  1
Kalýp
  7
TRKB
 72
1
 11
1982.3125
 21
430.6500000000001
 31
0.0
100
AcDbText
 73
2
  0
TEXT
  5
10F9
330
17
100
AcDbEntity
  8
42-TABLO
100
AcDbText
 10
1982.3125
 20
427.1500000000001
 30
0.0
 40
2.4
  1
(m²)
  7
TRKB
 72
1
 11
1982.3125
 21
427.1500000000001
 31
0.0
100
AcDbText
 73
2
  0
LINE
  5
10FA
330
17
100
AcDbEntity
  8
43-TABLO-CERCEVE
100
AcDbLine
 10
2007.1458333333335
 20
434.0000000000001
 30
0.0
 11
2007.1458333333335
 21
423.8000000000001
 31
0.0
  0
TEXT
  5
10FB
330
17
100
AcDbEntity
  8
42-TABLO
100
AcDbText
 10
2031.9791666666667
 20
430.6500000000001
 30
0.0
 40
2.4
  1
G
  7
TRKB
 72
1
 11
2031.9791666666667
 21
430.6500000000001
 31
0.0
100
AcDbText
 73
2
  0
TEXT
  5
10FC
330
17
100
AcDbEntity
  8
42-TABLO
100
AcDbText
 10
2031.9791666666667
 20
427.1500000000001
 30
0.0
 40
2.4
  1
(kg)
  7
TRKB
 72
1
 11
2031.9791666666667
 21
427.1500000000001
 31
0.0
100
AcDbText
 73
2
  0
LINE
  5
10FD
330
17
100
AcDbEntity
  8
43-TABLO-CERCEVE
100
AcDbLine
 10
2056.8125
 20
434.0000000000001
 30
0.0
 11
2056.8125
 21
423.8000000000001
 31
0.0
  0
TEXT
  5
10FE
330
17
100
AcDbEntity
  8
42-TABLO
100
AcDbText
 10
2081.6458333333335
 20
430.6500000000001
 30
0.0
 40
2.4
  1
Ct
  7
TRKB
 72
1
 11
2081.6458333333335
 21
430.6500000000001
 31
0.0
100
AcDbText
 73
2
  0
TEXT
  5
10FF
330
17
100
AcDbEntity
  8
42-TABLO
100
AcDbText
 10
2081.6458333333335
 20
427.1500000000001
 30
0.0
 40
2.4
  1
(kg/cm³)
  7
TRKB
 72
1
 11
2081.6458333333335
 21
427.1500000000001
 31
0.0
100
AcDbText
 73
2
  0
LINE
  5
1100
330
17
100
AcDbEntity
  8
43-TABLO-CERCEVE
100
AcDbLine
 10
2106.4791666666665
 20
434.0000000000001
 30
0.0
 11
2106.4791666666665
 21
423.8000000000001
 31
0.0
  0
TEXT
  5
1101
330
17
100
AcDbEntity
  8
42-TABLO
100
AcDbText
 10
2132.864583333333
 20
430.6500000000001
 30
0.0
 40
2.4
  1
Ms
  7
TRKB
 72
1
 11
2132.864583333333
 21
430.6500000000001
 31
0.0
100
AcDbText
 73
2
  0
TEXT
  5
1102
330
17
100
AcDbEntity
  8
42-TABLO
100
AcDbText
 10
2132.864583333333
 20
427.1500000000001
 30
0.0
 40
2.4
  1
(kg·m)
  7
TRKB
 72
1
 11
2132.864583333333
 21
427.1500000000001
 31
0.0
100
AcDbText
 73
2
  0
LINE
  5
1103
330
17
100
AcDbEntity
  8
43-TABLO-CERCEVE
100
AcDbLine
 10
2159.25
 20
434.0000000000001
 30
0.0
 11
2159.25
 21
423.8000000000001
 31
0.0
  0
TEXT
  5
1104
330
17
100
AcDbEntity
  8
42-TABLO
100
AcDbText
 10
2184.0833333333335
 20
430.6500000000001
 30
0.0
 40
2.4
  1
Mb
  7
TRKB
 72
1
 11
2184.0833333333335
 21
430.6500000000001
 31
0.0
100
AcDbText
 73
2
  0
TEXT
  5
1105
330
17
100
AcDbEntity
  8
42-TABLO
100
AcDbText
 10
2184.0833333333335
 20
427.1500000000001
 30
0.0
 40
2.4
  1
(kg·m)
  7
TRKB
 72
1
 11
2184.0833333333335
 21
427.1500000000001
 31
0.0
100
AcDbText
 73
2
  0
LINE
  5
1106
330
17
100
AcDbEntity
  8
43-TABLO-CERCEVE
100
AcDbLine
 10
2208.9166666666665
 20
434.0000000000001
 30
0.0
 11
2208.9166666666665
 21
423.8000000000001
 31
0.0
  0
TEXT
  5
1107
330
17
100
AcDbEntity
  8
42-TABLO
100
AcDbText
 10
2227.5416666666665
 20
428.9000000000001
 30
0.0
 40
2.4
  1
k
  7
TRKB
 72
1
 11
2227.5416666666665
 21
428.9000000000001
 31
0.0
100
AcDbText
 73
2
  0
LINE
  5
1108
330
17
100
AcDbEntity
  8
43-TABLO-CERCEVE
100
AcDbLine
 10
2246.1666666666665
 20
434.0000000000001
 30
0.0
 11
2246.1666666666665
 21
423.8000000000001
 31
0.0
  0
TEXT
  5
1109
330
17
100
AcDbEntity
  8
42-TABLO
100
AcDbText
 10
2272.552083333333
 20
430.6500000000001
 30
0.0
 40
2.4
  1
Md
  7
TRKB
 72
1
 11
2272.552083333333
 21
430.6500000000001
 31
0.0
100
AcDbText
 73
2
  0
TEXT
  5
110A
330
17
100
AcDbEntity
  8
42-TABLO
100
AcDbText
 10
2272.552083333333
 20
427.1500000000001
 30
0.0
 40
2.4
  1
(kg·m)
  7
TRKB
 72
1
 11
2272.552083333333
 21
427.1500000000001
 31
0.0
100
AcDbText
 73
2
  0
LINE
  5
110B
330
17
100
AcDbEntity
  8
43-TABLO-CERCEVE
100
AcDbLine
 10
2298.9375
 20
434.0000000000001
 30
0.0
 11
2298.9375
 21
423.8000000000001
 31
0.0
  0
TEXT
  5
110C
330
17
100
AcDbEntity
  8
42-TABLO
100
AcDbText
 10
2336.1875
 20
428.9000000000001
 30
0.0
 40
2.4
  1
(Ms+Mb)/(k·Md)
  7
TRKB
 72
1
 11
2336.1875
 21
428.9000000000001
 31
0.0
100
AcDbText
 73
2
  0
LINE
  5
110D
330
17
100
AcDbEntity
  8
43-TABLO-CERCEVE
100
AcDbLine
 10
2373.4375
 20
434.0000000000001
 30
0.0
 11
2373.4375
 21
423.8000000000001
 31
0.0
  0
TEXT
  5
110E
330
17
100
AcDbEntity
  8
42-TABLO
100
AcDbText
 10
2396.71875
 20
428.9000000000001
 30
0.0
 40
2.4
  1
Sonuç
  7
TRKB
 72
1
 11
2396.71875
 21
428.9000000000001
 31
0.0
100
AcDbText
 73
2
  0
LINE
  5
110F
330
17
100
AcDbEntity
  8
43-TABLO-CERCEVE
100
AcDbLine
 10
2420.0
 20
434.0000000000001
 30
0.0
 11
2420.0
 21
423.8000000000001
 31
0.0
  0
TEXT
  5
1110
330
17
100
AcDbEntity
  8
42-TABLO
100
AcDbText
 10
1692.0729166666667
 20
420.3000000000001
 30
0.0
 40
2.4
  1
D1
  7
TRK
 72
1
 11
1692.0729166666667
 21
420.3000000000001
 31
0.0
100
AcDbText
 73
2
  0
LINE
  5
1111
330
17
100
AcDbEntity
  8
42-TABLO
100
AcDbLine
 10
1709.1458333333333
 20
423.8000000000001
 30
0.0
 11
1709.1458333333333
 21
416.8000000000001
 31
0.0
  0
TEXT
  5
1112
330
17
100
AcDbEntity
  8
42-TABLO
100
AcDbText
 10
1730.875
 20
420.3000000000001
 30
0.0
 40
2.4
  1
K5''
  7
TRK
 72
1
 11
1730.875
 21
420.3000000000001
 31
0.0
100
AcDbText
 73
2
  0
LINE
  5
1113
330
17
100
AcDbEntity
  8
42-TABLO
100
AcDbLine
 10
1752.6041666666665
 20
423.8000000000001
 30
0.0
 11
1752.6041666666665
 21
416.8000000000001
 31
0.0
  0
TEXT
  5
1114
330
17
100
AcDbEntity
  8
42-TABLO
100
AcDbText
 10
1783.6458333333333
 20
420.3000000000001
 30
0.0
 40
2.4
  1
1,20 x 1,20
  7
TRK
 72
1
 11
1783.6458333333333
 21
420.3000000000001
 31
0.0
100
AcDbText
 73
2
  0
LINE
  5
1115
330
17
100
AcDbEntity
  8
42-TABLO
100
AcDbLine
 10
1814.6875
 20
423.8000000000001
 30
0.0
 11
1814.6875
 21
416.8000000000001
 31
0.0
  0
TEXT
  5
1116
330
17
100
AcDbEntity
  8
42-TABLO
100
AcDbText
 10
1833.3125
 20
420.3000000000001
 30
0.0
 40
2.4
  1
2,40
  7
TRK
 72
1
 11
1833.3125
 21
420.3000000000001
 31
0.0
100
AcDbText
 73
2
  0
LINE
  5
1117
330
17
100
AcDbEntity
  8
42-TABLO
100
AcDbLine
 10
1851.9375
 20
423.8000000000001
 30
0.0
 11
1851.9375
 21
416.8000000000001
 31
0.0
  0
TEXT
  5
1118
330
17
100
AcDbEntity
  8
42-TABLO
100
AcDbText
 10
1878.3229166666665
 20
420.3000000000001
 30
0.0
 40
2.4
  1
3,456
  7
TRK
 72
1
 11
1878.3229166666665
 21
420.3000000000001
 31
0.0
100
AcDbText
 73
2
  0
LINE
  5
1119
330
17
100
AcDbEntity
  8
42-TABLO
100
AcDbLine
 10
1904.7083333333335
 20
423.8000000000001
 30
0.0
 11
1904.7083333333335
 21
416.8000000000001
 31
0.0
  0
TEXT
  5
111A
330
17
100
AcDbEntity
  8
42-TABLO
100
AcDbText
 10
1931.09375
 20
420.3000000000001
 30
0.0
 40
2.4
  1
3,744
  7
TRK
 72
1
 11
1931.09375
 21
420.3000000000001
 31
0.0
100
AcDbText
 73
2
  0
LINE
  5
111B
330
17
100
AcDbEntity
  8
42-TABLO
100
AcDbLine
 10
1957.4791666666667
 20
423.8000000000001
 30
0.0
 11
1957.4791666666667
 21
416.8000000000001
 31
0.0
  0
TEXT
  5
111C
330
17
100
AcDbEntity
  8
42-TABLO
100
AcDbText
 10
1982.3125
 20
420.3000000000001
 30
0.0
 40
2.4
  1
1,44
  7
TRK
 72
1
 11
1982.3125
 21
420.3000000000001
 31
0.0
100
AcDbText
 73
2
  0
LINE
  5
111D
330
17
100
AcDbEntity
  8
42-TABLO
100
AcDbLine
 10
2007.1458333333335
 20
423.8000000000001
 30
0.0
 11
2007.1458333333335
 21
416.8000000000001
 31
0.0
  0
TEXT
  5
111E
330
17
100
AcDbEntity
  8
42-TABLO
100
AcDbText
 10
2031.9791666666667
 20
420.3000000000001
 30
0.0
 40
2.4
  1
9.347
  7
TRK
 72
1
 11
2031.9791666666667
 21
420.3000000000001
 31
0.0
100
AcDbText
 73
2
  0
LINE
  5
111F
330
17
100
AcDbEntity
  8
42-TABLO
100
AcDbLine
 10
2056.8125
 20
423.8000000000001
 30
0.0
 11
2056.8125
 21
416.8000000000001
 31
0.0
  0
TEXT
  5
1120
330
17
100
AcDbEntity
  8
42-TABLO
100
AcDbText
 10
2081.6458333333335
 20
420.3000000000001
 30
0.0
 40
2.4
  1
9,6
  7
TRK
 72
1
 11
2081.6458333333335
 21
420.3000000000001
 31
0.0
100
AcDbText
 73
2
  0
LINE
  5
1121
330
17
100
AcDbEntity
  8
42-TABLO
100
AcDbLine
 10
2106.4791666666665
 20
423.8000000000001
 30
0.0
 11
2106.4791666666665
 21
416.8000000000001
 31
0.0
  0
TEXT
  5
1122
330
17
100
AcDbEntity
  8
42-TABLO
100
AcDbText
 10
2132.864583333333
 20
420.3000000000001
 30
0.0
 40
2.4
  1
44.237
  7
TRK
 72
1
 11
2132.864583333333
 21
420.3000000000001
 31
0.0
100
AcDbText
 73
2
  0
LINE
  5
1123
330
17
100
AcDbEntity
  8
42-TABLO
100
AcDbLine
 10
2159.25
 20
423.8000000000001
 30
0.0
 11
2159.25
 21
416.8000000000001
 31
0.0
  0
TEXT
  5
1124
330
17
100
AcDbEntity
  8
42-TABLO
100
AcDbText
 10
2184.0833333333335
 20
420.3000000000001
 30
0.0
 40
2.4
  1
4.357
  7
TRK
 72
1
 11
2184.0833333333335
 21
420.3000000000001
 31
0.0
100
AcDbText
 73
2
  0
LINE
  5
1125
330
17
100
AcDbEntity
  8
42-TABLO
100
AcDbLine
 10
2208.9166666666665
 20
423.8000000000001
 30
0.0
 11
2208.9166666666665
 21
416.8000000000001
 31
0.0
  0
TEXT
  5
1126
330
17
100
AcDbEntity
  8
42-TABLO
100
AcDbText
 10
2227.5416666666665
 20
420.3000000000001
 30
0.0
 40
2.4
  1
1,000
  7
TRK
 72
1
 11
2227.5416666666665
 21
420.3000000000001
 31
0.0
100
AcDbText
 73
2
  0
LINE
  5
1127
330
17
100
AcDbEntity
  8
42-TABLO
100
AcDbLine
 10
2246.1666666666665
 20
423.8000000000001
 30
0.0
 11
2246.1666666666665
 21
416.8000000000001
 31
0.0
  0
TEXT
  5
1128
330
17
100
AcDbEntity
  8
42-TABLO
100
AcDbText
 10
2272.552083333333
 20
420.3000000000001
 30
0.0
 40
2.4
  1
31.740
  7
TRK
 72
1
 11
2272.552083333333
 21
420.3000000000001
 31
0.0
100
AcDbText
 73
2
  0
LINE
  5
1129
330
17
100
AcDbEntity
  8
42-TABLO
100
AcDbLine
 10
2298.9375
 20
423.8000000000001
 30
0.0
 11
2298.9375
 21
416.8000000000001
 31
0.0
  0
TEXT
  5
112A
330
17
100
AcDbEntity
  8
42-TABLO
100
AcDbText
 10
2336.1875
 20
420.3000000000001
 30
0.0
 40
2.4
  1
1,53
  7
TRK
 72
1
 11
2336.1875
 21
420.3000000000001
 31
0.0
100
AcDbText
 73
2
  0
LINE
  5
112B
330
17
100
AcDbEntity
  8
42-TABLO
100
AcDbLine
 10
2373.4375
 20
423.8000000000001
 30
0.0
 11
2373.4375
 21
416.8000000000001
 31
0.0
  0
TEXT
  5
112C
330
17
100
AcDbEntity
  8
42-TABLO
100
AcDbText
 10
2396.71875
 20
420.3000000000001
 30
0.0
 40
2.4
  1
UYGUN
  7
TRK
 72
1
 11
2396.71875
 21
420.3000000000001
 31
0.0
100
AcDbText
 73
2
  0
LINE
  5
112D
330
17
100
AcDbEntity
  8
42-TABLO
100
AcDbLine
 10
2420.0
 20
423.8000000000001
 30
0.0
 11
2420.0
 21
416.8000000000001
 31
0.0
  0
LINE
  5
112E
330
17
100
AcDbEntity
  8
42-TABLO
100
AcDbLine
 10
1675.0
 20
416.8000000000001
 30
0.0
 11
2420.0
 21
416.8000000000001
 31
0.0
  0
TEXT
  5
112F
330
17
100
AcDbEntity
  8
42-TABLO
100
AcDbText
 10
1692.0729166666667
 20
413.3000000000001
 30
0.0
 40
2.4
  1
D2
  7
TRK
 72
1
 11
1692.0729166666667
 21
413.3000000000001
 31
0.0
100
AcDbText
 73
2
  0
LINE
  5
1130
330
17
100
AcDbEntity
  8
42-TABLO
100
AcDbLine
 10
1709.1458333333333
 20
416.8000000000001
 30
0.0
 11
1709.1458333333333
 21
409.8000000000001
 31
0.0
  0
TEXT
  5
1131
330
17
100
AcDbEntity
  8
42-TABLO
100
AcDbText
 10
1730.875
 20
413.3000000000001
 30
0.0
 40
2.4
  1
K5''
  7
TRK
 72
1
 11
1730.875
 21
413.3000000000001
 31
0.0
100
AcDbText
 73
2
  0
LINE
  5
1132
330
17
100
AcDbEntity
  8
42-TABLO
100
AcDbLine
 10
1752.6041666666665
 20
416.8000000000001
 30
0.0
 11
1752.6041666666665
 21
409.8000000000001
 31
0.0
  0
TEXT
  5
1133
330
17
100
AcDbEntity
  8
42-TABLO
100
AcDbText
 10
1783.6458333333333
 20
413.3000000000001
 30
0.0
 40
2.4
  1
1,20 x 1,20
  7
TRK
 72
1
 11
1783.6458333333333
 21
413.3000000000001
 31
0.0
100
AcDbText
 73
2
  0
LINE
  5
1134
330
17
100
AcDbEntity
  8
42-TABLO
100
AcDbLine
 10
1814.6875
 20
416.8000000000001
 30
0.0
 11
1814.6875
 21
409.8000000000001
 31
0.0
  0
TEXT
  5
1135
330
17
100
AcDbEntity
  8
42-TABLO
100
AcDbText
 10
1833.3125
 20
413.3000000000001
 30
0.0
 40
2.4
  1
2,40
  7
TRK
 72
1
 11
1833.3125
 21
413.3000000000001
 31
0.0
100
AcDbText
 73
2
  0
LINE
  5
1136
330
17
100
AcDbEntity
  8
42-TABLO
100
AcDbLine
 10
1851.9375
 20
416.8000000000001
 30
0.0
 11
1851.9375
 21
409.8000000000001
 31
0.0
  0
TEXT
  5
1137
330
17
100
AcDbEntity
  8
42-TABLO
100
AcDbText
 10
1878.3229166666665
 20
413.3000000000001
 30
0.0
 40
2.4
  1
3,456
  7
TRK
 72
1
 11
1878.3229166666665
 21
413.3000000000001
 31
0.0
100
AcDbText
 73
2
  0
LINE
  5
1138
330
17
100
AcDbEntity
  8
42-TABLO
100
AcDbLine
 10
1904.7083333333335
 20
416.8000000000001
 30
0.0
 11
1904.7083333333335
 21
409.8000000000001
 31
0.0
  0
TEXT
  5
1139
330
17
100
AcDbEntity
  8
42-TABLO
100
AcDbText
 10
1931.09375
 20
413.3000000000001
 30
0.0
 40
2.4
  1
3,744
  7
TRK
 72
1
 11
1931.09375
 21
413.3000000000001
 31
0.0
100
AcDbText
 73
2
  0
LINE
  5
113A
330
17
100
AcDbEntity
  8
42-TABLO
100
AcDbLine
 10
1957.4791666666667
 20
416.8000000000001
 30
0.0
 11
1957.4791666666667
 21
409.8000000000001
 31
0.0
  0
TEXT
  5
113B
330
17
100
AcDbEntity
  8
42-TABLO
100
AcDbText
 10
1982.3125
 20
413.3000000000001
 30
0.0
 40
2.4
  1
1,44
  7
TRK
 72
1
 11
1982.3125
 21
413.3000000000001
 31
0.0
100
AcDbText
 73
2
  0
LINE
  5
113C
330
17
100
AcDbEntity
  8
42-TABLO
100
AcDbLine
 10
2007.1458333333335
 20
416.8000000000001
 30
0.0
 11
2007.1458333333335
 21
409.8000000000001
 31
0.0
  0
TEXT
  5
113D
330
17
100
AcDbEntity
  8
42-TABLO
100
AcDbText
 10
2031.9791666666667
 20
413.3000000000001
 30
0.0
 40
2.4
  1
9.347
  7
TRK
 72
1
 11
2031.9791666666667
 21
413.3000000000001
 31
0.0
100
AcDbText
 73
2
  0
LINE
  5
113E
330
17
100
AcDbEntity
  8
42-TABLO
100
AcDbLine
 10
2056.8125
 20
416.8000000000001
 30
0.0
 11
2056.8125
 21
409.8000000000001
 31
0.0
  0
TEXT
  5
113F
330
17
100
AcDbEntity
  8
42-TABLO
100
AcDbText
 10
2081.6458333333335
 20
413.3000000000001
 30
0.0
 40
2.4
  1
9,6
  7
TRK
 72
1
 11
2081.6458333333335
 21
413.3000000000001
 31
0.0
100
AcDbText
 73
2
  0
LINE
  5
1140
330
17
100
AcDbEntity
  8
42-TABLO
100
AcDbLine
 10
2106.4791666666665
 20
416.8000000000001
 30
0.0
 11
2106.4791666666665
 21
409.8000000000001
 31
0.0
  0
TEXT
  5
1141
330
17
100
AcDbEntity
  8
42-TABLO
100
AcDbText
 10
2132.864583333333
 20
413.3000000000001
 30
0.0
 40
2.4
  1
44.237
  7
TRK
 72
1
 11
2132.864583333333
 21
413.3000000000001
 31
0.0
100
AcDbText
 73
2
  0
LINE
  5
1142
330
17
100
AcDbEntity
  8
42-TABLO
100
AcDbLine
 10
2159.25
 20
416.8000000000001
 30
0.0
 11
2159.25
 21
409.8000000000001
 31
0.0
  0
TEXT
  5
1143
330
17
100
AcDbEntity
  8
42-TABLO
100
AcDbText
 10
2184.0833333333335
 20
413.3000000000001
 30
0.0
 40
2.4
  1
4.357
  7
TRK
 72
1
 11
2184.0833333333335
 21
413.3000000000001
 31
0.0
100
AcDbText
 73
2
  0
LINE
  5
1144
330
17
100
AcDbEntity
  8
42-TABLO
100
AcDbLine
 10
2208.9166666666665
 20
416.8000000000001
 30
0.0
 11
2208.9166666666665
 21
409.8000000000001
 31
0.0
  0
TEXT
  5
1145
330
17
100
AcDbEntity
  8
42-TABLO
100
AcDbText
 10
2227.5416666666665
 20
413.3000000000001
 30
0.0
 40
2.4
  1
1,000
  7
TRK
 72
1
 11
2227.5416666666665
 21
413.3000000000001
 31
0.0
100
AcDbText
 73
2
  0
LINE
  5
1146
330
17
100
AcDbEntity
  8
42-TABLO
100
AcDbLine
 10
2246.1666666666665
 20
416.8000000000001
 30
0.0
 11
2246.1666666666665
 21
409.8000000000001
 31
0.0
  0
TEXT
  5
1147
330
17
100
AcDbEntity
  8
42-TABLO
100
AcDbText
 10
2272.552083333333
 20
413.3000000000001
 30
0.0
 40
2.4
  1
34.805
  7
TRK
 72
1
 11
2272.552083333333
 21
413.3000000000001
 31
0.0
100
AcDbText
 73
2
  0
LINE
  5
1148
330
17
100
AcDbEntity
  8
42-TABLO
100
AcDbLine
 10
2298.9375
 20
416.8000000000001
 30
0.0
 11
2298.9375
 21
409.8000000000001
 31
0.0
  0
TEXT
  5
1149
330
17
100
AcDbEntity
  8
42-TABLO
100
AcDbText
 10
2336.1875
 20
413.3000000000001
 30
0.0
 40
2.4
  1
1,40
  7
TRK
 72
1
 11
2336.1875
 21
413.3000000000001
 31
0.0
100
AcDbText
 73
2
  0
LINE
  5
114A
330
17
100
AcDbEntity
  8
42-TABLO
100
AcDbLine
 10
2373.4375
 20
416.8000000000001
 30
0.0
 11
2373.4375
 21
409.8000000000001
 31
0.0
  0
TEXT
  5
114B
330
17
100
AcDbEntity
  8
42-TABLO
100
AcDbText
 10
2396.71875
 20
413.3000000000001
 30
0.0
 40
2.4
  1
UYGUN
  7
TRK
 72
1
 11
2396.71875
 21
413.3000000000001
 31
0.0
100
AcDbText
 73
2
  0
LINE
  5
114C
330
17
100
AcDbEntity
  8
42-TABLO
100
AcDbLine
 10
2420.0
 20
416.8000000000001
 30
0.0
 11
2420.0
 21
409.8000000000001
 31
0.0
  0
LINE
  5
114D
330
17
100
AcDbEntity
  8
42-TABLO
100
AcDbLine
 10
1675.0
 20
409.8000000000001
 30
0.0
 11
2420.0
 21
409.8000000000001
 31
0.0
  0
TEXT
  5
114E
330
17
100
AcDbEntity
  8
42-TABLO
100
AcDbText
 10
1692.0729166666667
 20
406.3000000000001
 30
0.0
 40
2.4
  1
D3
  7
TRK
 72
1
 11
1692.0729166666667
 21
406.3000000000001
 31
0.0
100
AcDbText
 73
2
  0
LINE
  5
114F
330
17
100
AcDbEntity
  8
42-TABLO
100
AcDbLine
 10
1709.1458333333333
 20
409.8000000000001
 30
0.0
 11
1709.1458333333333
 21
402.8000000000001
 31
0.0
  0
TEXT
  5
1150
330
17
100
AcDbEntity
  8
42-TABLO
100
AcDbText
 10
1730.875
 20
406.3000000000001
 30
0.0
 40
2.4
  1
12U''
  7
TRK
 72
1
 11
1730.875
 21
406.3000000000001
 31
0.0
100
AcDbText
 73
2
  0
LINE
  5
1151
330
17
100
AcDbEntity
  8
42-TABLO
100
AcDbLine
 10
1752.6041666666665
 20
409.8000000000001
 30
0.0
 11
1752.6041666666665
 21
402.8000000000001
 31
0.0
  0
TEXT
  5
1152
330
17
100
AcDbEntity
  8
42-TABLO
100
AcDbText
 10
1783.6458333333333
 20
406.3000000000001
 30
0.0
 40
2.4
  1
0,60 x 1,15
  7
TRK
 72
1
 11
1783.6458333333333
 21
406.3000000000001
 31
0.0
100
AcDbText
 73
2
  0
LINE
  5
1153
330
17
100
AcDbEntity
  8
42-TABLO
100
AcDbLine
 10
1814.6875
 20
409.8000000000001
 30
0.0
 11
1814.6875
 21
402.8000000000001
 31
0.0
  0
TEXT
  5
1154
330
17
100
AcDbEntity
  8
42-TABLO
100
AcDbText
 10
1833.3125
 20
406.3000000000001
 30
0.0
 40
2.4
  1
2,00
  7
TRK
 72
1
 11
1833.3125
 21
406.3000000000001
 31
0.0
100
AcDbText
 73
2
  0
LINE
  5
1155
330
17
100
AcDbEntity
  8
42-TABLO
100
AcDbLine
 10
1851.9375
 20
409.8000000000001
 30
0.0
 11
1851.9375
 21
402.8000000000001
 31
0.0
  0
TEXT
  5
1156
330
17
100
AcDbEntity
  8
42-TABLO
100
AcDbText
 10
1878.3229166666665
 20
406.3000000000001
 30
0.0
 40
2.4
  1
1,380
  7
TRK
 72
1
 11
1878.3229166666665
 21
406.3000000000001
 31
0.0
100
AcDbText
 73
2
  0
LINE
  5
1157
330
17
100
AcDbEntity
  8
42-TABLO
100
AcDbLine
 10
1904.7083333333335
 20
409.8000000000001
 30
0.0
 11
1904.7083333333335
 21
402.8000000000001
 31
0.0
  0
TEXT
  5
1158
330
17
100
AcDbEntity
  8
42-TABLO
100
AcDbText
 10
1931.09375
 20
406.3000000000001
 30
0.0
 40
2.4
  1
1,518
  7
TRK
 72
1
 11
1931.09375
 21
406.3000000000001
 31
0.0
100
AcDbText
 73
2
  0
LINE
  5
1159
330
17
100
AcDbEntity
  8
42-TABLO
100
AcDbLine
 10
1957.4791666666667
 20
409.8000000000001
 30
0.0
 11
1957.4791666666667
 21
402.8000000000001
 31
0.0
  0
TEXT
  5
115A
330
17
100
AcDbEntity
  8
42-TABLO
100
AcDbText
 10
1982.3125
 20
406.3000000000001
 30
0.0
 40
2.4
  1
1,05
  7
TRK
 72
1
 11
1982.3125
 21
406.3000000000001
 31
0.0
100
AcDbText
 73
2
  0
LINE
  5
115B
330
17
100
AcDbEntity
  8
42-TABLO
100
AcDbLine
 10
2007.1458333333335
 20
409.8000000000001
 30
0.0
 11
2007.1458333333335
 21
402.8000000000001
 31
0.0
  0
TEXT
  5
115C
330
17
100
AcDbEntity
  8
42-TABLO
100
AcDbText
 10
2031.9791666666667
 20
406.3000000000001
 30
0.0
 40
2.4
  1
3.851
  7
TRK
 72
1
 11
2031.9791666666667
 21
406.3000000000001
 31
0.0
100
AcDbText
 73
2
  0
LINE
  5
115D
330
17
100
AcDbEntity
  8
42-TABLO
100
AcDbLine
 10
2056.8125
 20
409.8000000000001
 30
0.0
 11
2056.8125
 21
402.8000000000001
 31
0.0
  0
TEXT
  5
115E
330
17
100
AcDbEntity
  8
42-TABLO
100
AcDbText
 10
2081.6458333333335
 20
406.3000000000001
 30
0.0
 40
2.4
  1
8,0
  7
TRK
 72
1
 11
2081.6458333333335
 21
406.3000000000001
 31
0.0
100
AcDbText
 73
2
  0
LINE
  5
115F
330
17
100
AcDbEntity
  8
42-TABLO
100
AcDbLine
 10
2106.4791666666665
 20
409.8000000000001
 30
0.0
 11
2106.4791666666665
 21
402.8000000000001
 31
0.0
  0
TEXT
  5
1160
330
17
100
AcDbEntity
  8
42-TABLO
100
AcDbText
 10
2132.864583333333
 20
406.3000000000001
 30
0.0
 40
2.4
  1
10.667
  7
TRK
 72
1
 11
2132.864583333333
 21
406.3000000000001
 31
0.0
100
AcDbText
 73
2
  0
LINE
  5
1161
330
17
100
AcDbEntity
  8
42-TABLO
100
AcDbLine
 10
2159.25
 20
409.8000000000001
 30
0.0
 11
2159.25
 21
402.8000000000001
 31
0.0
  0
TEXT
  5
1162
330
17
100
AcDbEntity
  8
42-TABLO
100
AcDbText
 10
2184.0833333333335
 20
406.3000000000001
 30
0.0
 40
2.4
  1
1.702
  7
TRK
 72
1
 11
2184.0833333333335
 21
406.3000000000001
 31
0.0
100
AcDbText
 73
2
  0
LINE
  5
1163
330
17
100
AcDbEntity
  8
42-TABLO
100
AcDbLine
 10
2208.9166666666665
 20
409.8000000000001
 30
0.0
 11
2208.9166666666665
 21
402.8000000000001
 31
0.0
  0
TEXT
  5
1164
330
17
100
AcDbEntity
  8
42-TABLO
100
AcDbText
 10
2227.5416666666665
 20
406.3000000000001
 30
0.0
 40
2.4
  1
1,000
  7
TRK
 72
1
 11
2227.5416666666665
 21
406.3000000000001
 31
0.0
100
AcDbText
 73
2
  0
LINE
  5
1165
330
17
100
AcDbEntity
  8
42-TABLO
100
AcDbLine
 10
2246.1666666666665
 20
409.8000000000001
 30
0.0
 11
2246.1666666666665
 21
402.8000000000001
 31
0.0
  0
TEXT
  5
1166
330
17
100
AcDbEntity
  8
42-TABLO
100
AcDbText
 10
2272.552083333333
 20
406.3000000000001
 30
0.0
 40
2.4
  1
2.173
  7
TRK
 72
1
 11
2272.552083333333
 21
406.3000000000001
 31
0.0
100
AcDbText
 73
2
  0
LINE
  5
1167
330
17
100
AcDbEntity
  8
42-TABLO
100
AcDbLine
 10
2298.9375
 20
409.8000000000001
 30
0.0
 11
2298.9375
 21
402.8000000000001
 31
0.0
  0
TEXT
  5
1168
330
17
100
AcDbEntity
  8
42-TABLO
100
AcDbText
 10
2336.1875
 20
406.3000000000001
 30
0.0
 40
2.4
  1
5,69
  7
TRK
 72
1
 11
2336.1875
 21
406.3000000000001
 31
0.0
100
AcDbText
 73
2
  0
LINE
  5
1169
330
17
100
AcDbEntity
  8
42-TABLO
100
AcDbLine
 10
2373.4375
 20
409.8000000000001
 30
0.0
 11
2373.4375
 21
402.8000000000001
 31
0.0
  0
TEXT
  5
116A
330
17
100
AcDbEntity
  8
42-TABLO
100
AcDbText
 10
2396.71875
 20
406.3000000000001
 30
0.0
 40
2.4
  1
UYGUN
  7
TRK
 72
1
 11
2396.71875
 21
406.3000000000001
 31
0.0
100
AcDbText
 73
2
  0
LINE
  5
116B
330
17
100
AcDbEntity
  8
42-TABLO
100
AcDbLine
 10
2420.0
 20
409.8000000000001
 30
0.0
 11
2420.0
 21
402.8000000000001
 31
0.0
  0
LINE
  5
116C
330
17
100
AcDbEntity
  8
42-TABLO
100
AcDbLine
 10
1675.0
 20
402.8000000000001
 30
0.0
 11
2420.0
 21
402.8000000000001
 31
0.0
  0
TEXT
  5
116D
330
17
100
AcDbEntity
  8
42-TABLO
100
AcDbText
 10
1692.0729166666667
 20
399.3000000000001
 30
0.0
 40
2.4
  1
D4
  7
TRK
 72
1
 11
1692.0729166666667
 21
399.3000000000001
 31
0.0
100
AcDbText
 73
2
  0
LINE
  5
116E
330
17
100
AcDbEntity
  8
42-TABLO
100
AcDbLine
 10
1709.1458333333333
 20
402.8000000000001
 30
0.0
 11
1709.1458333333333
 21
395.8000000000001
 31
0.0
  0
TEXT
  5
116F
330
17
100
AcDbEntity
  8
42-TABLO
100
AcDbText
 10
1730.875
 20
399.3000000000001
 30
0.0
 40
2.4
  1
12U''
  7
TRK
 72
1
 11
1730.875
 21
399.3000000000001
 31
0.0
100
AcDbText
 73
2
  0
LINE
  5
1170
330
17
100
AcDbEntity
  8
42-TABLO
100
AcDbLine
 10
1752.6041666666665
 20
402.8000000000001
 30
0.0
 11
1752.6041666666665
 21
395.8000000000001
 31
0.0
  0
TEXT
  5
1171
330
17
100
AcDbEntity
  8
42-TABLO
100
AcDbText
 10
1783.6458333333333
 20
399.3000000000001
 30
0.0
 40
2.4
  1
0,60 x 1,15
  7
TRK
 72
1
 11
1783.6458333333333
 21
399.3000000000001
 31
0.0
100
AcDbText
 73
2
  0
LINE
  5
1172
330
17
100
AcDbEntity
  8
42-TABLO
100
AcDbLine
 10
1814.6875
 20
402.8000000000001
 30
0.0
 11
1814.6875
 21
395.8000000000001
 31
0.0
  0
TEXT
  5
1173
330
17
100
AcDbEntity
  8
42-TABLO
100
AcDbText
 10
1833.3125
 20
399.3000000000001
 30
0.0
 40
2.4
  1
2,00
  7
TRK
 72
1
 11
1833.3125
 21
399.3000000000001
 31
0.0
100
AcDbText
 73
2
  0
LINE
  5
1174
330
17
100
AcDbEntity
  8
42-TABLO
100
AcDbLine
 10
1851.9375
 20
402.8000000000001
 30
0.0
 11
1851.9375
 21
395.8000000000001
 31
0.0
  0
TEXT
  5
1175
330
17
100
AcDbEntity
  8
42-TABLO
100
AcDbText
 10
1878.3229166666665
 20
399.3000000000001
 30
0.0
 40
2.4
  1
1,380
  7
TRK
 72
1
 11
1878.3229166666665
 21
399.3000000000001
 31
0.0
100
AcDbText
 73
2
  0
LINE
  5
1176
330
17
100
AcDbEntity
  8
42-TABLO
100
AcDbLine
 10
1904.7083333333335
 20
402.8000000000001
 30
0.0
 11
1904.7083333333335
 21
395.8000000000001
 31
0.0
  0
TEXT
  5
1177
330
17
100
AcDbEntity
  8
42-TABLO
100
AcDbText
 10
1931.09375
 20
399.3000000000001
 30
0.0
 40
2.4
  1
1,518
  7
TRK
 72
1
 11
1931.09375
 21
399.3000000000001
 31
0.0
100
AcDbText
 73
2
  0
LINE
  5
1178
330
17
100
AcDbEntity
  8
42-TABLO
100
AcDbLine
 10
1957.4791666666667
 20
402.8000000000001
 30
0.0
 11
1957.4791666666667
 21
395.8000000000001
 31
0.0
  0
TEXT
  5
1179
330
17
100
AcDbEntity
  8
42-TABLO
100
AcDbText
 10
1982.3125
 20
399.3000000000001
 30
0.0
 40
2.4
  1
1,05
  7
TRK
 72
1
 11
1982.3125
 21
399.3000000000001
 31
0.0
100
AcDbText
 73
2
  0
LINE
  5
117A
330
17
100
AcDbEntity
  8
42-TABLO
100
AcDbLine
 10
2007.1458333333335
 20
402.8000000000001
 30
0.0
 11
2007.1458333333335
 21
395.8000000000001
 31
0.0
  0
TEXT
  5
117B
330
17
100
AcDbEntity
  8
42-TABLO
100
AcDbText
 10
2031.9791666666667
 20
399.3000000000001
 30
0.0
 40
2.4
  1
3.851
  7
TRK
 72
1
 11
2031.9791666666667
 21
399.3000000000001
 31
0.0
100
AcDbText
 73
2
  0
LINE
  5
117C
330
17
100
AcDbEntity
  8
42-TABLO
100
AcDbLine
 10
2056.8125
 20
402.8000000000001
 30
0.0
 11
2056.8125
 21
395.8000000000001
 31
0.0
  0
TEXT
  5
117D
330
17
100
AcDbEntity
  8
42-TABLO
100
AcDbText
 10
2081.6458333333335
 20
399.3000000000001
 30
0.0
 40
2.4
  1
8,0
  7
TRK
 72
1
 11
2081.6458333333335
 21
399.3000000000001
 31
0.0
100
AcDbText
 73
2
  0
LINE
  5
117E
330
17
100
AcDbEntity
  8
42-TABLO
100
AcDbLine
 10
2106.4791666666665
 20
402.8000000000001
 30
0.0
 11
2106.4791666666665
 21
395.8000000000001
 31
0.0
  0
TEXT
  5
117F
330
17
100
AcDbEntity
  8
42-TABLO
100
AcDbText
 10
2132.864583333333
 20
399.3000000000001
 30
0.0
 40
2.4
  1
10.667
  7
TRK
 72
1
 11
2132.864583333333
 21
399.3000000000001
 31
0.0
100
AcDbText
 73
2
  0
LINE
  5
1180
330
17
100
AcDbEntity
  8
42-TABLO
100
AcDbLine
 10
2159.25
 20
402.8000000000001
 30
0.0
 11
2159.25
 21
395.8000000000001
 31
0.0
  0
TEXT
  5
1181
330
17
100
AcDbEntity
  8
42-TABLO
100
AcDbText
 10
2184.0833333333335
 20
399.3000000000001
 30
0.0
 40
2.4
  1
1.702
  7
TRK
 72
1
 11
2184.0833333333335
 21
399.3000000000001
 31
0.0
100
AcDbText
 73
2
  0
LINE
  5
1182
330
17
100
AcDbEntity
  8
42-TABLO
100
AcDbLine
 10
2208.9166666666665
 20
402.8000000000001
 30
0.0
 11
2208.9166666666665
 21
395.8000000000001
 31
0.0
  0
TEXT
  5
1183
330
17
100
AcDbEntity
  8
42-TABLO
100
AcDbText
 10
2227.5416666666665
 20
399.3000000000001
 30
0.0
 40
2.4
  1
1,000
  7
TRK
 72
1
 11
2227.5416666666665
 21
399.3000000000001
 31
0.0
100
AcDbText
 73
2
  0
LINE
  5
1184
330
17
100
AcDbEntity
  8
42-TABLO
100
AcDbLine
 10
2246.1666666666665
 20
402.8000000000001
 30
0.0
 11
2246.1666666666665
 21
395.8000000000001
 31
0.0
  0
TEXT
  5
1185
330
17
100
AcDbEntity
  8
42-TABLO
100
AcDbText
 10
2272.552083333333
 20
399.3000000000001
 30
0.0
 40
2.4
  1
2.173
  7
TRK
 72
1
 11
2272.552083333333
 21
399.3000000000001
 31
0.0
100
AcDbText
 73
2
  0
LINE
  5
1186
330
17
100
AcDbEntity
  8
42-TABLO
100
AcDbLine
 10
2298.9375
 20
402.8000000000001
 30
0.0
 11
2298.9375
 21
395.8000000000001
 31
0.0
  0
TEXT
  5
1187
330
17
100
AcDbEntity
  8
42-TABLO
100
AcDbText
 10
2336.1875
 20
399.3000000000001
 30
0.0
 40
2.4
  1
5,69
  7
TRK
 72
1
 11
2336.1875
 21
399.3000000000001
 31
0.0
100
AcDbText
 73
2
  0
LINE
  5
1188
330
17
100
AcDbEntity
  8
42-TABLO
100
AcDbLine
 10
2373.4375
 20
402.8000000000001
 30
0.0
 11
2373.4375
 21
395.8000000000001
 31
0.0
  0
TEXT
  5
1189
330
17
100
AcDbEntity
  8
42-TABLO
100
AcDbText
 10
2396.71875
 20
399.3000000000001
 30
0.0
 40
2.4
  1
UYGUN
  7
TRK
 72
1
 11
2396.71875
 21
399.3000000000001
 31
0.0
100
AcDbText
 73
2
  0
LINE
  5
118A
330
17
100
AcDbEntity
  8
42-TABLO
100
AcDbLine
 10
2420.0
 20
402.8000000000001
 30
0.0
 11
2420.0
 21
395.8000000000001
 31
0.0
  0
LINE
  5
118B
330
17
100
AcDbEntity
  8
42-TABLO
100
AcDbLine
 10
1675.0
 20
395.8000000000001
 30
0.0
 11
2420.0
 21
395.8000000000001
 31
0.0
  0
TEXT
  5
118C
330
17
100
AcDbEntity
  8
42-TABLO
100
AcDbText
 10
1692.0729166666667
 20
392.3000000000001
 30
0.0
 40
2.4
  1
D5
  7
TRK
 72
1
 11
1692.0729166666667
 21
392.3000000000001
 31
0.0
100
AcDbText
 73
2
  0
LINE
  5
118D
330
17
100
AcDbEntity
  8
42-TABLO
100
AcDbLine
 10
1709.1458333333333
 20
395.8000000000001
 30
0.0
 11
1709.1458333333333
 21
388.8000000000001
 31
0.0
  0
TEXT
  5
118E
330
17
100
AcDbEntity
  8
42-TABLO
100
AcDbText
 10
1730.875
 20
392.3000000000001
 30
0.0
 40
2.4
  1
K5''
  7
TRK
 72
1
 11
1730.875
 21
392.3000000000001
 31
0.0
100
AcDbText
 73
2
  0
LINE
  5
118F
330
17
100
AcDbEntity
  8
42-TABLO
100
AcDbLine
 10
1752.6041666666665
 20
395.8000000000001
 30
0.0
 11
1752.6041666666665
 21
388.8000000000001
 31
0.0
  0
TEXT
  5
1190
330
17
100
AcDbEntity
  8
42-TABLO
100
AcDbText
 10
1783.6458333333333
 20
392.3000000000001
 30
0.0
 40
2.4
  1
1,20 x 1,20
  7
TRK
 72
1
 11
1783.6458333333333
 21
392.3000000000001
 31
0.0
100
AcDbText
 73
2
  0
LINE
  5
1191
330
17
100
AcDbEntity
  8
42-TABLO
100
AcDbLine
 10
1814.6875
 20
395.8000000000001
 30
0.0
 11
1814.6875
 21
388.8000000000001
 31
0.0
  0
TEXT
  5
1192
330
17
100
AcDbEntity
  8
42-TABLO
100
AcDbText
 10
1833.3125
 20
392.3000000000001
 30
0.0
 40
2.4
  1
2,40
  7
TRK
 72
1
 11
1833.3125
 21
392.3000000000001
 31
0.0
100
AcDbText
 73
2
  0
LINE
  5
1193
330
17
100
AcDbEntity
  8
42-TABLO
100
AcDbLine
 10
1851.9375
 20
395.8000000000001
 30
0.0
 11
1851.9375
 21
388.8000000000001
 31
0.0
  0
TEXT
  5
1194
330
17
100
AcDbEntity
  8
42-TABLO
100
AcDbText
 10
1878.3229166666665
 20
392.3000000000001
 30
0.0
 40
2.4
  1
3,456
  7
TRK
 72
1
 11
1878.3229166666665
 21
392.3000000000001
 31
0.0
100
AcDbText
 73
2
  0
LINE
  5
1195
330
17
100
AcDbEntity
  8
42-TABLO
100
AcDbLine
 10
1904.7083333333335
 20
395.8000000000001
 30
0.0
 11
1904.7083333333335
 21
388.8000000000001
 31
0.0
  0
TEXT
  5
1196
330
17
100
AcDbEntity
  8
42-TABLO
100
AcDbText
 10
1931.09375
 20
392.3000000000001
 30
0.0
 40
2.4
  1
3,744
  7
TRK
 72
1
 11
1931.09375
 21
392.3000000000001
 31
0.0
100
AcDbText
 73
2
  0
LINE
  5
1197
330
17
100
AcDbEntity
  8
42-TABLO
100
AcDbLine
 10
1957.4791666666667
 20
395.8000000000001
 30
0.0
 11
1957.4791666666667
 21
388.8000000000001
 31
0.0
  0
TEXT
  5
1198
330
17
100
AcDbEntity
  8
42-TABLO
100
AcDbText
 10
1982.3125
 20
392.3000000000001
 30
0.0
 40
2.4
  1
1,44
  7
TRK
 72
1
 11
1982.3125
 21
392.3000000000001
 31
0.0
100
AcDbText
 73
2
  0
LINE
  5
1199
330
17
100
AcDbEntity
  8
42-TABLO
100
AcDbLine
 10
2007.1458333333335
 20
395.8000000000001
 30
0.0
 11
2007.1458333333335
 21
388.8000000000001
 31
0.0
  0
TEXT
  5
119A
330
17
100
AcDbEntity
  8
42-TABLO
100
AcDbText
 10
2031.9791666666667
 20
392.3000000000001
 30
0.0
 40
2.4
  1
9.347
  7
TRK
 72
1
 11
2031.9791666666667
 21
392.3000000000001
 31
0.0
100
AcDbText
 73
2
  0
LINE
  5
119B
330
17
100
AcDbEntity
  8
42-TABLO
100
AcDbLine
 10
2056.8125
 20
395.8000000000001
 30
0.0
 11
2056.8125
 21
388.8000000000001
 31
0.0
  0
TEXT
  5
119C
330
17
100
AcDbEntity
  8
42-TABLO
100
AcDbText
 10
2081.6458333333335
 20
392.3000000000001
 30
0.0
 40
2.4
  1
9,6
  7
TRK
 72
1
 11
2081.6458333333335
 21
392.3000000000001
 31
0.0
100
AcDbText
 73
2
  0
LINE
  5
119D
330
17
100
AcDbEntity
  8
42-TABLO
100
AcDbLine
 10
2106.4791666666665
 20
395.8000000000001
 30
0.0
 11
2106.4791666666665
 21
388.8000000000001
 31
0.0
  0
TEXT
  5
119E
330
17
100
AcDbEntity
  8
42-TABLO
100
AcDbText
 10
2132.864583333333
 20
392.3000000000001
 30
0.0
 40
2.4
  1
44.237
  7
TRK
 72
1
 11
2132.864583333333
 21
392.3000000000001
 31
0.0
100
AcDbText
 73
2
  0
LINE
  5
119F
330
17
100
AcDbEntity
  8
42-TABLO
100
AcDbLine
 10
2159.25
 20
395.8000000000001
 30
0.0
 11
2159.25
 21
388.8000000000001
 31
0.0
  0
TEXT
  5
11A0
330
17
100
AcDbEntity
  8
42-TABLO
100
AcDbText
 10
2184.0833333333335
 20
392.3000000000001
 30
0.0
 40
2.4
  1
4.357
  7
TRK
 72
1
 11
2184.0833333333335
 21
392.3000000000001
 31
0.0
100
AcDbText
 73
2
  0
LINE
  5
11A1
330
17
100
AcDbEntity
  8
42-TABLO
100
AcDbLine
 10
2208.9166666666665
 20
395.8000000000001
 30
0.0
 11
2208.9166666666665
 21
388.8000000000001
 31
0.0
  0
TEXT
  5
11A2
330
17
100
AcDbEntity
  8
42-TABLO
100
AcDbText
 10
2227.5416666666665
 20
392.3000000000001
 30
0.0
 40
2.4
  1
1,000
  7
TRK
 72
1
 11
2227.5416666666665
 21
392.3000000000001
 31
0.0
100
AcDbText
 73
2
  0
LINE
  5
11A3
330
17
100
AcDbEntity
  8
42-TABLO
100
AcDbLine
 10
2246.1666666666665
 20
395.8000000000001
 30
0.0
 11
2246.1666666666665
 21
388.8000000000001
 31
0.0
  0
TEXT
  5
11A4
330
17
100
AcDbEntity
  8
42-TABLO
100
AcDbText
 10
2272.552083333333
 20
392.3000000000001
 30
0.0
 40
2.4
  1
42.694
  7
TRK
 72
1
 11
2272.552083333333
 21
392.3000000000001
 31
0.0
100
AcDbText
 73
2
  0
LINE
  5
11A5
330
17
100
AcDbEntity
  8
42-TABLO
100
AcDbLine
 10
2298.9375
 20
395.8000000000001
 30
0.0
 11
2298.9375
 21
388.8000000000001
 31
0.0
  0
TEXT
  5
11A6
330
17
100
AcDbEntity
  8
42-TABLO
100
AcDbText
 10
2336.1875
 20
392.3000000000001
 30
0.0
 40
2.4
  1
1,14
  7
TRK
 72
1
 11
2336.1875
 21
392.3000000000001
 31
0.0
100
AcDbText
 73
2
  0
LINE
  5
11A7
330
17
100
AcDbEntity
  8
42-TABLO
100
AcDbLine
 10
2373.4375
 20
395.8000000000001
 30
0.0
 11
2373.4375
 21
388.8000000000001
 31
0.0
  0
TEXT
  5
11A8
330
17
100
AcDbEntity
  8
42-TABLO
100
AcDbText
 10
2396.71875
 20
392.3000000000001
 30
0.0
 40
2.4
  1
UYGUN
  7
TRK
 72
1
 11
2396.71875
 21
392.3000000000001
 31
0.0
100
AcDbText
 73
2
  0
LINE
  5
11A9
330
17
100
AcDbEntity
  8
42-TABLO
100
AcDbLine
 10
2420.0
 20
395.8000000000001
 30
0.0
 11
2420.0
 21
388.8000000000001
 31
0.0
  0
LINE
  5
11AA
330
17
100
AcDbEntity
  8
42-TABLO
100
AcDbLine
 10
1675.0
 20
388.8000000000001
 30
0.0
 11
2420.0
 21
388.8000000000001
 31
0.0
  0
TEXT
  5
11AB
330
17
100
AcDbEntity
  8
42-TABLO
100
AcDbText
 10
1692.0729166666667
 20
385.3000000000001
 30
0.0
 40
2.4
  1
D6
  7
TRK
 72
1
 11
1692.0729166666667
 21
385.3000000000001
 31
0.0
100
AcDbText
 73
2
  0
LINE
  5
11AC
330
17
100
AcDbEntity
  8
42-TABLO
100
AcDbLine
 10
1709.1458333333333
 20
388.8000000000001
 30
0.0
 11
1709.1458333333333
 21
381.8000000000001
 31
0.0
  0
TEXT
  5
11AD
330
17
100
AcDbEntity
  8
42-TABLO
100
AcDbText
 10
1730.875
 20
385.3000000000001
 30
0.0
 40
2.4
  1
K4''
  7
TRK
 72
1
 11
1730.875
 21
385.3000000000001
 31
0.0
100
AcDbText
 73
2
  0
LINE
  5
11AE
330
17
100
AcDbEntity
  8
42-TABLO
100
AcDbLine
 10
1752.6041666666665
 20
388.8000000000001
 30
0.0
 11
1752.6041666666665
 21
381.8000000000001
 31
0.0
  0
TEXT
  5
11AF
330
17
100
AcDbEntity
  8
42-TABLO
100
AcDbText
 10
1783.6458333333333
 20
385.3000000000001
 30
0.0
 40
2.4
  1
1,20 x 1,20
  7
TRK
 72
1
 11
1783.6458333333333
 21
385.3000000000001
 31
0.0
100
AcDbText
 73
2
  0
LINE
  5
11B0
330
17
100
AcDbEntity
  8
42-TABLO
100
AcDbLine
 10
1814.6875
 20
388.8000000000001
 30
0.0
 11
1814.6875
 21
381.8000000000001
 31
0.0
  0
TEXT
  5
11B1
330
17
100
AcDbEntity
  8
42-TABLO
100
AcDbText
 10
1833.3125
 20
385.3000000000001
 30
0.0
 40
2.4
  1
2,30
  7
TRK
 72
1
 11
1833.3125
 21
385.3000000000001
 31
0.0
100
AcDbText
 73
2
  0
LINE
  5
11B2
330
17
100
AcDbEntity
  8
42-TABLO
100
AcDbLine
 10
1851.9375
 20
388.8000000000001
 30
0.0
 11
1851.9375
 21
381.8000000000001
 31
0.0
  0
TEXT
  5
11B3
330
17
100
AcDbEntity
  8
42-TABLO
100
AcDbText
 10
1878.3229166666665
 20
385.3000000000001
 30
0.0
 40
2.4
  1
3,312
  7
TRK
 72
1
 11
1878.3229166666665
 21
385.3000000000001
 31
0.0
100
AcDbText
 73
2
  0
LINE
  5
11B4
330
17
100
AcDbEntity
  8
42-TABLO
100
AcDbLine
 10
1904.7083333333335
 20
388.8000000000001
 30
0.0
 11
1904.7083333333335
 21
381.8000000000001
 31
0.0
  0
TEXT
  5
11B5
330
17
100
AcDbEntity
  8
42-TABLO
100
AcDbText
 10
1931.09375
 20
385.3000000000001
 30
0.0
 40
2.4
  1
3,600
  7
TRK
 72
1
 11
1931.09375
 21
385.3000000000001
 31
0.0
100
AcDbText
 73
2
  0
LINE
  5
11B6
330
17
100
AcDbEntity
  8
42-TABLO
100
AcDbLine
 10
1957.4791666666667
 20
388.8000000000001
 30
0.0
 11
1957.4791666666667
 21
381.8000000000001
 31
0.0
  0
TEXT
  5
11B7
330
17
100
AcDbEntity
  8
42-TABLO
100
AcDbText
 10
1982.3125
 20
385.3000000000001
 30
0.0
 40
2.4
  1
1,44
  7
TRK
 72
1
 11
1982.3125
 21
385.3000000000001
 31
0.0
100
AcDbText
 73
2
  0
LINE
  5
11B8
330
17
100
AcDbEntity
  8
42-TABLO
100
AcDbLine
 10
2007.1458333333335
 20
388.8000000000001
 30
0.0
 11
2007.1458333333335
 21
381.8000000000001
 31
0.0
  0
TEXT
  5
11B9
330
17
100
AcDbEntity
  8
42-TABLO
100
AcDbText
 10
2031.9791666666667
 20
385.3000000000001
 30
0.0
 40
2.4
  1
8.854
  7
TRK
 72
1
 11
2031.9791666666667
 21
385.3000000000001
 31
0.0
100
AcDbText
 73
2
  0
LINE
  5
11BA
330
17
100
AcDbEntity
  8
42-TABLO
100
AcDbLine
 10
2056.8125
 20
388.8000000000001
 30
0.0
 11
2056.8125
 21
381.8000000000001
 31
0.0
  0
TEXT
  5
11BB
330
17
100
AcDbEntity
  8
42-TABLO
100
AcDbText
 10
2081.6458333333335
 20
385.3000000000001
 30
0.0
 40
2.4
  1
9,2
  7
TRK
 72
1
 11
2081.6458333333335
 21
385.3000000000001
 31
0.0
100
AcDbText
 73
2
  0
LINE
  5
11BC
330
17
100
AcDbEntity
  8
42-TABLO
100
AcDbLine
 10
2106.4791666666665
 20
388.8000000000001
 30
0.0
 11
2106.4791666666665
 21
381.8000000000001
 31
0.0
  0
TEXT
  5
11BD
330
17
100
AcDbEntity
  8
42-TABLO
100
AcDbText
 10
2132.864583333333
 20
385.3000000000001
 30
0.0
 40
2.4
  1
37.312
  7
TRK
 72
1
 11
2132.864583333333
 21
385.3000000000001
 31
0.0
100
AcDbText
 73
2
  0
LINE
  5
11BE
330
17
100
AcDbEntity
  8
42-TABLO
100
AcDbLine
 10
2159.25
 20
388.8000000000001
 30
0.0
 11
2159.25
 21
381.8000000000001
 31
0.0
  0
TEXT
  5
11BF
330
17
100
AcDbEntity
  8
42-TABLO
100
AcDbText
 10
2184.0833333333335
 20
385.3000000000001
 30
0.0
 40
2.4
  1
4.134
  7
TRK
 72
1
 11
2184.0833333333335
 21
385.3000000000001
 31
0.0
100
AcDbText
 73
2
  0
LINE
  5
11C0
330
17
100
AcDbEntity
  8
42-TABLO
100
AcDbLine
 10
2208.9166666666665
 20
388.8000000000001
 30
0.0
 11
2208.9166666666665
 21
381.8000000000001
 31
0.0
  0
TEXT
  5
11C1
330
17
100
AcDbEntity
  8
42-TABLO
100
AcDbText
 10
2227.5416666666665
 20
385.3000000000001
 30
0.0
 40
2.4
  1
1,000
  7
TRK
 72
1
 11
2227.5416666666665
 21
385.3000000000001
 31
0.0
100
AcDbText
 73
2
  0
LINE
  5
11C2
330
17
100
AcDbEntity
  8
42-TABLO
100
AcDbLine
 10
2246.1666666666665
 20
388.8000000000001
 30
0.0
 11
2246.1666666666665
 21
381.8000000000001
 31
0.0
  0
TEXT
  5
11C3
330
17
100
AcDbEntity
  8
42-TABLO
100
AcDbText
 10
2272.552083333333
 20
385.3000000000001
 30
0.0
 40
2.4
  1
22.581
  7
TRK
 72
1
 11
2272.552083333333
 21
385.3000000000001
 31
0.0
100
AcDbText
 73
2
  0
LINE
  5
11C4
330
17
100
AcDbEntity
  8
42-TABLO
100
AcDbLine
 10
2298.9375
 20
388.8000000000001
 30
0.0
 11
2298.9375
 21
381.8000000000001
 31
0.0
  0
TEXT
  5
11C5
330
17
100
AcDbEntity
  8
42-TABLO
100
AcDbText
 10
2336.1875
 20
385.3000000000001
 30
0.0
 40
2.4
  1
1,84
  7
TRK
 72
1
 11
2336.1875
 21
385.3000000000001
 31
0.0
100
AcDbText
 73
2
  0
LINE
  5
11C6
330
17
100
AcDbEntity
  8
42-TABLO
100
AcDbLine
 10
2373.4375
 20
388.8000000000001
 30
0.0
 11
2373.4375
 21
381.8000000000001
 31
0.0
  0
TEXT
  5
11C7
330
17
100
AcDbEntity
  8
42-TABLO
100
AcDbText
 10
2396.71875
 20
385.3000000000001
 30
0.0
 40
2.4
  1
UYGUN
  7
TRK
 72
1
 11
2396.71875
 21
385.3000000000001
 31
0.0
100
AcDbText
 73
2
  0
LINE
  5
11C8
330
17
100
AcDbEntity
  8
42-TABLO
100
AcDbLine
 10
2420.0
 20
388.8000000000001
 30
0.0
 11
2420.0
 21
381.8000000000001
 31
0.0
  0
LINE
  5
11C9
330
17
100
AcDbEntity
  8
42-TABLO
100
AcDbLine
 10
1675.0
 20
381.8000000000001
 30
0.0
 11
2420.0
 21
381.8000000000001
 31
0.0
  0
TEXT
  5
11CA
330
17
100
AcDbEntity
  8
42-TABLO
100
AcDbText
 10
1692.0729166666667
 20
378.3000000000001
 30
0.0
 40
2.4
  1

  7
TRK
 72
1
 11
1692.0729166666667
 21
378.3000000000001
 31
0.0
100
AcDbText
 73
2
  0
LINE
  5
11CB
330
17
100
AcDbEntity
  8
42-TABLO
100
AcDbLine
 10
1709.1458333333333
 20
381.8000000000001
 30
0.0
 11
1709.1458333333333
 21
374.8000000000001
 31
0.0
  0
TEXT
  5
11CC
330
17
100
AcDbEntity
  8
42-TABLO
100
AcDbText
 10
1730.875
 20
378.3000000000001
 30
0.0
 40
2.4
  1
TOPLAM
  7
TRK
 72
1
 11
1730.875
 21
378.3000000000001
 31
0.0
100
AcDbText
 73
2
  0
LINE
  5
11CD
330
17
100
AcDbEntity
  8
42-TABLO
100
AcDbLine
 10
1752.6041666666665
 20
381.8000000000001
 30
0.0
 11
1752.6041666666665
 21
374.8000000000001
 31
0.0
  0
TEXT
  5
11CE
330
17
100
AcDbEntity
  8
42-TABLO
100
AcDbText
 10
1783.6458333333333
 20
378.3000000000001
 30
0.0
 40
2.4
  1

  7
TRK
 72
1
 11
1783.6458333333333
 21
378.3000000000001
 31
0.0
100
AcDbText
 73
2
  0
LINE
  5
11CF
330
17
100
AcDbEntity
  8
42-TABLO
100
AcDbLine
 10
1814.6875
 20
381.8000000000001
 30
0.0
 11
1814.6875
 21
374.8000000000001
 31
0.0
  0
TEXT
  5
11D0
330
17
100
AcDbEntity
  8
42-TABLO
100
AcDbText
 10
1833.3125
 20
378.3000000000001
 30
0.0
 40
2.4
  1

  7
TRK
 72
1
 11
1833.3125
 21
378.3000000000001
 31
0.0
100
AcDbText
 73
2
  0
LINE
  5
11D1
330
17
100
AcDbEntity
  8
42-TABLO
100
AcDbLine
 10
1851.9375
 20
381.8000000000001
 30
0.0
 11
1851.9375
 21
374.8000000000001
 31
0.0
  0
TEXT
  5
11D2
330
17
100
AcDbEntity
  8
42-TABLO
100
AcDbText
 10
1878.3229166666665
 20
378.3000000000001
 30
0.0
 40
2.4
  1
16,440
  7
TRK
 72
1
 11
1878.3229166666665
 21
378.3000000000001
 31
0.0
100
AcDbText
 73
2
  0
LINE
  5
11D3
330
17
100
AcDbEntity
  8
42-TABLO
100
AcDbLine
 10
1904.7083333333335
 20
381.8000000000001
 30
0.0
 11
1904.7083333333335
 21
374.8000000000001
 31
0.0
  0
TEXT
  5
11D4
330
17
100
AcDbEntity
  8
42-TABLO
100
AcDbText
 10
1931.09375
 20
378.3000000000001
 30
0.0
 40
2.4
  1
17,868
  7
TRK
 72
1
 11
1931.09375
 21
378.3000000000001
 31
0.0
100
AcDbText
 73
2
  0
LINE
  5
11D5
330
17
100
AcDbEntity
  8
42-TABLO
100
AcDbLine
 10
1957.4791666666667
 20
381.8000000000001
 30
0.0
 11
1957.4791666666667
 21
374.8000000000001
 31
0.0
  0
TEXT
  5
11D6
330
17
100
AcDbEntity
  8
42-TABLO
100
AcDbText
 10
1982.3125
 20
378.3000000000001
 30
0.0
 40
2.4
  1
7,86
  7
TRK
 72
1
 11
1982.3125
 21
378.3000000000001
 31
0.0
100
AcDbText
 73
2
  0
LINE
  5
11D7
330
17
100
AcDbEntity
  8
42-TABLO
100
AcDbLine
 10
2007.1458333333335
 20
381.8000000000001
 30
0.0
 11
2007.1458333333335
 21
374.8000000000001
 31
0.0
  0
TEXT
  5
11D8
330
17
100
AcDbEntity
  8
42-TABLO
100
AcDbText
 10
2031.9791666666667
 20
378.3000000000001
 30
0.0
 40
2.4
  1

  7
TRK
 72
1
 11
2031.9791666666667
 21
378.3000000000001
 31
0.0
100
AcDbText
 73
2
  0
LINE
  5
11D9
330
17
100
AcDbEntity
  8
42-TABLO
100
AcDbLine
 10
2056.8125
 20
381.8000000000001
 30
0.0
 11
2056.8125
 21
374.8000000000001
 31
0.0
  0
TEXT
  5
11DA
330
17
100
AcDbEntity
  8
42-TABLO
100
AcDbText
 10
2081.6458333333335
 20
378.3000000000001
 30
0.0
 40
2.4
  1

  7
TRK
 72
1
 11
2081.6458333333335
 21
378.3000000000001
 31
0.0
100
AcDbText
 73
2
  0
LINE
  5
11DB
330
17
100
AcDbEntity
  8
42-TABLO
100
AcDbLine
 10
2106.4791666666665
 20
381.8000000000001
 30
0.0
 11
2106.4791666666665
 21
374.8000000000001
 31
0.0
  0
TEXT
  5
11DC
330
17
100
AcDbEntity
  8
42-TABLO
100
AcDbText
 10
2132.864583333333
 20
378.3000000000001
 30
0.0
 40
2.4
  1

  7
TRK
 72
1
 11
2132.864583333333
 21
378.3000000000001
 31
0.0
100
AcDbText
 73
2
  0
LINE
  5
11DD
330
17
100
AcDbEntity
  8
42-TABLO
100
AcDbLine
 10
2159.25
 20
381.8000000000001
 30
0.0
 11
2159.25
 21
374.8000000000001
 31
0.0
  0
TEXT
  5
11DE
330
17
100
AcDbEntity
  8
42-TABLO
100
AcDbText
 10
2184.0833333333335
 20
378.3000000000001
 30
0.0
 40
2.4
  1

  7
TRK
 72
1
 11
2184.0833333333335
 21
378.3000000000001
 31
0.0
100
AcDbText
 73
2
  0
LINE
  5
11DF
330
17
100
AcDbEntity
  8
42-TABLO
100
AcDbLine
 10
2208.9166666666665
 20
381.8000000000001
 30
0.0
 11
2208.9166666666665
 21
374.8000000000001
 31
0.0
  0
TEXT
  5
11E0
330
17
100
AcDbEntity
  8
42-TABLO
100
AcDbText
 10
2227.5416666666665
 20
378.3000000000001
 30
0.0
 40
2.4
  1

  7
TRK
 72
1
 11
2227.5416666666665
 21
378.3000000000001
 31
0.0
100
AcDbText
 73
2
  0
LINE
  5
11E1
330
17
100
AcDbEntity
  8
42-TABLO
100
AcDbLine
 10
2246.1666666666665
 20
381.8000000000001
 30
0.0
 11
2246.1666666666665
 21
374.8000000000001
 31
0.0
  0
TEXT
  5
11E2
330
17
100
AcDbEntity
  8
42-TABLO
100
AcDbText
 10
2272.552083333333
 20
378.3000000000001
 30
0.0
 40
2.4
  1

  7
TRK
 72
1
 11
2272.552083333333
 21
378.3000000000001
 31
0.0
100
AcDbText
 73
2
  0
LINE
  5
11E3
330
17
100
AcDbEntity
  8
42-TABLO
100
AcDbLine
 10
2298.9375
 20
381.8000000000001
 30
0.0
 11
2298.9375
 21
374.8000000000001
 31
0.0
  0
TEXT
  5
11E4
330
17
100
AcDbEntity
  8
42-TABLO
100
AcDbText
 10
2336.1875
 20
378.3000000000001
 30
0.0
 40
2.4
  1

  7
TRK
 72
1
 11
2336.1875
 21
378.3000000000001
 31
0.0
100
AcDbText
 73
2
  0
LINE
  5
11E5
330
17
100
AcDbEntity
  8
42-TABLO
100
AcDbLine
 10
2373.4375
 20
381.8000000000001
 30
0.0
 11
2373.4375
 21
374.8000000000001
 31
0.0
  0
TEXT
  5
11E6
330
17
100
AcDbEntity
  8
42-TABLO
100
AcDbText
 10
2396.71875
 20
378.3000000000001
 30
0.0
 40
2.4
  1

  7
TRK
 72
1
 11
2396.71875
 21
378.3000000000001
 31
0.0
100
AcDbText
 73
2
  0
LINE
  5
11E7
330
17
100
AcDbEntity
  8
42-TABLO
100
AcDbLine
 10
2420.0
 20
381.8000000000001
 30
0.0
 11
2420.0
 21
374.8000000000001
 31
0.0
  0
LINE
  5
11E8
330
17
100
AcDbEntity
  8
42-TABLO
100
AcDbLine
 10
1675.0
 20
374.8000000000001
 30
0.0
 11
2420.0
 21
374.8000000000001
 31
0.0
  0
LINE
  5
11E9
330
17
100
AcDbEntity
  8
43-TABLO-CERCEVE
100
AcDbLine
 10
1675.0
 20
434.0000000000001
 30
0.0
 11
1675.0
 21
374.8000000000001
 31
0.0
  0
LINE
  5
11EA
330
17
100
AcDbEntity
  8
43-TABLO-CERCEVE
100
AcDbLine
 10
2420.0
 20
434.0000000000001
 30
0.0
 11
2420.0
 21
374.8000000000001
 31
0.0
  0
LINE
  5
11EB
330
17
100
AcDbEntity
  8
43-TABLO-CERCEVE
100
AcDbLine
 10
1675.0
 20
374.8000000000001
 30
0.0
 11
2420.0
 21
374.8000000000001
 31
0.0
  0
TEXT
  5
11EC
330
17
100
AcDbEntity
  8
42-TABLO
100
AcDbText
 10
1675.0
 20
370.3000000000001
 30
0.0
 40
2.2
  1
Ms = b·t³·Ct·tan\U+03b1/36 ; Mb = G·a·(0,5 - 0,47·\U+221a(G/(b·a²·Ct·tan\U+03b1))) ; Ct = C(2m)·t/2, C(2m) = 8 kg/cm³, tan\U+03b1 = 0,01 ; Md = F_tepe·(H + 2t/3).
  7
TRK
 11
1675.0
 21
370.3000000000001
 31
0.0
100
AcDbText
  0
TEXT
  5
11ED
330
17
100
AcDbEntity
  8
42-TABLO
100
AcDbText
 10
1675.0
 20
366.3000000000001
 30
0.0
 40
2.2
  1
Beton hacmi = a·b·(t + 0,20 m yaðmurluk) ; beton yoðunluðu 2.200 kg/m³ (EKATY 56-b/5) ; kazý = a·b·t ; temel boyutlarý TEDAÞ müþterek direk tip temelleridir.
  7
TRK
 11
1675.0
 21
366.3000000000001
 31
0.0
100
AcDbText
  0
TEXT
  5
11EE
330
17
100
AcDbEntity
  8
02-BASLIK
100
AcDbText
 10
1675.0
 20
352.8000000000001
 30
0.0
 40
3.6
  1
PROJE ESASLARI
  7
TRKB
 11
1675.0
 21
352.8000000000001
 31
0.0
100
AcDbText
 73
1
  0
LWPOLYLINE
  5
11EF
330
17
100
AcDbEntity
  8
43-TABLO-CERCEVE
100
AcDbPolyline
 90
4
 70
1
 10
1675.0
 20
344.0000000000001
 10
2205.0
 20
344.0000000000001
 10
2205.0
 20
350.8000000000001
 10
1675.0
 20
350.8000000000001
  0
LINE
  5
11F0
330
17
100
AcDbEntity
  8
43-TABLO-CERCEVE
100
AcDbLine
 10
1675.0
 20
344.8000000000001
 30
0.0
 11
2205.0
 21
344.8000000000001
 31
0.0
  0
TEXT
  5
11F1
330
17
100
AcDbEntity
  8
42-TABLO
100
AcDbText
 10
1717.1028037383178
 20
347.40000000000015
 30
0.0
 40
2.3
  1
Konu
  7
TRKB
 72
1
 11
1717.1028037383178
 21
347.40000000000015
 31
0.0
100
AcDbText
 73
2
  0
LINE
  5
11F2
330
17
100
AcDbEntity
  8
43-TABLO-CERCEVE
100
AcDbLine
 10
1759.2056074766356
 20
350.8000000000001
 30
0.0
 11
1759.2056074766356
 21
344.0000000000001
 31
0.0
  0
TEXT
  5
11F3
330
17
100
AcDbEntity
  8
42-TABLO
100
AcDbText
 10
1932.570093457944
 20
347.40000000000015
 30
0.0
 40
2.3
  1
Proje esasý / deðer
  7
TRKB
 72
1
 11
1932.570093457944
 21
347.40000000000015
 31
0.0
100
AcDbText
 73
2
  0
LINE
  5
11F4
330
17
100
AcDbEntity
  8
43-TABLO-CERCEVE
100
AcDbLine
 10
2105.934579439252
 20
350.8000000000001
 30
0.0
 11
2105.934579439252
 21
344.0000000000001
 31
0.0
  0
TEXT
  5
11F5
330
17
100
AcDbEntity
  8
42-TABLO
100
AcDbText
 10
2155.467289719626
 20
347.40000000000015
 30
0.0
 40
2.3
  1
Dayanak
  7
TRKB
 72
1
 11
2155.467289719626
 21
347.40000000000015
 31
0.0
100
AcDbText
 73
2
  0
LINE
  5
11F6
330
17
100
AcDbEntity
  8
43-TABLO-CERCEVE
100
AcDbLine
 10
2205.0
 20
350.8000000000001
 30
0.0
 11
2205.0
 21
344.0000000000001
 31
0.0
  0
TEXT
  5
11F7
330
17
100
AcDbEntity
  8
42-TABLO
100
AcDbText
 10
1676.2
 20
340.60000000000014
 30
0.0
 40
2.3
  1
Þebeke
  7
TRK
 11
1676.2
 21
340.60000000000014
 31
0.0
100
AcDbText
 73
2
  0
LINE
  5
11F8
330
17
100
AcDbEntity
  8
42-TABLO
100
AcDbLine
 10
1759.2056074766356
 20
344.0000000000001
 30
0.0
 11
1759.2056074766356
 21
337.2000000000001
 31
0.0
  0
TEXT
  5
11F9
330
17
100
AcDbEntity
  8
42-TABLO
100
AcDbText
 10
1760.4056074766354
 20
340.60000000000014
 30
0.0
 40
2.3
  1
34,5 kV OG (Um=36 kV), 3 faz 50 Hz + 0,4 kV AG, müþterek direk
  7
TRK
 11
1760.4056074766354
 21
340.60000000000014
 31
0.0
100
AcDbText
 73
2
  0
LINE
  5
11FA
330
17
100
AcDbEntity
  8
42-TABLO
100
AcDbLine
 10
2105.934579439252
 20
344.0000000000001
 30
0.0
 11
2105.934579439252
 21
337.2000000000001
 31
0.0
  0
TEXT
  5
11FB
330
17
100
AcDbEntity
  8
42-TABLO
100
AcDbText
 10
2107.1345794392523
 20
340.60000000000014
 30
0.0
 40
2.3
  1
Proje kabulü
  7
TRK
 11
2107.1345794392523
 21
340.60000000000014
 31
0.0
100
AcDbText
 73
2
  0
LINE
  5
11FC
330
17
100
AcDbEntity
  8
42-TABLO
100
AcDbLine
 10
2205.0
 20
344.0000000000001
 30
0.0
 11
2205.0
 21
337.2000000000001
 31
0.0
  0
LINE
  5
11FD
330
17
100
AcDbEntity
  8
42-TABLO
100
AcDbLine
 10
1675.0
 20
337.2000000000001
 30
0.0
 11
2205.0
 21
337.2000000000001
 31
0.0
  0
TEXT
  5
11FE
330
17
100
AcDbEntity
  8
42-TABLO
100
AcDbText
 10
1676.2
 20
333.8000000000001
 30
0.0
 40
2.3
  1
Buz yükü bölgesi
  7
TRK
 11
1676.2
 21
333.8000000000001
 31
0.0
100
AcDbText
 73
2
  0
LINE
  5
11FF
330
17
100
AcDbEntity
  8
42-TABLO
100
AcDbLine
 10
1759.2056074766356
 20
337.2000000000001
 30
0.0
 11
1759.2056074766356
 21
330.4000000000001
 31
0.0
  0
TEXT
  5
1200
330
17
100
AcDbEntity
  8
42-TABLO
100
AcDbText
 10
1760.4056074766354
 20
333.8000000000001
 30
0.0
 40
2.3
  1
III. bölge: Pb = 0,3·\U+221ad kg/m ; buz -5 °C ; tmin -25 °C ; tmax +40 °C
  7
TRK
 11
1760.4056074766354
 21
333.8000000000001
 31
0.0
100
AcDbText
 73
2
  0
LINE
  5
1201
330
17
100
AcDbEntity
  8
42-TABLO
100
AcDbLine
 10
2105.934579439252
 20
337.2000000000001
 30
0.0
 11
2105.934579439252
 21
330.4000000000001
 31
0.0
  0
TEXT
  5
1202
330
17
100
AcDbEntity
  8
42-TABLO
100
AcDbText
 10
2107.1345794392523
 20
333.8000000000001
 30
0.0
 40
2.3
  1
EKATY Md.45, Çz.9
  7
TRK
 11
2107.1345794392523
 21
333.8000000000001
 31
0.0
100
AcDbText
 73
2
  0
LINE
  5
1203
330
17
100
AcDbEntity
  8
42-TABLO
100
AcDbLine
 10
2205.0
 20
337.2000000000001
 30
0.0
 11
2205.0
 21
330.4000000000001
 31
0.0
  0
LINE
  5
1204
330
17
100
AcDbEntity
  8
42-TABLO
100
AcDbLine
 10
1675.0
 20
330.4000000000001
 30
0.0
 11
2205.0
 21
330.4000000000001
 31
0.0
  0
TEXT
  5
1205
330
17
100
AcDbEntity
  8
42-TABLO
100
AcDbText
 10
1676.2
 20
327.0000000000001
 30
0.0
 40
2.3
  1
Rüzgâr
  7
TRK
 11
1676.2
 21
327.0000000000001
 31
0.0
100
AcDbText
 73
2
  0
LINE
  5
1206
330
17
100
AcDbEntity
  8
42-TABLO
100
AcDbLine
 10
1759.2056074766356
 20
330.4000000000001
 30
0.0
 11
1759.2056074766356
 21
323.6000000000001
 31
0.0
  0
TEXT
  5
1207
330
17
100
AcDbEntity
  8
42-TABLO
100
AcDbText
 10
1760.4056074766354
 20
327.0000000000001
 30
0.0
 40
2.3
  1
Ýletken p=44 kg/m² (c=1,1 Pigeon; 1,0 AER) ; direk/travers p=55 kg/m², kafes c=2,8
  7
TRK
 11
1760.4056074766354
 21
327.0000000000001
 31
0.0
100
AcDbText
 73
2
  0
LINE
  5
1208
330
17
100
AcDbEntity
  8
42-TABLO
100
AcDbLine
 10
2105.934579439252
 20
330.4000000000001
 30
0.0
 11
2105.934579439252
 21
323.6000000000001
 31
0.0
  0
TEXT
  5
1209
330
17
100
AcDbEntity
  8
42-TABLO
100
AcDbText
 10
2107.1345794392523
 20
327.0000000000001
 30
0.0
 40
2.3
  1
EKATY Md.48, Çz.10-11
  7
TRK
 11
2107.1345794392523
 21
327.0000000000001
 31
0.0
100
AcDbText
 73
2
  0
LINE
  5
120A
330
17
100
AcDbEntity
  8
42-TABLO
100
AcDbLine
 10
2205.0
 20
330.4000000000001
 30
0.0
 11
2205.0
 21
323.6000000000001
 31
0.0
  0
LINE
  5
120B
330
17
100
AcDbEntity
  8
42-TABLO
100
AcDbLine
 10
1675.0
 20
323.6000000000001
 30
0.0
 11
2205.0
 21
323.6000000000001
 31
0.0
  0
TEXT
  5
120C
330
17
100
AcDbEntity
  8
42-TABLO
100
AcDbText
 10
1676.2
 20
320.2000000000001
 30
0.0
 40
2.3
  1
OG iletken
  7
TRK
 11
1676.2
 21
320.2000000000001
 31
0.0
100
AcDbText
 73
2
  0
LINE
  5
120D
330
17
100
AcDbEntity
  8
42-TABLO
100
AcDbLine
 10
1759.2056074766356
 20
323.6000000000001
 30
0.0
 11
1759.2056074766356
 21
316.80000000000007
 31
0.0
  0
TEXT
  5
120E
330
17
100
AcDbEntity
  8
42-TABLO
100
AcDbText
 10
1760.4056074766354
 20
320.2000000000001
 30
0.0
 40
2.3
  1
3/0 AWG Pigeon ACSR 6/1 - \U+03c3max 5,0 kg/mm² (Tmax 496,5 kg = %16,6 kopma)
  7
TRK
 11
1760.4056074766354
 21
320.2000000000001
 31
0.0
100
AcDbText
 73
2
  0
LINE
  5
120F
330
17
100
AcDbEntity
  8
42-TABLO
100
AcDbLine
 10
2105.934579439252
 20
323.6000000000001
 30
0.0
 11
2105.934579439252
 21
316.80000000000007
 31
0.0
  0
TEXT
  5
1210
330
17
100
AcDbEntity
  8
42-TABLO
100
AcDbText
 10
2107.1345794392523
 20
320.2000000000001
 30
0.0
 40
2.3
  1
EKATY Md.46 (\U+2264%45)
  7
TRK
 11
2107.1345794392523
 21
320.2000000000001
 31
0.0
100
AcDbText
 73
2
  0
LINE
  5
1211
330
17
100
AcDbEntity
  8
42-TABLO
100
AcDbLine
 10
2205.0
 20
323.6000000000001
 30
0.0
 11
2205.0
 21
316.80000000000007
 31
0.0
  0
LINE
  5
1212
330
17
100
AcDbEntity
  8
42-TABLO
100
AcDbLine
 10
1675.0
 20
316.80000000000007
 30
0.0
 11
2205.0
 21
316.80000000000007
 31
0.0
  0
TEXT
  5
1213
330
17
100
AcDbEntity
  8
42-TABLO
100
AcDbText
 10
1676.2
 20
313.4000000000001
 30
0.0
 40
2.3
  1
AG kablo
  7
TRK
 11
1676.2
 21
313.4000000000001
 31
0.0
100
AcDbText
 73
2
  0
LINE
  5
1214
330
17
100
AcDbEntity
  8
42-TABLO
100
AcDbLine
 10
1759.2056074766356
 20
316.80000000000007
 30
0.0
 11
1759.2056074766356
 21
310.00000000000006
 31
0.0
  0
TEXT
  5
1215
330
17
100
AcDbEntity
  8
42-TABLO
100
AcDbText
 10
1760.4056074766354
 20
313.4000000000001
 30
0.0
 40
2.3
  1
AER (Alpek) 3x95+70 mm² - Tmax 650 kg (taþýyýcý nötr, %31 kopma)
  7
TRK
 11
1760.4056074766354
 21
313.4000000000001
 31
0.0
100
AcDbText
 73
2
  0
LINE
  5
1216
330
17
100
AcDbEntity
  8
42-TABLO
100
AcDbLine
 10
2105.934579439252
 20
316.80000000000007
 30
0.0
 11
2105.934579439252
 21
310.00000000000006
 31
0.0
  0
TEXT
  5
1217
330
17
100
AcDbEntity
  8
42-TABLO
100
AcDbText
 10
2107.1345794392523
 20
313.4000000000001
 30
0.0
 40
2.3
  1
TS 11654 / TEDAÞ
  7
TRK
 11
2107.1345794392523
 21
313.4000000000001
 31
0.0
100
AcDbText
 73
2
  0
LINE
  5
1218
330
17
100
AcDbEntity
  8
42-TABLO
100
AcDbLine
 10
2205.0
 20
316.80000000000007
 30
0.0
 11
2205.0
 21
310.00000000000006
 31
0.0
  0
LINE
  5
1219
330
17
100
AcDbEntity
  8
42-TABLO
100
AcDbLine
 10
1675.0
 20
310.00000000000006
 30
0.0
 11
2205.0
 21
310.00000000000006
 31
0.0
  0
TEXT
  5
121A
330
17
100
AcDbEntity
  8
42-TABLO
100
AcDbText
 10
1676.2
 20
306.6000000000001
 30
0.0
 40
2.3
  1
Ýzolatörler
  7
TRK
 11
1676.2
 21
306.6000000000001
 31
0.0
100
AcDbText
 73
2
  0
LINE
  5
121B
330
17
100
AcDbEntity
  8
42-TABLO
100
AcDbLine
 10
1759.2056074766356
 20
310.00000000000006
 30
0.0
 11
1759.2056074766356
 21
303.20000000000005
 31
0.0
  0
TEXT
  5
121C
330
17
100
AcDbEntity
  8
42-TABLO
100
AcDbText
 10
1760.4056074766354
 20
306.6000000000001
 30
0.0
 40
2.3
  1
36 kV silikon kompozit: gergi 70 kN (durdurucu/köþe/nihayet), mesnet line-post (taþýyýcý)
  7
TRK
 11
1760.4056074766354
 21
306.6000000000001
 31
0.0
100
AcDbText
 73
2
  0
LINE
  5
121D
330
17
100
AcDbEntity
  8
42-TABLO
100
AcDbLine
 10
2105.934579439252
 20
310.00000000000006
 30
0.0
 11
2105.934579439252
 21
303.20000000000005
 31
0.0
  0
TEXT
  5
121E
330
17
100
AcDbEntity
  8
42-TABLO
100
AcDbText
 10
2107.1345794392523
 20
306.6000000000001
 30
0.0
 40
2.3
  1
TEDAÞ þartnamesi
  7
TRK
 11
2107.1345794392523
 21
306.6000000000001
 31
0.0
100
AcDbText
 73
2
  0
LINE
  5
121F
330
17
100
AcDbEntity
  8
42-TABLO
100
AcDbLine
 10
2205.0
 20
310.00000000000006
 30
0.0
 11
2205.0
 21
303.20000000000005
 31
0.0
  0
LINE
  5
1220
330
17
100
AcDbEntity
  8
42-TABLO
100
AcDbLine
 10
1675.0
 20
303.20000000000005
 30
0.0
 11
2205.0
 21
303.20000000000005
 31
0.0
  0
TEXT
  5
1221
330
17
100
AcDbEntity
  8
42-TABLO
100
AcDbText
 10
1676.2
 20
299.80000000000007
 30
0.0
 40
2.3
  1
Ayýrýcý
  7
TRK
 11
1676.2
 21
299.80000000000007
 31
0.0
100
AcDbText
 73
2
  0
LINE
  5
1222
330
17
100
AcDbEntity
  8
42-TABLO
100
AcDbLine
 10
1759.2056074766356
 20
303.20000000000005
 30
0.0
 11
1759.2056074766356
 21
296.40000000000003
 31
0.0
  0
TEXT
  5
1223
330
17
100
AcDbEntity
  8
42-TABLO
100
AcDbText
 10
1760.4056074766354
 20
299.80000000000007
 30
0.0
 40
2.3
  1
D1: 36 kV 630 A harici tip 3 kutuplu, silikon izolatörlü, kilitli kumanda
  7
TRK
 11
1760.4056074766354
 21
299.80000000000007
 31
0.0
100
AcDbText
 73
2
  0
LINE
  5
1224
330
17
100
AcDbEntity
  8
42-TABLO
100
AcDbLine
 10
2105.934579439252
 20
303.20000000000005
 30
0.0
 11
2105.934579439252
 21
296.40000000000003
 31
0.0
  0
TEXT
  5
1225
330
17
100
AcDbEntity
  8
42-TABLO
100
AcDbText
 10
2107.1345794392523
 20
299.80000000000007
 30
0.0
 40
2.3
  1
TEDAÞ þartnamesi
  7
TRK
 11
2107.1345794392523
 21
299.80000000000007
 31
0.0
100
AcDbText
 73
2
  0
LINE
  5
1226
330
17
100
AcDbEntity
  8
42-TABLO
100
AcDbLine
 10
2205.0
 20
303.20000000000005
 30
0.0
 11
2205.0
 21
296.40000000000003
 31
0.0
  0
LINE
  5
1227
330
17
100
AcDbEntity
  8
42-TABLO
100
AcDbLine
 10
1675.0
 20
296.40000000000003
 30
0.0
 11
2205.0
 21
296.40000000000003
 31
0.0
  0
TEXT
  5
1228
330
17
100
AcDbEntity
  8
42-TABLO
100
AcDbText
 10
1676.2
 20
293.00000000000006
 30
0.0
 40
2.3
  1
Direkler
  7
TRK
 11
1676.2
 21
293.00000000000006
 31
0.0
100
AcDbText
 73
2
  0
LINE
  5
1229
330
17
100
AcDbEntity
  8
42-TABLO
100
AcDbLine
 10
1759.2056074766356
 20
296.40000000000003
 30
0.0
 11
1759.2056074766356
 21
289.6
 31
0.0
  0
TEXT
  5
122A
330
17
100
AcDbEntity
  8
42-TABLO
100
AcDbText
 10
1760.4056074766354
 20
293.00000000000006
 30
0.0
 40
2.3
  1
TEDAÞ müþterek galvanizli kafes demir direk (a=50 m, ''), III. bölge, toprak üstü 9,73 m
  7
TRK
 11
1760.4056074766354
 21
293.00000000000006
 31
0.0
100
AcDbText
 73
2
  0
LINE
  5
122B
330
17
100
AcDbEntity
  8
42-TABLO
100
AcDbLine
 10
2105.934579439252
 20
296.40000000000003
 30
0.0
 11
2105.934579439252
 21
289.6
 31
0.0
  0
TEXT
  5
122C
330
17
100
AcDbEntity
  8
42-TABLO
100
AcDbText
 10
2107.1345794392523
 20
293.00000000000006
 30
0.0
 40
2.3
  1
TEDAÞ tip direk
  7
TRK
 11
2107.1345794392523
 21
293.00000000000006
 31
0.0
100
AcDbText
 73
2
  0
LINE
  5
122D
330
17
100
AcDbEntity
  8
42-TABLO
100
AcDbLine
 10
2205.0
 20
296.40000000000003
 30
0.0
 11
2205.0
 21
289.6
 31
0.0
  0
LINE
  5
122E
330
17
100
AcDbEntity
  8
42-TABLO
100
AcDbLine
 10
1675.0
 20
289.6
 30
0.0
 11
2205.0
 21
289.6
 31
0.0
  0
TEXT
  5
122F
330
17
100
AcDbEntity
  8
42-TABLO
100
AcDbText
 10
1676.2
 20
286.20000000000005
 30
0.0
 40
2.3
  1
Açýklýklar
  7
TRK
 11
1676.2
 21
286.20000000000005
 31
0.0
100
AcDbText
 73
2
  0
LINE
  5
1230
330
17
100
AcDbEntity
  8
42-TABLO
100
AcDbLine
 10
1759.2056074766356
 20
289.6
 30
0.0
 11
1759.2056074766356
 21
282.8
 31
0.0
  0
TEXT
  5
1231
330
17
100
AcDbEntity
  8
42-TABLO
100
AcDbText
 10
1760.4056074766354
 20
286.20000000000005
 30
0.0
 40
2.3
  1
35 (M-D1) + 45 + 50 + 50 + 50 + 45 m ; küçük aralýklý hat (\U+2264 50 m)
  7
TRK
 11
1760.4056074766354
 21
286.20000000000005
 31
0.0
100
AcDbText
 73
2
  0
LINE
  5
1232
330
17
100
AcDbEntity
  8
42-TABLO
100
AcDbLine
 10
2105.934579439252
 20
289.6
 30
0.0
 11
2105.934579439252
 21
282.8
 31
0.0
  0
TEXT
  5
1233
330
17
100
AcDbEntity
  8
42-TABLO
100
AcDbText
 10
2107.1345794392523
 20
286.20000000000005
 30
0.0
 40
2.3
  1
EKATY Md.3
  7
TRK
 11
2107.1345794392523
 21
286.20000000000005
 31
0.0
100
AcDbText
 73
2
  0
LINE
  5
1234
330
17
100
AcDbEntity
  8
42-TABLO
100
AcDbLine
 10
2205.0
 20
289.6
 30
0.0
 11
2205.0
 21
282.8
 31
0.0
  0
LINE
  5
1235
330
17
100
AcDbEntity
  8
42-TABLO
100
AcDbLine
 10
1675.0
 20
282.8
 30
0.0
 11
2205.0
 21
282.8
 31
0.0
  0
TEXT
  5
1236
330
17
100
AcDbEntity
  8
42-TABLO
100
AcDbText
 10
1676.2
 20
279.40000000000003
 30
0.0
 40
2.3
  1
Yerden yükseklik
  7
TRK
 11
1676.2
 21
279.40000000000003
 31
0.0
100
AcDbText
 73
2
  0
LINE
  5
1237
330
17
100
AcDbEntity
  8
42-TABLO
100
AcDbLine
 10
1759.2056074766356
 20
282.8
 30
0.0
 11
1759.2056074766356
 21
276.0
 31
0.0
  0
TEXT
  5
1238
330
17
100
AcDbEntity
  8
42-TABLO
100
AcDbText
 10
1760.4056074766354
 20
279.40000000000003
 30
0.0
 40
2.3
  1
OG \U+2265 7,0 m (köy/þehir içi yol) ; AG yalýtýlmýþ \U+2265 5,0 m ; OG-AG direkte \U+2265 1,50 m
  7
TRK
 11
1760.4056074766354
 21
279.40000000000003
 31
0.0
100
AcDbText
 73
2
  0
LINE
  5
1239
330
17
100
AcDbEntity
  8
42-TABLO
100
AcDbLine
 10
2105.934579439252
 20
282.8
 30
0.0
 11
2105.934579439252
 21
276.0
 31
0.0
  0
TEXT
  5
123A
330
17
100
AcDbEntity
  8
42-TABLO
100
AcDbText
 10
2107.1345794392523
 20
279.40000000000003
 30
0.0
 40
2.3
  1
EKATY Çz.8, 44-d
  7
TRK
 11
2107.1345794392523
 21
279.40000000000003
 31
0.0
100
AcDbText
 73
2
  0
LINE
  5
123B
330
17
100
AcDbEntity
  8
42-TABLO
100
AcDbLine
 10
2205.0
 20
282.8
 30
0.0
 11
2205.0
 21
276.0
 31
0.0
  0
LINE
  5
123C
330
17
100
AcDbEntity
  8
42-TABLO
100
AcDbLine
 10
1675.0
 20
276.0
 30
0.0
 11
2205.0
 21
276.0
 31
0.0
  0
TEXT
  5
123D
330
17
100
AcDbEntity
  8
42-TABLO
100
AcDbText
 10
1676.2
 20
272.6
 30
0.0
 40
2.3
  1
Temel
  7
TRK
 11
1676.2
 21
272.6
 31
0.0
100
AcDbText
 73
2
  0
LINE
  5
123E
330
17
100
AcDbEntity
  8
42-TABLO
100
AcDbLine
 10
1759.2056074766356
 20
276.0
 30
0.0
 11
1759.2056074766356
 21
269.2
 31
0.0
  0
TEXT
  5
123F
330
17
100
AcDbEntity
  8
42-TABLO
100
AcDbText
 10
1760.4056074766354
 20
272.6
 30
0.0
 40
2.3
  1
Monoblok C20/25, Sulzberger kontrolü, C(2m) = 8 kg/cm³ kabulü
  7
TRK
 11
1760.4056074766354
 21
272.6
 31
0.0
100
AcDbText
 73
2
  0
LINE
  5
1240
330
17
100
AcDbEntity
  8
42-TABLO
100
AcDbLine
 10
2105.934579439252
 20
276.0
 30
0.0
 11
2105.934579439252
 21
269.2
 31
0.0
  0
TEXT
  5
1241
330
17
100
AcDbEntity
  8
42-TABLO
100
AcDbText
 10
2107.1345794392523
 20
272.6
 30
0.0
 40
2.3
  1
EKATY Md.56
  7
TRK
 11
2107.1345794392523
 21
272.6
 31
0.0
100
AcDbText
 73
2
  0
LINE
  5
1242
330
17
100
AcDbEntity
  8
42-TABLO
100
AcDbLine
 10
2205.0
 20
276.0
 30
0.0
 11
2205.0
 21
269.2
 31
0.0
  0
LINE
  5
1243
330
17
100
AcDbEntity
  8
42-TABLO
100
AcDbLine
 10
1675.0
 20
269.2
 30
0.0
 11
2205.0
 21
269.2
 31
0.0
  0
TEXT
  5
1244
330
17
100
AcDbEntity
  8
42-TABLO
100
AcDbText
 10
1676.2
 20
265.8
 30
0.0
 40
2.3
  1
Topraklama
  7
TRK
 11
1676.2
 21
265.8
 31
0.0
100
AcDbText
 73
2
  0
LINE
  5
1245
330
17
100
AcDbEntity
  8
42-TABLO
100
AcDbLine
 10
1759.2056074766356
 20
269.2
 30
0.0
 11
1759.2056074766356
 21
262.4
 31
0.0
  0
TEXT
  5
1246
330
17
100
AcDbEntity
  8
42-TABLO
100
AcDbText
 10
1760.4056074766354
 20
265.8
 30
0.0
 40
2.3
  1
Koruma topraklamasý her direkte; D1 halka + 4 çubuk; AG nötr D2-D6
  7
TRK
 11
1760.4056074766354
 21
265.8
 31
0.0
100
AcDbText
 73
2
  0
LINE
  5
1247
330
17
100
AcDbEntity
  8
42-TABLO
100
AcDbLine
 10
2105.934579439252
 20
269.2
 30
0.0
 11
2105.934579439252
 21
262.4
 31
0.0
  0
TEXT
  5
1248
330
17
100
AcDbEntity
  8
42-TABLO
100
AcDbText
 10
2107.1345794392523
 20
265.8
 30
0.0
 40
2.3
  1
Topraklamalar Yönetmeliði
  7
TRK
 11
2107.1345794392523
 21
265.8
 31
0.0
100
AcDbText
 73
2
  0
LINE
  5
1249
330
17
100
AcDbEntity
  8
42-TABLO
100
AcDbLine
 10
2205.0
 20
269.2
 30
0.0
 11
2205.0
 21
262.4
 31
0.0
  0
LINE
  5
124A
330
17
100
AcDbEntity
  8
42-TABLO
100
AcDbLine
 10
1675.0
 20
262.4
 30
0.0
 11
2205.0
 21
262.4
 31
0.0
  0
LINE
  5
124B
330
17
100
AcDbEntity
  8
43-TABLO-CERCEVE
100
AcDbLine
 10
1675.0
 20
350.8000000000001
 30
0.0
 11
1675.0
 21
262.4
 31
0.0
  0
LINE
  5
124C
330
17
100
AcDbEntity
  8
43-TABLO-CERCEVE
100
AcDbLine
 10
2205.0
 20
350.8000000000001
 30
0.0
 11
2205.0
 21
262.4
 31
0.0
  0
LINE
  5
124D
330
17
100
AcDbEntity
  8
43-TABLO-CERCEVE
100
AcDbLine
 10
1675.0
 20
262.4
 30
0.0
 11
2205.0
 21
262.4
 31
0.0
  0
ENDSEC
  0
SECTION
  2
OBJECTS
  0
DICTIONARY
  5
A
330
0
100
AcDbDictionary
281
1
  3
ACAD_COLOR
350
B
  3
ACAD_GROUP
350
C
  3
ACAD_LAYOUT
350
D
  3
ACAD_MATERIAL
350
E
  3
ACAD_MLEADERSTYLE
350
F
  3
ACAD_MLINESTYLE
350
10
  3
ACAD_PLOTSETTINGS
350
11
  3
ACAD_PLOTSTYLENAME
350
12
  3
ACAD_SCALELIST
350
14
  3
ACAD_TABLESTYLE
350
15
  3
ACAD_VISUALSTYLE
350
16
  3
EZDXF_META
350
2D
  0
DICTIONARY
  5
B
330
A
100
AcDbDictionary
281
1
  0
DICTIONARY
  5
C
330
A
100
AcDbDictionary
281
1
  0
DICTIONARY
  5
D
330
A
100
AcDbDictionary
281
1
  3
Model
350
1A
  3
Layout1
350
1E
  0
DICTIONARY
  5
E
330
A
100
AcDbDictionary
281
1
  3
ByBlock
350
1F
  3
ByLayer
350
20
  3
Global
350
21
  0
DICTIONARY
  5
F
330
A
100
AcDbDictionary
281
1
  3
Standard
350
2C
  0
DICTIONARY
  5
10
330
A
100
AcDbDictionary
281
1
  3
Standard
350
22
  0
DICTIONARY
  5
11
330
A
100
AcDbDictionary
281
1
  0
ACDBDICTIONARYWDFLT
  5
12
330
A
100
AcDbDictionary
281
1
  3
Normal
350
13
100
AcDbDictionaryWithDefault
340
13
  0
ACDBPLACEHOLDER
  5
13
330
12
  0
DICTIONARY
  5
14
330
A
100
AcDbDictionary
281
1
  0
DICTIONARY
  5
15
330
A
100
AcDbDictionary
281
1
  0
DICTIONARY
  5
16
330
A
100
AcDbDictionary
281
1
  3
2dWireframe
350
5A
  3
Basic
350
5B
  3
Brighten
350
5C
  3
ColorChange
350
5D
  3
Conceptual
350
5E
  3
Dim
350
5F
  3
EdgeColorOff
350
60
  3
Facepattern
350
61
  3
Flat
350
62
  3
FlatWithEdges
350
63
  3
Gouraud
350
64
  3
GouraudWithEdges
350
65
  3
Hidden
350
66
  3
JitterOff
350
67
  3
Linepattern
350
68
  3
Modeling
350
69
  3
OverhangOff
350
6A
  3
Realistic
350
6B
  3
Shaded
350
6C
  3
Shaded with edges
350
6D
  3
Shades of Gray
350
6E
  3
Sketchy
350
6F
  3
Thicken
350
70
  3
Wireframe
350
71
  3
X-Ray
350
72
  0
LAYOUT
  5
1A
330
D
100
AcDbPlotSettings
  1

  4
A3
  6

 40
7.5
 41
20.0
 42
7.5
 43
20.0
 44
420.0
 45
297.0
 46
0.0
 47
0.0
 48
0.0
 49
0.0
140
0.0
141
0.0
142
1.0
143
1.0
 70
1024
 72
1
 73
0
 74
5
  7

 75
16
 76
0
 77
2
 78
300
147
1.0
148
0.0
149
0.0
100
AcDbLayout
  1
Model
 70
1
 71
0
 10
0.0
 20
0.0
 11
420.0
 21
297.0
 12
0.0
 22
0.0
 32
0.0
 14
1e+20
 24
1e+20
 34
1e+20
 15
-1e+20
 25
-1e+20
 35
-1e+20
146
0.0
 13
0.0
 23
0.0
 33
0.0
 16
1.0
 26
0.0
 36
0.0
 17
0.0
 27
1.0
 37
0.0
 76
1
330
17
  0
LAYOUT
  5
1E
330
D
100
AcDbPlotSettings
  1

  4
A3
  6

 40
7.5
 41
20.0
 42
7.5
 43
20.0
 44
420.0
 45
297.0
 46
0.0
 47
0.0
 48
0.0
 49
0.0
140
0.0
141
0.0
142
1.0
143
1.0
 70
0
 72
1
 73
0
 74
5
  7

 75
16
 76
0
 77
2
 78
300
147
1.0
148
0.0
149
0.0
100
AcDbLayout
  1
Layout1
 70
1
 71
1
 10
0.0
 20
0.0
 11
420.0
 21
297.0
 12
0.0
 22
0.0
 32
0.0
 14
1e+20
 24
1e+20
 34
1e+20
 15
-1e+20
 25
-1e+20
 35
-1e+20
146
0.0
 13
0.0
 23
0.0
 33
0.0
 16
1.0
 26
0.0
 36
0.0
 17
0.0
 27
1.0
 37
0.0
 76
1
330
1B
  0
MATERIAL
  5
1F
102
{ACAD_REACTORS
330
E
102
}
330
E
100
AcDbMaterial
  1
ByBlock
  2

 70
0
 40
1.0
 71
1
 41
1.0
 91
-1023410177
 42
1.0
 72
1
  3

 73
1
 74
1
 75
1
 44
0.5
 73
0
 45
1.0
 46
1.0
 77
1
  4

 78
1
 79
1
170
1
 48
1.0
171
1
  6

172
1
173
1
174
1
140
1.0
141
1.0
175
1
  7

176
1
177
1
178
1
143
1.0
179
1
  8

270
1
271
1
272
1
145
1.0
146
1.0
273
1
  9

274
1
275
1
276
1
 42
1.0
 72
1
  3

 73
1
 74
1
 75
1
 94
63
  0
MATERIAL
  5
20
102
{ACAD_REACTORS
330
E
102
}
330
E
100
AcDbMaterial
  1
ByLayer
  2

 70
0
 40
1.0
 71
1
 41
1.0
 91
-1023410177
 42
1.0
 72
1
  3

 73
1
 74
1
 75
1
 44
0.5
 73
0
 45
1.0
 46
1.0
 77
1
  4

 78
1
 79
1
170
1
 48
1.0
171
1
  6

172
1
173
1
174
1
140
1.0
141
1.0
175
1
  7

176
1
177
1
178
1
143
1.0
179
1
  8

270
1
271
1
272
1
145
1.0
146
1.0
273
1
  9

274
1
275
1
276
1
 42
1.0
 72
1
  3

 73
1
 74
1
 75
1
 94
63
  0
MATERIAL
  5
21
102
{ACAD_REACTORS
330
E
102
}
330
E
100
AcDbMaterial
  1
Global
  2

 70
0
 40
1.0
 71
1
 41
1.0
 91
-1023410177
 42
1.0
 72
1
  3

 73
1
 74
1
 75
1
 44
0.5
 73
0
 45
1.0
 46
1.0
 77
1
  4

 78
1
 79
1
170
1
 48
1.0
171
1
  6

172
1
173
1
174
1
140
1.0
141
1.0
175
1
  7

176
1
177
1
178
1
143
1.0
179
1
  8

270
1
271
1
272
1
145
1.0
146
1.0
273
1
  9

274
1
275
1
276
1
 42
1.0
 72
1
  3

 73
1
 74
1
 75
1
 94
63
  0
MLINESTYLE
  5
22
102
{ACAD_REACTORS
330
10
102
}
330
10
100
AcDbMlineStyle
  2
Standard
 70
0
  3

 62
256
 51
90.0
 52
90.0
 71
2
 49
0.5
 62
256
  6
BYLAYER
 49
-0.5
 62
256
  6
BYLAYER
  0
MLEADERSTYLE
  5
2C
102
{ACAD_REACTORS
330
F
102
}
330
F
100
AcDbMLeaderStyle
179
2
170
2
171
1
172
0
 90
2
 40
0.0
 41
0.0
173
1
 91
-1056964608
 92
-2
290
1
 42
2.0
291
1
 43
8.0
  3
Standard
 44
4.0
300

342
29
174
1
175
1
176
0
178
1
 93
-1056964608
 45
4.0
292
0
297
0
 46
4.0
 94
-1056964608
 47
1.0
 49
1.0
140
1.0
294
1
141
0.0
177
0
142
1.0
295
0
296
0
143
3.75
271
0
272
9
273
9
  0
DICTIONARY
  5
2D
330
A
100
AcDbDictionary
280
1
281
1
  3
CREATED_BY_EZDXF
350
2E
  3
WRITTEN_BY_EZDXF
350
1250
  0
DICTIONARYVAR
  5
2E
330
2D
100
DictionaryVariables
280
0
  1
1.4.4 @ 2026-10-09T22:17:53.800252+00:00
  0
VISUALSTYLE
  5
5A
102
{ACAD_REACTORS
330
16
102
}
330
16
100
AcDbVisualStyle
  2
2dWireframe
 70
4
 90
0
 40
0.6
 62
7
290
0
291
0
  0
VISUALSTYLE
  5
5B
102
{ACAD_REACTORS
330
16
102
}
330
16
100
AcDbVisualStyle
  2
Basic
 70
7
 90
1
 40
0.6
 62
7
290
0
291
1
  0
VISUALSTYLE
  5
5C
102
{ACAD_REACTORS
330
16
102
}
330
16
100
AcDbVisualStyle
  2
Brighten
 70
12
 90
2
 40
0.6
 62
7
290
0
291
1
  0
VISUALSTYLE
  5
5D
102
{ACAD_REACTORS
330
16
102
}
330
16
100
AcDbVisualStyle
  2
ColorChange
 70
16
 90
2
 40
0.6
 62
8
290
0
291
1
  0
VISUALSTYLE
  5
5E
102
{ACAD_REACTORS
330
16
102
}
330
16
100
AcDbVisualStyle
  2
Conceptual
 70
9
 90
3
 40
0.6
 62
7
290
0
291
0
  0
VISUALSTYLE
  5
5F
102
{ACAD_REACTORS
330
16
102
}
330
16
100
AcDbVisualStyle
  2
Dim
 70
11
 90
2
 40
0.6
 62
7
290
0
291
1
  0
VISUALSTYLE
  5
60
102
{ACAD_REACTORS
330
16
102
}
330
16
100
AcDbVisualStyle
  2
EdgeColorOff
 70
22
 90
2
 40
0.6
 62
7
290
0
291
1
  0
VISUALSTYLE
  5
61
102
{ACAD_REACTORS
330
16
102
}
330
16
100
AcDbVisualStyle
  2
Facepattern
 70
15
 90
2
 40
0.6
 62
7
290
0
291
1
  0
VISUALSTYLE
  5
62
102
{ACAD_REACTORS
330
16
102
}
330
16
100
AcDbVisualStyle
  2
Flat
 70
0
 90
2
 40
0.6
 62
7
290
0
291
1
  0
VISUALSTYLE
  5
63
102
{ACAD_REACTORS
330
16
102
}
330
16
100
AcDbVisualStyle
  2
FlatWithEdges
 70
1
 90
2
 40
0.6
 62
7
290
0
291
1
  0
VISUALSTYLE
  5
64
102
{ACAD_REACTORS
330
16
102
}
330
16
100
AcDbVisualStyle
  2
Gouraud
 70
2
 90
2
 40
0.6
 62
7
290
0
291
1
  0
VISUALSTYLE
  5
65
102
{ACAD_REACTORS
330
16
102
}
330
16
100
AcDbVisualStyle
  2
GouraudWithEdges
 70
3
 90
2
 40
0.6
 62
7
290
0
291
1
  0
VISUALSTYLE
  5
66
102
{ACAD_REACTORS
330
16
102
}
330
16
100
AcDbVisualStyle
  2
Hidden
 70
6
 90
1
 40
0.6
 62
7
290
0
291
0
  0
VISUALSTYLE
  5
67
102
{ACAD_REACTORS
330
16
102
}
330
16
100
AcDbVisualStyle
  2
JitterOff
 70
20
 90
2
 40
0.6
 62
7
290
0
291
1
  0
VISUALSTYLE
  5
68
102
{ACAD_REACTORS
330
16
102
}
330
16
100
AcDbVisualStyle
  2
Linepattern
 70
14
 90
2
 40
0.6
 62
7
290
0
291
1
  0
VISUALSTYLE
  5
69
102
{ACAD_REACTORS
330
16
102
}
330
16
100
AcDbVisualStyle
  2
Modeling
 70
10
 90
2
 40
0.6
 62
7
290
0
291
0
  0
VISUALSTYLE
  5
6A
102
{ACAD_REACTORS
330
16
102
}
330
16
100
AcDbVisualStyle
  2
OverhangOff
 70
21
 90
2
 40
0.6
 62
7
290
0
291
1
  0
VISUALSTYLE
  5
6B
102
{ACAD_REACTORS
330
16
102
}
330
16
100
AcDbVisualStyle
  2
Realistic
 70
8
 90
2
 40
0.6
 62
7
290
0
291
0
  0
VISUALSTYLE
  5
6C
102
{ACAD_REACTORS
330
16
102
}
330
16
100
AcDbVisualStyle
  2
Shaded
 70
27
 90
2
 40
0.6
 62
7
290
0
291
0
  0
VISUALSTYLE
  5
6D
102
{ACAD_REACTORS
330
16
102
}
330
16
100
AcDbVisualStyle
  2
Shaded with edges
 70
26
 90
2
 40
0.6
 62
7
290
0
291
0
  0
VISUALSTYLE
  5
6E
102
{ACAD_REACTORS
330
16
102
}
330
16
100
AcDbVisualStyle
  2
Shades of Gray
 70
23
 90
2
 40
0.6
 62
7
290
0
291
0
  0
VISUALSTYLE
  5
6F
102
{ACAD_REACTORS
330
16
102
}
330
16
100
AcDbVisualStyle
  2
Sketchy
 70
24
 90
1
 40
0.6
 62
7
290
0
291
0
  0
VISUALSTYLE
  5
70
102
{ACAD_REACTORS
330
16
102
}
330
16
100
AcDbVisualStyle
  2
Thicken
 70
13
 90
2
 40
0.6
 62
7
290
0
291
1
  0
VISUALSTYLE
  5
71
102
{ACAD_REACTORS
330
16
102
}
330
16
100
AcDbVisualStyle
  2
Wireframe
 70
5
 90
0
 40
0.6
 62
7
290
0
291
0
  0
VISUALSTYLE
  5
72
102
{ACAD_REACTORS
330
16
102
}
330
16
100
AcDbVisualStyle
  2
X-Ray
 70
25
 90
2
 40
0.5
 62
7
290
0
291
0
  0
DICTIONARYVAR
  5
1250
330
2D
100
DictionaryVariables
280
0
  1
1.4.4 @ 2026-10-09T22:17:53.959790+00:00
  0
ENDSEC
  0
EOF
